127.000000 	 -101.000000 	 53.000000 	 8.000000 	 175.000000 	 197.000000 	 1044.000000 	 98.000000 	 923.000000 	 9.000000 	 40.000000 	 15.000000 	 42.000000 	 12:39:37.026 p. m. 22/12/2019 
112.000000 	 -63.000000 	 123.000000 	 -23.000000 	 79.000000 	 160.000000 	 112.000000 	 123.000000 	 169.000000 	 9.000000 	 57.000000 	 10.000000 	 33.000000 	 12:39:37.085 p. m. 22/12/2019 
-1.000000 	 -72.000000 	 96.000000 	 85.000000 	 247.000000 	 56.000000 	 512.000000 	 127.000000 	 1310.000000 	 33.000000 	 79.000000 	 49.000000 	 29.000000 	 12:39:37.146 p. m. 22/12/2019 
131.000000 	 -83.000000 	 62.000000 	 43.000000 	 141.000000 	 155.000000 	 245.000000 	 128.000000 	 91.000000 	 94.000000 	 57.000000 	 1.000000 	 3.000000 	 12:39:37.206 p. m. 22/12/2019 
98.000000 	 94.000000 	 58.000000 	 140.000000 	 84.000000 	 116.000000 	 30.000000 	 -77.000000 	 1222.000000 	 66.000000 	 49.000000 	 24.000000 	 1.000000 	 12:39:37.265 p. m. 22/12/2019 
33.000000 	 27.000000 	 18.000000 	 78.000000 	 43.000000 	 13.000000 	 481.000000 	 -65.000000 	 13.000000 	 65.000000 	 14.000000 	 13.000000 	 36.000000 	 12:39:37.319 p. m. 22/12/2019 
95.000000 	 119.000000 	 95.000000 	 -56.000000 	 234.000000 	 106.000000 	 17.000000 	 95.000000 	 105.000000 	 4.000000 	 51.000000 	 48.000000 	 38.000000 	 12:39:37.381 p. m. 22/12/2019 
-17.000000 	 -145.000000 	 12.000000 	 102.000000 	 131.000000 	 16.000000 	 837.000000 	 -142.000000 	 144.000000 	 1.000000 	 97.000000 	 21.000000 	 28.000000 	 12:39:37.441 p. m. 22/12/2019 
17.000000 	 8.000000 	 7.000000 	 147.000000 	 189.000000 	 144.000000 	 1109.000000 	 11.000000 	 245.000000 	 75.000000 	 35.000000 	 48.000000 	 42.000000 	 12:39:37.499 p. m. 22/12/2019 
109.000000 	 -82.000000 	 92.000000 	 -90.000000 	 82.000000 	 39.000000 	 508.000000 	 -65.000000 	 468.000000 	 13.000000 	 30.000000 	 6.000000 	 12.000000 	 12:39:37.560 p. m. 22/12/2019 
112.000000 	 115.000000 	 -8.000000 	 -98.000000 	 67.000000 	 171.000000 	 195.000000 	 52.000000 	 171.000000 	 1.000000 	 90.000000 	 31.000000 	 38.000000 	 12:39:37.619 p. m. 22/12/2019 
77.000000 	 -134.000000 	 120.000000 	 -10.000000 	 199.000000 	 170.000000 	 1006.000000 	 152.000000 	 598.000000 	 95.000000 	 19.000000 	 4.000000 	 23.000000 	 12:39:37.684 p. m. 22/12/2019 
69.000000 	 110.000000 	 85.000000 	 -24.000000 	 123.000000 	 146.000000 	 1313.000000 	 -10.000000 	 738.000000 	 94.000000 	 20.000000 	 44.000000 	 16.000000 	 12:39:37.745 p. m. 22/12/2019 
84.000000 	 -124.000000 	 84.000000 	 13.000000 	 213.000000 	 34.000000 	 1090.000000 	 170.000000 	 159.000000 	 23.000000 	 47.000000 	 35.000000 	 17.000000 	 12:39:37.808 p. m. 22/12/2019 
102.000000 	 -111.000000 	 27.000000 	 135.000000 	 46.000000 	 190.000000 	 1123.000000 	 160.000000 	 644.000000 	 68.000000 	 35.000000 	 15.000000 	 25.000000 	 12:39:37.869 p. m. 22/12/2019 
24.000000 	 -8.000000 	 101.000000 	 129.000000 	 192.000000 	 219.000000 	 295.000000 	 -82.000000 	 896.000000 	 92.000000 	 15.000000 	 41.000000 	 33.000000 	 12:39:37.929 p. m. 22/12/2019 
139.000000 	 -53.000000 	 93.000000 	 97.000000 	 140.000000 	 95.000000 	 662.000000 	 111.000000 	 1308.000000 	 77.000000 	 61.000000 	 25.000000 	 35.000000 	 12:39:37.991 p. m. 22/12/2019 
98.000000 	 -55.000000 	 106.000000 	 117.000000 	 4.000000 	 64.000000 	 831.000000 	 -24.000000 	 301.000000 	 72.000000 	 60.000000 	 44.000000 	 34.000000 	 12:39:38.052 p. m. 22/12/2019 
55.000000 	 39.000000 	 37.000000 	 -135.000000 	 238.000000 	 239.000000 	 680.000000 	 -125.000000 	 855.000000 	 6.000000 	 63.000000 	 2.000000 	 26.000000 	 12:39:38.114 p. m. 22/12/2019 
18.000000 	 99.000000 	 -9.000000 	 -6.000000 	 128.000000 	 123.000000 	 497.000000 	 -9.000000 	 849.000000 	 3.000000 	 31.000000 	 31.000000 	 14.000000 	 12:39:38.167 p. m. 22/12/2019 
9.000000 	 25.000000 	 109.000000 	 30.000000 	 79.000000 	 13.000000 	 1054.000000 	 -80.000000 	 237.000000 	 45.000000 	 17.000000 	 25.000000 	 0.000000 	 12:39:38.226 p. m. 22/12/2019 
106.000000 	 14.000000 	 67.000000 	 -102.000000 	 84.000000 	 65.000000 	 150.000000 	 -164.000000 	 1412.000000 	 54.000000 	 97.000000 	 4.000000 	 31.000000 	 12:39:38.287 p. m. 22/12/2019 
118.000000 	 15.000000 	 148.000000 	 149.000000 	 249.000000 	 214.000000 	 1053.000000 	 103.000000 	 947.000000 	 7.000000 	 73.000000 	 22.000000 	 5.000000 	 12:39:38.347 p. m. 22/12/2019 
36.000000 	 -97.000000 	 84.000000 	 -20.000000 	 206.000000 	 75.000000 	 444.000000 	 110.000000 	 285.000000 	 16.000000 	 98.000000 	 5.000000 	 33.000000 	 12:39:38.409 p. m. 22/12/2019 
37.000000 	 26.000000 	 58.000000 	 -84.000000 	 77.000000 	 196.000000 	 878.000000 	 -126.000000 	 819.000000 	 37.000000 	 33.000000 	 41.000000 	 20.000000 	 12:39:38.472 p. m. 22/12/2019 
52.000000 	 -17.000000 	 107.000000 	 81.000000 	 158.000000 	 114.000000 	 873.000000 	 -63.000000 	 304.000000 	 58.000000 	 0.000000 	 4.000000 	 10.000000 	 12:39:38.527 p. m. 22/12/2019 
145.000000 	 -3.000000 	 130.000000 	 -20.000000 	 120.000000 	 156.000000 	 607.000000 	 -142.000000 	 0.000000 	 26.000000 	 35.000000 	 7.000000 	 13.000000 	 12:39:38.588 p. m. 22/12/2019 
54.000000 	 143.000000 	 20.000000 	 -96.000000 	 208.000000 	 177.000000 	 585.000000 	 -171.000000 	 1015.000000 	 63.000000 	 2.000000 	 17.000000 	 43.000000 	 12:39:38.650 p. m. 22/12/2019 
109.000000 	 117.000000 	 137.000000 	 119.000000 	 75.000000 	 93.000000 	 1473.000000 	 -117.000000 	 1248.000000 	 85.000000 	 58.000000 	 9.000000 	 6.000000 	 12:39:38.711 p. m. 22/12/2019 
-20.000000 	 74.000000 	 132.000000 	 123.000000 	 28.000000 	 102.000000 	 1420.000000 	 -150.000000 	 231.000000 	 80.000000 	 3.000000 	 0.000000 	 20.000000 	 12:39:38.775 p. m. 22/12/2019 
-7.000000 	 8.000000 	 13.000000 	 26.000000 	 10.000000 	 94.000000 	 1280.000000 	 139.000000 	 332.000000 	 74.000000 	 49.000000 	 42.000000 	 49.000000 	 12:39:38.830 p. m. 22/12/2019 
51.000000 	 60.000000 	 89.000000 	 133.000000 	 25.000000 	 0.000000 	 223.000000 	 -130.000000 	 1471.000000 	 29.000000 	 18.000000 	 46.000000 	 49.000000 	 12:39:38.892 p. m. 22/12/2019 
120.000000 	 -29.000000 	 26.000000 	 -126.000000 	 249.000000 	 53.000000 	 696.000000 	 -129.000000 	 564.000000 	 60.000000 	 98.000000 	 1.000000 	 40.000000 	 12:39:38.953 p. m. 22/12/2019 
103.000000 	 -99.000000 	 -9.000000 	 -145.000000 	 135.000000 	 88.000000 	 1274.000000 	 149.000000 	 1413.000000 	 20.000000 	 25.000000 	 12.000000 	 33.000000 	 12:39:39.020 p. m. 22/12/2019 
108.000000 	 -133.000000 	 148.000000 	 0.000000 	 234.000000 	 120.000000 	 757.000000 	 -29.000000 	 690.000000 	 66.000000 	 10.000000 	 43.000000 	 3.000000 	 12:39:39.082 p. m. 22/12/2019 
-5.000000 	 110.000000 	 112.000000 	 53.000000 	 122.000000 	 122.000000 	 141.000000 	 50.000000 	 200.000000 	 99.000000 	 27.000000 	 21.000000 	 37.000000 	 12:39:39.143 p. m. 22/12/2019 
44.000000 	 -25.000000 	 21.000000 	 -33.000000 	 113.000000 	 2.000000 	 315.000000 	 -86.000000 	 1445.000000 	 73.000000 	 20.000000 	 11.000000 	 39.000000 	 12:39:39.199 p. m. 22/12/2019 
4.000000 	 55.000000 	 109.000000 	 103.000000 	 89.000000 	 211.000000 	 356.000000 	 4.000000 	 860.000000 	 98.000000 	 92.000000 	 20.000000 	 16.000000 	 12:39:39.257 p. m. 22/12/2019 
10.000000 	 17.000000 	 22.000000 	 -11.000000 	 173.000000 	 111.000000 	 1311.000000 	 -4.000000 	 1391.000000 	 71.000000 	 28.000000 	 21.000000 	 11.000000 	 12:39:39.319 p. m. 22/12/2019 
25.000000 	 -30.000000 	 -20.000000 	 8.000000 	 48.000000 	 242.000000 	 850.000000 	 -29.000000 	 563.000000 	 94.000000 	 33.000000 	 27.000000 	 27.000000 	 12:39:39.379 p. m. 22/12/2019 
55.000000 	 -19.000000 	 102.000000 	 -34.000000 	 206.000000 	 130.000000 	 924.000000 	 -139.000000 	 97.000000 	 61.000000 	 3.000000 	 24.000000 	 8.000000 	 12:39:39.441 p. m. 22/12/2019 
76.000000 	 -69.000000 	 35.000000 	 -140.000000 	 1.000000 	 125.000000 	 1473.000000 	 121.000000 	 720.000000 	 91.000000 	 69.000000 	 15.000000 	 27.000000 	 12:39:39.502 p. m. 22/12/2019 
6.000000 	 -22.000000 	 55.000000 	 34.000000 	 107.000000 	 234.000000 	 476.000000 	 -14.000000 	 576.000000 	 66.000000 	 67.000000 	 20.000000 	 34.000000 	 12:39:39.561 p. m. 22/12/2019 
121.000000 	 60.000000 	 108.000000 	 -39.000000 	 149.000000 	 28.000000 	 718.000000 	 34.000000 	 325.000000 	 67.000000 	 89.000000 	 18.000000 	 14.000000 	 12:39:39.622 p. m. 22/12/2019 
115.000000 	 -132.000000 	 68.000000 	 -121.000000 	 84.000000 	 152.000000 	 240.000000 	 -26.000000 	 40.000000 	 96.000000 	 35.000000 	 33.000000 	 48.000000 	 12:39:39.683 p. m. 22/12/2019 
125.000000 	 61.000000 	 142.000000 	 114.000000 	 166.000000 	 127.000000 	 675.000000 	 25.000000 	 210.000000 	 15.000000 	 92.000000 	 10.000000 	 47.000000 	 12:39:39.745 p. m. 22/12/2019 
67.000000 	 49.000000 	 77.000000 	 -135.000000 	 228.000000 	 124.000000 	 129.000000 	 -56.000000 	 979.000000 	 1.000000 	 25.000000 	 39.000000 	 8.000000 	 12:39:39.807 p. m. 22/12/2019 
13.000000 	 -150.000000 	 59.000000 	 20.000000 	 157.000000 	 206.000000 	 38.000000 	 -37.000000 	 338.000000 	 36.000000 	 21.000000 	 19.000000 	 46.000000 	 12:39:39.864 p. m. 22/12/2019 
-3.000000 	 -62.000000 	 59.000000 	 -63.000000 	 135.000000 	 240.000000 	 1412.000000 	 104.000000 	 489.000000 	 84.000000 	 34.000000 	 17.000000 	 19.000000 	 12:39:39.928 p. m. 22/12/2019 
55.000000 	 95.000000 	 106.000000 	 111.000000 	 85.000000 	 104.000000 	 131.000000 	 -117.000000 	 1198.000000 	 98.000000 	 39.000000 	 4.000000 	 3.000000 	 12:39:39.987 p. m. 22/12/2019 
-1.000000 	 115.000000 	 -19.000000 	 -43.000000 	 29.000000 	 130.000000 	 1121.000000 	 -86.000000 	 606.000000 	 50.000000 	 3.000000 	 32.000000 	 32.000000 	 12:39:40.049 p. m. 22/12/2019 
21.000000 	 4.000000 	 -3.000000 	 67.000000 	 100.000000 	 224.000000 	 1465.000000 	 127.000000 	 1122.000000 	 79.000000 	 17.000000 	 16.000000 	 48.000000 	 12:39:40.109 p. m. 22/12/2019 
122.000000 	 -121.000000 	 79.000000 	 -142.000000 	 248.000000 	 17.000000 	 261.000000 	 -28.000000 	 466.000000 	 21.000000 	 57.000000 	 46.000000 	 5.000000 	 12:39:40.170 p. m. 22/12/2019 
100.000000 	 144.000000 	 65.000000 	 -29.000000 	 177.000000 	 118.000000 	 1427.000000 	 92.000000 	 1444.000000 	 91.000000 	 98.000000 	 2.000000 	 6.000000 	 12:39:40.232 p. m. 22/12/2019 
50.000000 	 53.000000 	 139.000000 	 -136.000000 	 184.000000 	 226.000000 	 335.000000 	 61.000000 	 543.000000 	 52.000000 	 86.000000 	 19.000000 	 0.000000 	 12:39:40.293 p. m. 22/12/2019 
120.000000 	 -27.000000 	 149.000000 	 55.000000 	 93.000000 	 191.000000 	 931.000000 	 172.000000 	 1316.000000 	 99.000000 	 71.000000 	 39.000000 	 20.000000 	 12:39:40.354 p. m. 22/12/2019 
16.000000 	 41.000000 	 57.000000 	 -117.000000 	 118.000000 	 207.000000 	 1410.000000 	 23.000000 	 1176.000000 	 89.000000 	 91.000000 	 34.000000 	 11.000000 	 12:39:40.420 p. m. 22/12/2019 
4.000000 	 -24.000000 	 131.000000 	 -60.000000 	 187.000000 	 184.000000 	 890.000000 	 -56.000000 	 813.000000 	 41.000000 	 27.000000 	 29.000000 	 34.000000 	 12:39:40.482 p. m. 22/12/2019 
27.000000 	 -80.000000 	 111.000000 	 31.000000 	 170.000000 	 227.000000 	 232.000000 	 -168.000000 	 854.000000 	 59.000000 	 47.000000 	 27.000000 	 12.000000 	 12:39:40.544 p. m. 22/12/2019 
110.000000 	 -131.000000 	 50.000000 	 27.000000 	 131.000000 	 146.000000 	 720.000000 	 -1.000000 	 1112.000000 	 59.000000 	 56.000000 	 40.000000 	 2.000000 	 12:39:40.604 p. m. 22/12/2019 
28.000000 	 64.000000 	 124.000000 	 -132.000000 	 60.000000 	 131.000000 	 1295.000000 	 -159.000000 	 231.000000 	 1.000000 	 45.000000 	 11.000000 	 7.000000 	 12:39:40.665 p. m. 22/12/2019 
50.000000 	 78.000000 	 65.000000 	 -77.000000 	 82.000000 	 59.000000 	 596.000000 	 -117.000000 	 921.000000 	 75.000000 	 18.000000 	 0.000000 	 39.000000 	 12:39:40.723 p. m. 22/12/2019 
12.000000 	 4.000000 	 73.000000 	 -107.000000 	 129.000000 	 180.000000 	 1235.000000 	 75.000000 	 1364.000000 	 94.000000 	 63.000000 	 8.000000 	 2.000000 	 12:39:40.786 p. m. 22/12/2019 
72.000000 	 -134.000000 	 -6.000000 	 -130.000000 	 70.000000 	 165.000000 	 1368.000000 	 81.000000 	 1347.000000 	 96.000000 	 87.000000 	 1.000000 	 34.000000 	 12:39:40.848 p. m. 22/12/2019 
18.000000 	 21.000000 	 138.000000 	 125.000000 	 133.000000 	 186.000000 	 829.000000 	 153.000000 	 219.000000 	 71.000000 	 20.000000 	 14.000000 	 29.000000 	 12:39:40.907 p. m. 22/12/2019 
40.000000 	 -140.000000 	 140.000000 	 -137.000000 	 252.000000 	 183.000000 	 382.000000 	 64.000000 	 828.000000 	 93.000000 	 75.000000 	 30.000000 	 0.000000 	 12:39:40.971 p. m. 22/12/2019 
86.000000 	 -3.000000 	 0.000000 	 37.000000 	 163.000000 	 48.000000 	 852.000000 	 41.000000 	 324.000000 	 0.000000 	 80.000000 	 28.000000 	 7.000000 	 12:39:41.022 p. m. 22/12/2019 
83.000000 	 148.000000 	 144.000000 	 -5.000000 	 242.000000 	 164.000000 	 610.000000 	 -11.000000 	 718.000000 	 90.000000 	 55.000000 	 43.000000 	 5.000000 	 12:39:41.085 p. m. 22/12/2019 
45.000000 	 -116.000000 	 75.000000 	 -29.000000 	 151.000000 	 221.000000 	 251.000000 	 39.000000 	 283.000000 	 14.000000 	 37.000000 	 29.000000 	 48.000000 	 12:39:41.145 p. m. 22/12/2019 
40.000000 	 -113.000000 	 95.000000 	 128.000000 	 209.000000 	 42.000000 	 415.000000 	 20.000000 	 1067.000000 	 40.000000 	 7.000000 	 16.000000 	 28.000000 	 12:39:41.206 p. m. 22/12/2019 
72.000000 	 13.000000 	 109.000000 	 -60.000000 	 208.000000 	 23.000000 	 813.000000 	 141.000000 	 1010.000000 	 40.000000 	 78.000000 	 0.000000 	 44.000000 	 12:39:41.265 p. m. 22/12/2019 
67.000000 	 6.000000 	 51.000000 	 -64.000000 	 226.000000 	 79.000000 	 1239.000000 	 -84.000000 	 84.000000 	 52.000000 	 8.000000 	 14.000000 	 4.000000 	 12:39:41.323 p. m. 22/12/2019 
39.000000 	 -122.000000 	 131.000000 	 -80.000000 	 23.000000 	 152.000000 	 24.000000 	 83.000000 	 854.000000 	 8.000000 	 81.000000 	 2.000000 	 38.000000 	 12:39:41.378 p. m. 22/12/2019 
-7.000000 	 9.000000 	 79.000000 	 29.000000 	 71.000000 	 56.000000 	 487.000000 	 -67.000000 	 899.000000 	 88.000000 	 44.000000 	 30.000000 	 16.000000 	 12:39:41.436 p. m. 22/12/2019 
123.000000 	 124.000000 	 76.000000 	 -41.000000 	 117.000000 	 79.000000 	 1439.000000 	 64.000000 	 651.000000 	 49.000000 	 66.000000 	 17.000000 	 10.000000 	 12:39:41.498 p. m. 22/12/2019 
129.000000 	 -23.000000 	 23.000000 	 131.000000 	 35.000000 	 136.000000 	 874.000000 	 135.000000 	 1231.000000 	 72.000000 	 28.000000 	 48.000000 	 20.000000 	 12:39:41.560 p. m. 22/12/2019 
97.000000 	 147.000000 	 29.000000 	 96.000000 	 110.000000 	 76.000000 	 112.000000 	 -157.000000 	 112.000000 	 81.000000 	 51.000000 	 30.000000 	 21.000000 	 12:39:41.620 p. m. 22/12/2019 
-7.000000 	 78.000000 	 -20.000000 	 50.000000 	 144.000000 	 249.000000 	 1492.000000 	 54.000000 	 1330.000000 	 32.000000 	 59.000000 	 27.000000 	 29.000000 	 12:39:41.682 p. m. 22/12/2019 
82.000000 	 -78.000000 	 3.000000 	 31.000000 	 168.000000 	 17.000000 	 1021.000000 	 -64.000000 	 318.000000 	 91.000000 	 0.000000 	 46.000000 	 20.000000 	 12:39:41.739 p. m. 22/12/2019 
94.000000 	 149.000000 	 9.000000 	 94.000000 	 65.000000 	 115.000000 	 916.000000 	 99.000000 	 580.000000 	 18.000000 	 88.000000 	 2.000000 	 28.000000 	 12:39:41.798 p. m. 22/12/2019 
60.000000 	 -88.000000 	 -10.000000 	 99.000000 	 90.000000 	 193.000000 	 1015.000000 	 -41.000000 	 378.000000 	 59.000000 	 61.000000 	 32.000000 	 48.000000 	 12:39:41.858 p. m. 22/12/2019 
114.000000 	 90.000000 	 131.000000 	 -80.000000 	 253.000000 	 81.000000 	 1044.000000 	 -151.000000 	 95.000000 	 69.000000 	 10.000000 	 22.000000 	 23.000000 	 12:39:41.920 p. m. 22/12/2019 
85.000000 	 69.000000 	 30.000000 	 81.000000 	 38.000000 	 56.000000 	 1369.000000 	 -110.000000 	 394.000000 	 10.000000 	 92.000000 	 14.000000 	 24.000000 	 12:39:41.981 p. m. 22/12/2019 
51.000000 	 -131.000000 	 130.000000 	 -88.000000 	 221.000000 	 245.000000 	 1434.000000 	 9.000000 	 90.000000 	 22.000000 	 60.000000 	 43.000000 	 28.000000 	 12:39:42.042 p. m. 22/12/2019 
122.000000 	 -69.000000 	 26.000000 	 -82.000000 	 13.000000 	 107.000000 	 1139.000000 	 97.000000 	 1293.000000 	 64.000000 	 78.000000 	 6.000000 	 21.000000 	 12:39:42.103 p. m. 22/12/2019 
21.000000 	 -95.000000 	 66.000000 	 -61.000000 	 143.000000 	 210.000000 	 1402.000000 	 172.000000 	 1116.000000 	 47.000000 	 46.000000 	 1.000000 	 22.000000 	 12:39:42.166 p. m. 22/12/2019 
81.000000 	 -127.000000 	 6.000000 	 -145.000000 	 142.000000 	 173.000000 	 1366.000000 	 -147.000000 	 1412.000000 	 25.000000 	 40.000000 	 3.000000 	 7.000000 	 12:39:42.232 p. m. 22/12/2019 
33.000000 	 45.000000 	 19.000000 	 1.000000 	 43.000000 	 49.000000 	 660.000000 	 78.000000 	 929.000000 	 75.000000 	 98.000000 	 42.000000 	 33.000000 	 12:39:42.284 p. m. 22/12/2019 
22.000000 	 26.000000 	 -4.000000 	 -104.000000 	 183.000000 	 224.000000 	 1484.000000 	 172.000000 	 1119.000000 	 42.000000 	 28.000000 	 9.000000 	 12.000000 	 12:39:42.345 p. m. 22/12/2019 
65.000000 	 -34.000000 	 17.000000 	 22.000000 	 18.000000 	 50.000000 	 370.000000 	 -22.000000 	 792.000000 	 45.000000 	 28.000000 	 0.000000 	 43.000000 	 12:39:42.403 p. m. 22/12/2019 
112.000000 	 113.000000 	 143.000000 	 -78.000000 	 91.000000 	 24.000000 	 721.000000 	 146.000000 	 13.000000 	 69.000000 	 31.000000 	 7.000000 	 19.000000 	 12:39:42.464 p. m. 22/12/2019 
116.000000 	 106.000000 	 56.000000 	 104.000000 	 34.000000 	 14.000000 	 115.000000 	 -43.000000 	 466.000000 	 97.000000 	 77.000000 	 10.000000 	 12.000000 	 12:39:42.525 p. m. 22/12/2019 
141.000000 	 -119.000000 	 74.000000 	 113.000000 	 82.000000 	 114.000000 	 784.000000 	 93.000000 	 1250.000000 	 27.000000 	 99.000000 	 29.000000 	 9.000000 	 12:39:42.588 p. m. 22/12/2019 
134.000000 	 114.000000 	 131.000000 	 62.000000 	 89.000000 	 149.000000 	 1407.000000 	 -37.000000 	 100.000000 	 59.000000 	 10.000000 	 3.000000 	 41.000000 	 12:39:42.648 p. m. 22/12/2019 
41.000000 	 -25.000000 	 13.000000 	 -121.000000 	 41.000000 	 138.000000 	 661.000000 	 -122.000000 	 991.000000 	 63.000000 	 20.000000 	 18.000000 	 37.000000 	 12:39:42.710 p. m. 22/12/2019 
16.000000 	 22.000000 	 59.000000 	 91.000000 	 149.000000 	 231.000000 	 92.000000 	 65.000000 	 870.000000 	 74.000000 	 62.000000 	 26.000000 	 17.000000 	 12:39:42.767 p. m. 22/12/2019 
56.000000 	 -137.000000 	 74.000000 	 121.000000 	 159.000000 	 250.000000 	 1129.000000 	 -92.000000 	 848.000000 	 78.000000 	 17.000000 	 23.000000 	 38.000000 	 12:39:42.828 p. m. 22/12/2019 
-12.000000 	 -21.000000 	 66.000000 	 -82.000000 	 176.000000 	 14.000000 	 255.000000 	 -151.000000 	 276.000000 	 88.000000 	 96.000000 	 19.000000 	 14.000000 	 12:39:42.895 p. m. 22/12/2019 
27.000000 	 -34.000000 	 138.000000 	 141.000000 	 43.000000 	 208.000000 	 620.000000 	 88.000000 	 961.000000 	 51.000000 	 18.000000 	 27.000000 	 46.000000 	 12:39:42.953 p. m. 22/12/2019 
61.000000 	 28.000000 	 78.000000 	 -87.000000 	 10.000000 	 116.000000 	 308.000000 	 28.000000 	 679.000000 	 19.000000 	 23.000000 	 27.000000 	 42.000000 	 12:39:43.013 p. m. 22/12/2019 
23.000000 	 28.000000 	 103.000000 	 145.000000 	 186.000000 	 30.000000 	 704.000000 	 142.000000 	 32.000000 	 19.000000 	 31.000000 	 35.000000 	 18.000000 	 12:39:43.070 p. m. 22/12/2019 
138.000000 	 -40.000000 	 134.000000 	 -80.000000 	 33.000000 	 105.000000 	 45.000000 	 -61.000000 	 75.000000 	 27.000000 	 87.000000 	 13.000000 	 37.000000 	 12:39:43.132 p. m. 22/12/2019 
106.000000 	 -116.000000 	 123.000000 	 25.000000 	 84.000000 	 10.000000 	 156.000000 	 -21.000000 	 164.000000 	 93.000000 	 86.000000 	 33.000000 	 24.000000 	 12:39:43.193 p. m. 22/12/2019 
57.000000 	 44.000000 	 90.000000 	 -83.000000 	 180.000000 	 145.000000 	 682.000000 	 -15.000000 	 1314.000000 	 52.000000 	 41.000000 	 35.000000 	 41.000000 	 12:39:43.254 p. m. 22/12/2019 
16.000000 	 10.000000 	 70.000000 	 -138.000000 	 158.000000 	 250.000000 	 1085.000000 	 20.000000 	 85.000000 	 67.000000 	 84.000000 	 38.000000 	 0.000000 	 12:39:43.312 p. m. 22/12/2019 
6.000000 	 -50.000000 	 25.000000 	 149.000000 	 37.000000 	 48.000000 	 1183.000000 	 57.000000 	 636.000000 	 2.000000 	 89.000000 	 28.000000 	 25.000000 	 12:39:43.369 p. m. 22/12/2019 
29.000000 	 -28.000000 	 45.000000 	 -45.000000 	 109.000000 	 166.000000 	 1221.000000 	 -166.000000 	 514.000000 	 62.000000 	 6.000000 	 33.000000 	 26.000000 	 12:39:43.432 p. m. 22/12/2019 
149.000000 	 -149.000000 	 120.000000 	 -6.000000 	 190.000000 	 178.000000 	 962.000000 	 111.000000 	 236.000000 	 20.000000 	 8.000000 	 24.000000 	 47.000000 	 12:39:43.496 p. m. 22/12/2019 
148.000000 	 -39.000000 	 77.000000 	 -50.000000 	 29.000000 	 16.000000 	 499.000000 	 -15.000000 	 1033.000000 	 62.000000 	 39.000000 	 4.000000 	 21.000000 	 12:39:43.554 p. m. 22/12/2019 
116.000000 	 -14.000000 	 40.000000 	 112.000000 	 143.000000 	 248.000000 	 1135.000000 	 128.000000 	 571.000000 	 38.000000 	 21.000000 	 41.000000 	 13.000000 	 12:39:43.621 p. m. 22/12/2019 
70.000000 	 107.000000 	 142.000000 	 -107.000000 	 20.000000 	 188.000000 	 413.000000 	 -165.000000 	 1136.000000 	 91.000000 	 47.000000 	 19.000000 	 32.000000 	 12:39:43.686 p. m. 22/12/2019 
24.000000 	 78.000000 	 133.000000 	 129.000000 	 241.000000 	 64.000000 	 807.000000 	 -43.000000 	 203.000000 	 21.000000 	 47.000000 	 34.000000 	 49.000000 	 12:39:43.746 p. m. 22/12/2019 
36.000000 	 109.000000 	 68.000000 	 -100.000000 	 88.000000 	 131.000000 	 596.000000 	 -15.000000 	 24.000000 	 22.000000 	 63.000000 	 31.000000 	 12.000000 	 12:39:43.803 p. m. 22/12/2019 
131.000000 	 52.000000 	 105.000000 	 -14.000000 	 69.000000 	 113.000000 	 1480.000000 	 -29.000000 	 830.000000 	 95.000000 	 14.000000 	 12.000000 	 36.000000 	 12:39:43.866 p. m. 22/12/2019 
147.000000 	 -141.000000 	 125.000000 	 -131.000000 	 146.000000 	 200.000000 	 1408.000000 	 -91.000000 	 1439.000000 	 67.000000 	 19.000000 	 16.000000 	 49.000000 	 12:39:43.935 p. m. 22/12/2019 
100.000000 	 -35.000000 	 87.000000 	 -28.000000 	 82.000000 	 20.000000 	 381.000000 	 25.000000 	 530.000000 	 25.000000 	 36.000000 	 44.000000 	 45.000000 	 12:39:43.996 p. m. 22/12/2019 
102.000000 	 -117.000000 	 100.000000 	 -94.000000 	 134.000000 	 87.000000 	 881.000000 	 -39.000000 	 958.000000 	 5.000000 	 92.000000 	 10.000000 	 1.000000 	 12:39:44.059 p. m. 22/12/2019 
141.000000 	 -8.000000 	 34.000000 	 -15.000000 	 205.000000 	 117.000000 	 1443.000000 	 62.000000 	 13.000000 	 41.000000 	 81.000000 	 29.000000 	 18.000000 	 12:39:44.114 p. m. 22/12/2019 
-20.000000 	 -121.000000 	 125.000000 	 -68.000000 	 59.000000 	 192.000000 	 813.000000 	 15.000000 	 328.000000 	 4.000000 	 55.000000 	 11.000000 	 31.000000 	 12:39:44.176 p. m. 22/12/2019 
70.000000 	 -146.000000 	 21.000000 	 -34.000000 	 171.000000 	 164.000000 	 1405.000000 	 142.000000 	 613.000000 	 43.000000 	 36.000000 	 18.000000 	 44.000000 	 12:39:44.244 p. m. 22/12/2019 
28.000000 	 -107.000000 	 49.000000 	 -48.000000 	 18.000000 	 155.000000 	 1219.000000 	 152.000000 	 1317.000000 	 32.000000 	 82.000000 	 47.000000 	 9.000000 	 12:39:44.304 p. m. 22/12/2019 
13.000000 	 40.000000 	 79.000000 	 60.000000 	 206.000000 	 200.000000 	 478.000000 	 -158.000000 	 45.000000 	 70.000000 	 62.000000 	 8.000000 	 33.000000 	 12:39:44.362 p. m. 22/12/2019 
29.000000 	 -41.000000 	 93.000000 	 100.000000 	 156.000000 	 210.000000 	 502.000000 	 117.000000 	 1453.000000 	 99.000000 	 16.000000 	 34.000000 	 19.000000 	 12:39:44.421 p. m. 22/12/2019 
92.000000 	 53.000000 	 75.000000 	 -121.000000 	 142.000000 	 217.000000 	 264.000000 	 12.000000 	 154.000000 	 26.000000 	 27.000000 	 5.000000 	 9.000000 	 12:39:44.485 p. m. 22/12/2019 
112.000000 	 136.000000 	 102.000000 	 79.000000 	 241.000000 	 194.000000 	 379.000000 	 98.000000 	 1390.000000 	 3.000000 	 86.000000 	 43.000000 	 27.000000 	 12:39:44.545 p. m. 22/12/2019 
135.000000 	 148.000000 	 7.000000 	 -133.000000 	 26.000000 	 76.000000 	 461.000000 	 -97.000000 	 214.000000 	 83.000000 	 32.000000 	 22.000000 	 11.000000 	 12:39:44.602 p. m. 22/12/2019 
131.000000 	 121.000000 	 72.000000 	 -17.000000 	 193.000000 	 220.000000 	 380.000000 	 164.000000 	 915.000000 	 87.000000 	 10.000000 	 31.000000 	 8.000000 	 12:39:44.664 p. m. 22/12/2019 
136.000000 	 83.000000 	 140.000000 	 109.000000 	 226.000000 	 127.000000 	 438.000000 	 -66.000000 	 1026.000000 	 26.000000 	 12.000000 	 45.000000 	 21.000000 	 12:39:44.730 p. m. 22/12/2019 
107.000000 	 91.000000 	 68.000000 	 -96.000000 	 70.000000 	 12.000000 	 227.000000 	 111.000000 	 962.000000 	 32.000000 	 37.000000 	 4.000000 	 7.000000 	 12:39:44.787 p. m. 22/12/2019 
-15.000000 	 -143.000000 	 63.000000 	 8.000000 	 54.000000 	 98.000000 	 197.000000 	 -59.000000 	 465.000000 	 57.000000 	 5.000000 	 17.000000 	 12.000000 	 12:39:44.845 p. m. 22/12/2019 
-16.000000 	 134.000000 	 49.000000 	 -51.000000 	 176.000000 	 80.000000 	 1351.000000 	 146.000000 	 422.000000 	 93.000000 	 15.000000 	 49.000000 	 11.000000 	 12:39:44.905 p. m. 22/12/2019 
79.000000 	 81.000000 	 146.000000 	 -127.000000 	 121.000000 	 44.000000 	 750.000000 	 -102.000000 	 931.000000 	 59.000000 	 35.000000 	 15.000000 	 1.000000 	 12:39:44.967 p. m. 22/12/2019 
27.000000 	 87.000000 	 118.000000 	 -130.000000 	 49.000000 	 64.000000 	 275.000000 	 163.000000 	 489.000000 	 86.000000 	 45.000000 	 43.000000 	 7.000000 	 12:39:45.029 p. m. 22/12/2019 
42.000000 	 11.000000 	 78.000000 	 -146.000000 	 252.000000 	 181.000000 	 220.000000 	 26.000000 	 630.000000 	 43.000000 	 67.000000 	 48.000000 	 44.000000 	 12:39:45.090 p. m. 22/12/2019 
87.000000 	 99.000000 	 115.000000 	 -77.000000 	 198.000000 	 66.000000 	 1180.000000 	 -32.000000 	 479.000000 	 57.000000 	 14.000000 	 5.000000 	 39.000000 	 12:39:45.147 p. m. 22/12/2019 
-3.000000 	 -45.000000 	 107.000000 	 64.000000 	 75.000000 	 223.000000 	 1397.000000 	 -51.000000 	 1495.000000 	 29.000000 	 26.000000 	 16.000000 	 48.000000 	 12:39:45.214 p. m. 22/12/2019 
-5.000000 	 -88.000000 	 -2.000000 	 103.000000 	 219.000000 	 253.000000 	 883.000000 	 143.000000 	 59.000000 	 21.000000 	 74.000000 	 34.000000 	 25.000000 	 12:39:45.270 p. m. 22/12/2019 
62.000000 	 -14.000000 	 89.000000 	 65.000000 	 55.000000 	 43.000000 	 1350.000000 	 -128.000000 	 448.000000 	 83.000000 	 81.000000 	 47.000000 	 8.000000 	 12:39:45.331 p. m. 22/12/2019 
56.000000 	 128.000000 	 66.000000 	 17.000000 	 14.000000 	 25.000000 	 470.000000 	 -62.000000 	 1117.000000 	 46.000000 	 4.000000 	 6.000000 	 13.000000 	 12:39:45.390 p. m. 22/12/2019 
67.000000 	 48.000000 	 24.000000 	 106.000000 	 138.000000 	 37.000000 	 113.000000 	 140.000000 	 224.000000 	 4.000000 	 13.000000 	 23.000000 	 12.000000 	 12:39:45.448 p. m. 22/12/2019 
69.000000 	 -73.000000 	 9.000000 	 -103.000000 	 146.000000 	 108.000000 	 1133.000000 	 -161.000000 	 520.000000 	 94.000000 	 97.000000 	 24.000000 	 21.000000 	 12:39:45.513 p. m. 22/12/2019 
148.000000 	 70.000000 	 28.000000 	 -32.000000 	 31.000000 	 167.000000 	 392.000000 	 73.000000 	 580.000000 	 56.000000 	 40.000000 	 44.000000 	 18.000000 	 12:39:45.570 p. m. 22/12/2019 
130.000000 	 13.000000 	 69.000000 	 -116.000000 	 70.000000 	 221.000000 	 391.000000 	 -130.000000 	 1217.000000 	 10.000000 	 54.000000 	 25.000000 	 1.000000 	 12:39:45.630 p. m. 22/12/2019 
-16.000000 	 -58.000000 	 14.000000 	 -80.000000 	 36.000000 	 227.000000 	 1121.000000 	 65.000000 	 1089.000000 	 71.000000 	 65.000000 	 10.000000 	 10.000000 	 12:39:45.697 p. m. 22/12/2019 
25.000000 	 -41.000000 	 104.000000 	 -127.000000 	 174.000000 	 239.000000 	 414.000000 	 -166.000000 	 923.000000 	 75.000000 	 77.000000 	 7.000000 	 27.000000 	 12:39:45.757 p. m. 22/12/2019 
52.000000 	 -76.000000 	 82.000000 	 89.000000 	 99.000000 	 53.000000 	 917.000000 	 -130.000000 	 890.000000 	 6.000000 	 96.000000 	 12.000000 	 45.000000 	 12:39:45.816 p. m. 22/12/2019 
88.000000 	 -34.000000 	 111.000000 	 -66.000000 	 92.000000 	 248.000000 	 960.000000 	 72.000000 	 987.000000 	 35.000000 	 81.000000 	 26.000000 	 44.000000 	 12:39:45.877 p. m. 22/12/2019 
30.000000 	 -55.000000 	 128.000000 	 69.000000 	 17.000000 	 158.000000 	 1312.000000 	 86.000000 	 128.000000 	 93.000000 	 26.000000 	 26.000000 	 26.000000 	 12:39:45.938 p. m. 22/12/2019 
23.000000 	 31.000000 	 106.000000 	 -58.000000 	 206.000000 	 254.000000 	 1377.000000 	 -96.000000 	 22.000000 	 40.000000 	 52.000000 	 15.000000 	 30.000000 	 12:39:45.999 p. m. 22/12/2019 
122.000000 	 -99.000000 	 82.000000 	 123.000000 	 167.000000 	 137.000000 	 626.000000 	 85.000000 	 1261.000000 	 39.000000 	 49.000000 	 7.000000 	 19.000000 	 12:39:46.060 p. m. 22/12/2019 
60.000000 	 26.000000 	 -15.000000 	 -69.000000 	 72.000000 	 24.000000 	 1497.000000 	 133.000000 	 225.000000 	 29.000000 	 22.000000 	 48.000000 	 3.000000 	 12:39:46.118 p. m. 22/12/2019 
-11.000000 	 18.000000 	 137.000000 	 -26.000000 	 156.000000 	 7.000000 	 906.000000 	 -120.000000 	 772.000000 	 1.000000 	 30.000000 	 48.000000 	 27.000000 	 12:39:46.179 p. m. 22/12/2019 
79.000000 	 -56.000000 	 47.000000 	 -98.000000 	 189.000000 	 72.000000 	 170.000000 	 -149.000000 	 224.000000 	 84.000000 	 20.000000 	 15.000000 	 19.000000 	 12:39:46.243 p. m. 22/12/2019 
57.000000 	 -55.000000 	 35.000000 	 14.000000 	 225.000000 	 208.000000 	 117.000000 	 -17.000000 	 117.000000 	 54.000000 	 68.000000 	 37.000000 	 25.000000 	 12:39:46.303 p. m. 22/12/2019 
13.000000 	 -128.000000 	 27.000000 	 66.000000 	 7.000000 	 12.000000 	 1462.000000 	 148.000000 	 1440.000000 	 5.000000 	 70.000000 	 6.000000 	 1.000000 	 12:39:46.360 p. m. 22/12/2019 
-11.000000 	 -30.000000 	 132.000000 	 -33.000000 	 0.000000 	 212.000000 	 894.000000 	 175.000000 	 1110.000000 	 31.000000 	 63.000000 	 1.000000 	 47.000000 	 12:39:46.421 p. m. 22/12/2019 
21.000000 	 -40.000000 	 79.000000 	 -3.000000 	 34.000000 	 148.000000 	 1223.000000 	 68.000000 	 271.000000 	 32.000000 	 59.000000 	 6.000000 	 45.000000 	 12:39:46.478 p. m. 22/12/2019 
112.000000 	 -27.000000 	 69.000000 	 69.000000 	 4.000000 	 31.000000 	 607.000000 	 132.000000 	 0.000000 	 46.000000 	 1.000000 	 15.000000 	 44.000000 	 12:39:46.537 p. m. 22/12/2019 
96.000000 	 -76.000000 	 77.000000 	 -75.000000 	 95.000000 	 136.000000 	 364.000000 	 -89.000000 	 791.000000 	 40.000000 	 56.000000 	 9.000000 	 47.000000 	 12:39:46.595 p. m. 22/12/2019 
97.000000 	 -41.000000 	 83.000000 	 72.000000 	 40.000000 	 124.000000 	 19.000000 	 -140.000000 	 892.000000 	 48.000000 	 53.000000 	 26.000000 	 26.000000 	 12:39:46.652 p. m. 22/12/2019 
43.000000 	 -53.000000 	 93.000000 	 53.000000 	 108.000000 	 34.000000 	 266.000000 	 3.000000 	 630.000000 	 81.000000 	 86.000000 	 25.000000 	 19.000000 	 12:39:46.709 p. m. 22/12/2019 
145.000000 	 108.000000 	 5.000000 	 149.000000 	 36.000000 	 104.000000 	 1260.000000 	 36.000000 	 372.000000 	 53.000000 	 53.000000 	 25.000000 	 31.000000 	 12:39:46.769 p. m. 22/12/2019 
55.000000 	 112.000000 	 148.000000 	 -105.000000 	 252.000000 	 10.000000 	 631.000000 	 -180.000000 	 263.000000 	 47.000000 	 19.000000 	 20.000000 	 1.000000 	 12:39:46.830 p. m. 22/12/2019 
-1.000000 	 132.000000 	 79.000000 	 146.000000 	 29.000000 	 166.000000 	 156.000000 	 30.000000 	 81.000000 	 20.000000 	 62.000000 	 1.000000 	 45.000000 	 12:39:46.890 p. m. 22/12/2019 
90.000000 	 104.000000 	 57.000000 	 43.000000 	 70.000000 	 168.000000 	 361.000000 	 -14.000000 	 673.000000 	 78.000000 	 86.000000 	 30.000000 	 2.000000 	 12:39:46.951 p. m. 22/12/2019 
46.000000 	 29.000000 	 100.000000 	 -118.000000 	 136.000000 	 137.000000 	 801.000000 	 87.000000 	 379.000000 	 8.000000 	 37.000000 	 36.000000 	 2.000000 	 12:39:47.007 p. m. 22/12/2019 
148.000000 	 -127.000000 	 118.000000 	 124.000000 	 119.000000 	 116.000000 	 123.000000 	 102.000000 	 623.000000 	 46.000000 	 79.000000 	 5.000000 	 24.000000 	 12:39:47.073 p. m. 22/12/2019 
82.000000 	 -19.000000 	 137.000000 	 -79.000000 	 214.000000 	 9.000000 	 527.000000 	 -84.000000 	 536.000000 	 16.000000 	 47.000000 	 13.000000 	 34.000000 	 12:39:47.131 p. m. 22/12/2019 
27.000000 	 110.000000 	 137.000000 	 -150.000000 	 216.000000 	 13.000000 	 533.000000 	 95.000000 	 910.000000 	 62.000000 	 66.000000 	 6.000000 	 8.000000 	 12:39:47.191 p. m. 22/12/2019 
97.000000 	 123.000000 	 137.000000 	 146.000000 	 230.000000 	 164.000000 	 966.000000 	 28.000000 	 333.000000 	 61.000000 	 57.000000 	 21.000000 	 26.000000 	 12:39:47.252 p. m. 22/12/2019 
134.000000 	 -36.000000 	 69.000000 	 -15.000000 	 129.000000 	 48.000000 	 194.000000 	 -80.000000 	 927.000000 	 43.000000 	 42.000000 	 5.000000 	 21.000000 	 12:39:47.316 p. m. 22/12/2019 
81.000000 	 30.000000 	 142.000000 	 -141.000000 	 235.000000 	 88.000000 	 545.000000 	 -22.000000 	 434.000000 	 38.000000 	 64.000000 	 31.000000 	 40.000000 	 12:39:47.376 p. m. 22/12/2019 
120.000000 	 -32.000000 	 25.000000 	 148.000000 	 79.000000 	 97.000000 	 842.000000 	 168.000000 	 820.000000 	 82.000000 	 5.000000 	 34.000000 	 20.000000 	 12:39:47.433 p. m. 22/12/2019 
56.000000 	 -47.000000 	 20.000000 	 -100.000000 	 115.000000 	 7.000000 	 1342.000000 	 50.000000 	 438.000000 	 42.000000 	 15.000000 	 35.000000 	 27.000000 	 12:39:47.495 p. m. 22/12/2019 
114.000000 	 117.000000 	 104.000000 	 -70.000000 	 175.000000 	 246.000000 	 6.000000 	 -179.000000 	 543.000000 	 72.000000 	 55.000000 	 38.000000 	 25.000000 	 12:39:47.557 p. m. 22/12/2019 
30.000000 	 -75.000000 	 36.000000 	 -53.000000 	 190.000000 	 117.000000 	 95.000000 	 123.000000 	 1495.000000 	 76.000000 	 83.000000 	 32.000000 	 27.000000 	 12:39:47.619 p. m. 22/12/2019 
11.000000 	 -51.000000 	 5.000000 	 -99.000000 	 67.000000 	 231.000000 	 1290.000000 	 175.000000 	 896.000000 	 61.000000 	 31.000000 	 25.000000 	 6.000000 	 12:39:47.678 p. m. 22/12/2019 
9.000000 	 20.000000 	 84.000000 	 7.000000 	 117.000000 	 173.000000 	 1473.000000 	 100.000000 	 503.000000 	 83.000000 	 34.000000 	 32.000000 	 7.000000 	 12:39:47.737 p. m. 22/12/2019 
93.000000 	 -9.000000 	 137.000000 	 79.000000 	 197.000000 	 136.000000 	 1451.000000 	 -166.000000 	 122.000000 	 30.000000 	 30.000000 	 4.000000 	 6.000000 	 12:39:47.795 p. m. 22/12/2019 
-11.000000 	 -133.000000 	 133.000000 	 -11.000000 	 188.000000 	 237.000000 	 1139.000000 	 84.000000 	 1068.000000 	 83.000000 	 29.000000 	 15.000000 	 5.000000 	 12:39:47.861 p. m. 22/12/2019 
127.000000 	 -10.000000 	 37.000000 	 147.000000 	 199.000000 	 218.000000 	 1363.000000 	 0.000000 	 999.000000 	 47.000000 	 1.000000 	 38.000000 	 5.000000 	 12:39:47.922 p. m. 22/12/2019 
140.000000 	 -6.000000 	 52.000000 	 126.000000 	 210.000000 	 249.000000 	 969.000000 	 88.000000 	 629.000000 	 52.000000 	 32.000000 	 8.000000 	 7.000000 	 12:39:47.979 p. m. 22/12/2019 
141.000000 	 112.000000 	 -14.000000 	 -141.000000 	 40.000000 	 228.000000 	 185.000000 	 48.000000 	 813.000000 	 67.000000 	 5.000000 	 14.000000 	 4.000000 	 12:39:48.038 p. m. 22/12/2019 
35.000000 	 120.000000 	 103.000000 	 29.000000 	 158.000000 	 149.000000 	 1059.000000 	 165.000000 	 1023.000000 	 48.000000 	 44.000000 	 27.000000 	 37.000000 	 12:39:48.100 p. m. 22/12/2019 
41.000000 	 -108.000000 	 78.000000 	 27.000000 	 234.000000 	 192.000000 	 56.000000 	 75.000000 	 133.000000 	 10.000000 	 92.000000 	 20.000000 	 20.000000 	 12:39:48.162 p. m. 22/12/2019 
103.000000 	 3.000000 	 138.000000 	 78.000000 	 53.000000 	 242.000000 	 271.000000 	 0.000000 	 905.000000 	 55.000000 	 21.000000 	 34.000000 	 34.000000 	 12:39:48.219 p. m. 22/12/2019 
-13.000000 	 -122.000000 	 8.000000 	 135.000000 	 243.000000 	 243.000000 	 774.000000 	 23.000000 	 261.000000 	 72.000000 	 24.000000 	 35.000000 	 39.000000 	 12:39:48.281 p. m. 22/12/2019 
-4.000000 	 94.000000 	 68.000000 	 -3.000000 	 205.000000 	 57.000000 	 1383.000000 	 36.000000 	 1443.000000 	 36.000000 	 37.000000 	 46.000000 	 12.000000 	 12:39:48.338 p. m. 22/12/2019 
77.000000 	 -108.000000 	 46.000000 	 -47.000000 	 66.000000 	 36.000000 	 1294.000000 	 48.000000 	 804.000000 	 55.000000 	 87.000000 	 33.000000 	 17.000000 	 12:39:48.401 p. m. 22/12/2019 
35.000000 	 -57.000000 	 126.000000 	 -12.000000 	 21.000000 	 182.000000 	 690.000000 	 20.000000 	 332.000000 	 26.000000 	 29.000000 	 7.000000 	 14.000000 	 12:39:48.459 p. m. 22/12/2019 
117.000000 	 -25.000000 	 138.000000 	 -24.000000 	 225.000000 	 2.000000 	 1125.000000 	 167.000000 	 879.000000 	 51.000000 	 41.000000 	 9.000000 	 31.000000 	 12:39:48.518 p. m. 22/12/2019 
145.000000 	 -125.000000 	 34.000000 	 143.000000 	 89.000000 	 3.000000 	 429.000000 	 -79.000000 	 372.000000 	 40.000000 	 53.000000 	 29.000000 	 32.000000 	 12:39:48.580 p. m. 22/12/2019 
130.000000 	 -91.000000 	 4.000000 	 90.000000 	 56.000000 	 19.000000 	 204.000000 	 -42.000000 	 968.000000 	 86.000000 	 66.000000 	 12.000000 	 24.000000 	 12:39:48.638 p. m. 22/12/2019 
38.000000 	 -129.000000 	 67.000000 	 65.000000 	 142.000000 	 81.000000 	 409.000000 	 -22.000000 	 1435.000000 	 65.000000 	 61.000000 	 11.000000 	 32.000000 	 12:39:48.699 p. m. 22/12/2019 
142.000000 	 69.000000 	 54.000000 	 -47.000000 	 39.000000 	 21.000000 	 1016.000000 	 84.000000 	 683.000000 	 74.000000 	 13.000000 	 11.000000 	 44.000000 	 12:39:48.761 p. m. 22/12/2019 
38.000000 	 9.000000 	 25.000000 	 -78.000000 	 222.000000 	 182.000000 	 715.000000 	 -31.000000 	 1013.000000 	 43.000000 	 80.000000 	 9.000000 	 5.000000 	 12:39:48.818 p. m. 22/12/2019 
-6.000000 	 -1.000000 	 -19.000000 	 -141.000000 	 238.000000 	 28.000000 	 285.000000 	 167.000000 	 760.000000 	 80.000000 	 89.000000 	 13.000000 	 33.000000 	 12:39:48.878 p. m. 22/12/2019 
36.000000 	 35.000000 	 60.000000 	 135.000000 	 222.000000 	 14.000000 	 891.000000 	 -77.000000 	 893.000000 	 3.000000 	 98.000000 	 13.000000 	 11.000000 	 12:39:48.936 p. m. 22/12/2019 
121.000000 	 127.000000 	 149.000000 	 -53.000000 	 194.000000 	 212.000000 	 1069.000000 	 40.000000 	 531.000000 	 65.000000 	 11.000000 	 13.000000 	 46.000000 	 12:39:49.003 p. m. 22/12/2019 
70.000000 	 -46.000000 	 33.000000 	 -62.000000 	 172.000000 	 5.000000 	 316.000000 	 145.000000 	 877.000000 	 72.000000 	 12.000000 	 30.000000 	 26.000000 	 12:39:49.061 p. m. 22/12/2019 
130.000000 	 91.000000 	 58.000000 	 125.000000 	 84.000000 	 83.000000 	 1263.000000 	 -39.000000 	 1058.000000 	 82.000000 	 67.000000 	 2.000000 	 1.000000 	 12:39:49.121 p. m. 22/12/2019 
11.000000 	 145.000000 	 -13.000000 	 79.000000 	 202.000000 	 216.000000 	 786.000000 	 -40.000000 	 1456.000000 	 92.000000 	 1.000000 	 39.000000 	 11.000000 	 12:39:49.183 p. m. 22/12/2019 
124.000000 	 20.000000 	 73.000000 	 120.000000 	 108.000000 	 240.000000 	 120.000000 	 57.000000 	 1245.000000 	 97.000000 	 79.000000 	 49.000000 	 2.000000 	 12:39:49.241 p. m. 22/12/2019 
3.000000 	 17.000000 	 39.000000 	 119.000000 	 237.000000 	 169.000000 	 299.000000 	 -42.000000 	 218.000000 	 5.000000 	 15.000000 	 37.000000 	 15.000000 	 12:39:49.300 p. m. 22/12/2019 
-11.000000 	 -126.000000 	 105.000000 	 116.000000 	 52.000000 	 246.000000 	 660.000000 	 38.000000 	 279.000000 	 71.000000 	 24.000000 	 45.000000 	 30.000000 	 12:39:49.362 p. m. 22/12/2019 
87.000000 	 8.000000 	 64.000000 	 65.000000 	 163.000000 	 51.000000 	 108.000000 	 45.000000 	 852.000000 	 95.000000 	 11.000000 	 10.000000 	 10.000000 	 12:39:49.420 p. m. 22/12/2019 
82.000000 	 -40.000000 	 -8.000000 	 60.000000 	 71.000000 	 125.000000 	 1135.000000 	 0.000000 	 184.000000 	 6.000000 	 5.000000 	 8.000000 	 27.000000 	 12:39:49.473 p. m. 22/12/2019 
64.000000 	 -1.000000 	 103.000000 	 -106.000000 	 236.000000 	 129.000000 	 1081.000000 	 -119.000000 	 485.000000 	 38.000000 	 3.000000 	 7.000000 	 22.000000 	 12:39:49.534 p. m. 22/12/2019 
93.000000 	 -55.000000 	 -19.000000 	 33.000000 	 243.000000 	 147.000000 	 1300.000000 	 56.000000 	 589.000000 	 1.000000 	 99.000000 	 10.000000 	 24.000000 	 12:39:49.597 p. m. 22/12/2019 
25.000000 	 -122.000000 	 121.000000 	 -3.000000 	 171.000000 	 178.000000 	 520.000000 	 -172.000000 	 915.000000 	 76.000000 	 24.000000 	 3.000000 	 14.000000 	 12:39:49.657 p. m. 22/12/2019 
117.000000 	 145.000000 	 -1.000000 	 43.000000 	 166.000000 	 90.000000 	 731.000000 	 78.000000 	 849.000000 	 30.000000 	 9.000000 	 37.000000 	 32.000000 	 12:39:49.719 p. m. 22/12/2019 
134.000000 	 134.000000 	 70.000000 	 3.000000 	 121.000000 	 138.000000 	 664.000000 	 78.000000 	 1188.000000 	 7.000000 	 62.000000 	 8.000000 	 16.000000 	 12:39:49.777 p. m. 22/12/2019 
25.000000 	 27.000000 	 72.000000 	 -73.000000 	 124.000000 	 90.000000 	 360.000000 	 -69.000000 	 1027.000000 	 21.000000 	 39.000000 	 40.000000 	 14.000000 	 12:39:49.838 p. m. 22/12/2019 
-13.000000 	 -114.000000 	 -5.000000 	 -139.000000 	 89.000000 	 210.000000 	 475.000000 	 19.000000 	 1039.000000 	 49.000000 	 99.000000 	 22.000000 	 24.000000 	 12:39:49.900 p. m. 22/12/2019 
0.000000 	 -84.000000 	 2.000000 	 -128.000000 	 231.000000 	 145.000000 	 334.000000 	 107.000000 	 293.000000 	 17.000000 	 1.000000 	 15.000000 	 48.000000 	 12:39:49.960 p. m. 22/12/2019 
64.000000 	 -118.000000 	 8.000000 	 -85.000000 	 138.000000 	 152.000000 	 810.000000 	 179.000000 	 1310.000000 	 37.000000 	 92.000000 	 36.000000 	 48.000000 	 12:39:50.022 p. m. 22/12/2019 
138.000000 	 -100.000000 	 143.000000 	 -131.000000 	 147.000000 	 82.000000 	 194.000000 	 -27.000000 	 510.000000 	 11.000000 	 5.000000 	 8.000000 	 7.000000 	 12:39:50.083 p. m. 22/12/2019 
23.000000 	 24.000000 	 44.000000 	 57.000000 	 207.000000 	 84.000000 	 1369.000000 	 -141.000000 	 514.000000 	 87.000000 	 95.000000 	 48.000000 	 17.000000 	 12:39:50.147 p. m. 22/12/2019 
-7.000000 	 17.000000 	 -10.000000 	 103.000000 	 215.000000 	 88.000000 	 956.000000 	 68.000000 	 226.000000 	 0.000000 	 22.000000 	 37.000000 	 49.000000 	 12:39:50.202 p. m. 22/12/2019 
101.000000 	 146.000000 	 97.000000 	 -9.000000 	 48.000000 	 155.000000 	 1388.000000 	 -69.000000 	 873.000000 	 7.000000 	 20.000000 	 42.000000 	 43.000000 	 12:39:50.264 p. m. 22/12/2019 
132.000000 	 139.000000 	 33.000000 	 -122.000000 	 213.000000 	 213.000000 	 1417.000000 	 170.000000 	 988.000000 	 46.000000 	 43.000000 	 15.000000 	 38.000000 	 12:39:50.326 p. m. 22/12/2019 
41.000000 	 16.000000 	 23.000000 	 -112.000000 	 254.000000 	 237.000000 	 757.000000 	 22.000000 	 546.000000 	 31.000000 	 3.000000 	 20.000000 	 27.000000 	 12:39:50.386 p. m. 22/12/2019 
34.000000 	 101.000000 	 85.000000 	 -121.000000 	 197.000000 	 21.000000 	 688.000000 	 -30.000000 	 685.000000 	 2.000000 	 73.000000 	 45.000000 	 47.000000 	 12:39:50.448 p. m. 22/12/2019 
85.000000 	 102.000000 	 58.000000 	 136.000000 	 168.000000 	 72.000000 	 1122.000000 	 -137.000000 	 1326.000000 	 96.000000 	 61.000000 	 29.000000 	 34.000000 	 12:39:50.511 p. m. 22/12/2019 
42.000000 	 -60.000000 	 17.000000 	 78.000000 	 6.000000 	 178.000000 	 44.000000 	 -168.000000 	 925.000000 	 38.000000 	 72.000000 	 37.000000 	 7.000000 	 12:39:50.566 p. m. 22/12/2019 
35.000000 	 -123.000000 	 81.000000 	 32.000000 	 22.000000 	 44.000000 	 228.000000 	 113.000000 	 535.000000 	 1.000000 	 39.000000 	 23.000000 	 23.000000 	 12:39:50.624 p. m. 22/12/2019 
54.000000 	 -59.000000 	 68.000000 	 -91.000000 	 73.000000 	 233.000000 	 1027.000000 	 112.000000 	 133.000000 	 8.000000 	 41.000000 	 21.000000 	 49.000000 	 12:39:50.686 p. m. 22/12/2019 
59.000000 	 -20.000000 	 71.000000 	 -74.000000 	 33.000000 	 242.000000 	 1154.000000 	 -22.000000 	 1469.000000 	 15.000000 	 80.000000 	 47.000000 	 27.000000 	 12:39:50.748 p. m. 22/12/2019 
55.000000 	 138.000000 	 6.000000 	 -86.000000 	 2.000000 	 11.000000 	 538.000000 	 87.000000 	 202.000000 	 31.000000 	 79.000000 	 7.000000 	 46.000000 	 12:39:50.804 p. m. 22/12/2019 
67.000000 	 -10.000000 	 98.000000 	 91.000000 	 182.000000 	 67.000000 	 465.000000 	 -91.000000 	 11.000000 	 8.000000 	 2.000000 	 43.000000 	 23.000000 	 12:39:50.858 p. m. 22/12/2019 
20.000000 	 86.000000 	 62.000000 	 114.000000 	 160.000000 	 61.000000 	 587.000000 	 -100.000000 	 1108.000000 	 55.000000 	 5.000000 	 37.000000 	 14.000000 	 12:39:50.920 p. m. 22/12/2019 
-9.000000 	 115.000000 	 59.000000 	 109.000000 	 237.000000 	 15.000000 	 543.000000 	 142.000000 	 1482.000000 	 3.000000 	 39.000000 	 34.000000 	 11.000000 	 12:39:50.980 p. m. 22/12/2019 
94.000000 	 -18.000000 	 -3.000000 	 34.000000 	 59.000000 	 31.000000 	 1414.000000 	 -73.000000 	 1448.000000 	 8.000000 	 4.000000 	 37.000000 	 35.000000 	 12:39:51.037 p. m. 22/12/2019 
72.000000 	 86.000000 	 117.000000 	 75.000000 	 39.000000 	 109.000000 	 1328.000000 	 13.000000 	 123.000000 	 30.000000 	 44.000000 	 20.000000 	 32.000000 	 12:39:51.099 p. m. 22/12/2019 
-6.000000 	 35.000000 	 59.000000 	 114.000000 	 170.000000 	 236.000000 	 679.000000 	 110.000000 	 1220.000000 	 90.000000 	 1.000000 	 24.000000 	 49.000000 	 12:39:51.157 p. m. 22/12/2019 
57.000000 	 -148.000000 	 0.000000 	 -46.000000 	 58.000000 	 130.000000 	 464.000000 	 -52.000000 	 1427.000000 	 1.000000 	 0.000000 	 32.000000 	 44.000000 	 12:39:51.218 p. m. 22/12/2019 
75.000000 	 119.000000 	 63.000000 	 105.000000 	 98.000000 	 208.000000 	 927.000000 	 -31.000000 	 274.000000 	 21.000000 	 37.000000 	 7.000000 	 20.000000 	 12:39:51.277 p. m. 22/12/2019 
99.000000 	 -138.000000 	 112.000000 	 -67.000000 	 97.000000 	 76.000000 	 652.000000 	 127.000000 	 987.000000 	 88.000000 	 7.000000 	 33.000000 	 32.000000 	 12:39:51.336 p. m. 22/12/2019 
111.000000 	 53.000000 	 32.000000 	 -23.000000 	 155.000000 	 95.000000 	 970.000000 	 159.000000 	 523.000000 	 65.000000 	 74.000000 	 17.000000 	 18.000000 	 12:39:51.398 p. m. 22/12/2019 
33.000000 	 -150.000000 	 84.000000 	 -59.000000 	 222.000000 	 134.000000 	 45.000000 	 133.000000 	 1112.000000 	 79.000000 	 69.000000 	 18.000000 	 30.000000 	 12:39:51.459 p. m. 22/12/2019 
18.000000 	 99.000000 	 137.000000 	 140.000000 	 128.000000 	 238.000000 	 926.000000 	 12.000000 	 652.000000 	 17.000000 	 93.000000 	 11.000000 	 41.000000 	 12:39:51.521 p. m. 22/12/2019 
91.000000 	 57.000000 	 -12.000000 	 113.000000 	 136.000000 	 112.000000 	 737.000000 	 -42.000000 	 1478.000000 	 46.000000 	 94.000000 	 13.000000 	 33.000000 	 12:39:51.583 p. m. 22/12/2019 
70.000000 	 134.000000 	 123.000000 	 -63.000000 	 82.000000 	 89.000000 	 307.000000 	 22.000000 	 484.000000 	 48.000000 	 35.000000 	 30.000000 	 48.000000 	 12:39:51.644 p. m. 22/12/2019 
74.000000 	 -24.000000 	 80.000000 	 -116.000000 	 145.000000 	 133.000000 	 91.000000 	 59.000000 	 871.000000 	 69.000000 	 1.000000 	 46.000000 	 10.000000 	 12:39:51.702 p. m. 22/12/2019 
103.000000 	 142.000000 	 131.000000 	 -22.000000 	 225.000000 	 67.000000 	 379.000000 	 -1.000000 	 569.000000 	 51.000000 	 14.000000 	 14.000000 	 34.000000 	 12:39:51.764 p. m. 22/12/2019 
-19.000000 	 -106.000000 	 101.000000 	 -23.000000 	 236.000000 	 249.000000 	 397.000000 	 -85.000000 	 6.000000 	 91.000000 	 11.000000 	 38.000000 	 32.000000 	 12:39:51.826 p. m. 22/12/2019 
33.000000 	 -32.000000 	 13.000000 	 -147.000000 	 135.000000 	 118.000000 	 873.000000 	 37.000000 	 1180.000000 	 99.000000 	 93.000000 	 49.000000 	 43.000000 	 12:39:51.890 p. m. 22/12/2019 
128.000000 	 -104.000000 	 105.000000 	 125.000000 	 121.000000 	 66.000000 	 830.000000 	 115.000000 	 128.000000 	 48.000000 	 97.000000 	 12.000000 	 11.000000 	 12:39:51.953 p. m. 22/12/2019 
97.000000 	 87.000000 	 84.000000 	 145.000000 	 165.000000 	 177.000000 	 856.000000 	 -175.000000 	 843.000000 	 66.000000 	 15.000000 	 0.000000 	 42.000000 	 12:39:52.014 p. m. 22/12/2019 
105.000000 	 -27.000000 	 95.000000 	 62.000000 	 219.000000 	 150.000000 	 973.000000 	 177.000000 	 1056.000000 	 23.000000 	 53.000000 	 6.000000 	 2.000000 	 12:39:52.074 p. m. 22/12/2019 
16.000000 	 12.000000 	 68.000000 	 61.000000 	 176.000000 	 89.000000 	 809.000000 	 -98.000000 	 896.000000 	 9.000000 	 96.000000 	 44.000000 	 35.000000 	 12:39:52.131 p. m. 22/12/2019 
75.000000 	 -92.000000 	 33.000000 	 53.000000 	 219.000000 	 251.000000 	 455.000000 	 170.000000 	 175.000000 	 27.000000 	 63.000000 	 2.000000 	 11.000000 	 12:39:52.189 p. m. 22/12/2019 
114.000000 	 37.000000 	 26.000000 	 27.000000 	 191.000000 	 250.000000 	 183.000000 	 160.000000 	 1499.000000 	 90.000000 	 42.000000 	 11.000000 	 36.000000 	 12:39:52.250 p. m. 22/12/2019 
62.000000 	 10.000000 	 -11.000000 	 -36.000000 	 123.000000 	 251.000000 	 1457.000000 	 -121.000000 	 350.000000 	 19.000000 	 98.000000 	 43.000000 	 18.000000 	 12:39:52.316 p. m. 22/12/2019 
26.000000 	 -49.000000 	 136.000000 	 138.000000 	 75.000000 	 131.000000 	 1249.000000 	 -149.000000 	 1347.000000 	 44.000000 	 76.000000 	 46.000000 	 28.000000 	 12:39:52.378 p. m. 22/12/2019 
116.000000 	 -114.000000 	 82.000000 	 89.000000 	 119.000000 	 34.000000 	 1487.000000 	 166.000000 	 100.000000 	 6.000000 	 91.000000 	 6.000000 	 48.000000 	 12:39:52.439 p. m. 22/12/2019 
86.000000 	 20.000000 	 13.000000 	 -49.000000 	 215.000000 	 224.000000 	 58.000000 	 27.000000 	 94.000000 	 86.000000 	 97.000000 	 39.000000 	 35.000000 	 12:39:52.495 p. m. 22/12/2019 
7.000000 	 18.000000 	 90.000000 	 114.000000 	 135.000000 	 148.000000 	 1210.000000 	 63.000000 	 723.000000 	 31.000000 	 23.000000 	 6.000000 	 14.000000 	 12:39:52.553 p. m. 22/12/2019 
-18.000000 	 119.000000 	 2.000000 	 112.000000 	 26.000000 	 120.000000 	 1235.000000 	 -69.000000 	 1424.000000 	 70.000000 	 66.000000 	 43.000000 	 28.000000 	 12:39:52.619 p. m. 22/12/2019 
16.000000 	 -117.000000 	 99.000000 	 53.000000 	 201.000000 	 143.000000 	 1241.000000 	 -171.000000 	 1419.000000 	 81.000000 	 15.000000 	 23.000000 	 48.000000 	 12:39:52.681 p. m. 22/12/2019 
62.000000 	 18.000000 	 121.000000 	 39.000000 	 181.000000 	 8.000000 	 993.000000 	 80.000000 	 613.000000 	 42.000000 	 26.000000 	 0.000000 	 6.000000 	 12:39:52.738 p. m. 22/12/2019 
102.000000 	 -144.000000 	 2.000000 	 -86.000000 	 182.000000 	 196.000000 	 590.000000 	 179.000000 	 802.000000 	 34.000000 	 75.000000 	 42.000000 	 32.000000 	 12:39:52.800 p. m. 22/12/2019 
14.000000 	 119.000000 	 -17.000000 	 -103.000000 	 117.000000 	 80.000000 	 964.000000 	 93.000000 	 166.000000 	 94.000000 	 84.000000 	 8.000000 	 21.000000 	 12:39:52.862 p. m. 22/12/2019 
116.000000 	 -80.000000 	 52.000000 	 142.000000 	 99.000000 	 229.000000 	 545.000000 	 7.000000 	 1272.000000 	 80.000000 	 96.000000 	 47.000000 	 46.000000 	 12:39:52.923 p. m. 22/12/2019 
40.000000 	 -44.000000 	 10.000000 	 -7.000000 	 16.000000 	 224.000000 	 1275.000000 	 -43.000000 	 802.000000 	 92.000000 	 11.000000 	 18.000000 	 25.000000 	 12:39:52.979 p. m. 22/12/2019 
67.000000 	 48.000000 	 -18.000000 	 -13.000000 	 231.000000 	 36.000000 	 192.000000 	 4.000000 	 1460.000000 	 59.000000 	 15.000000 	 45.000000 	 35.000000 	 12:39:53.041 p. m. 22/12/2019 
-9.000000 	 -87.000000 	 148.000000 	 114.000000 	 63.000000 	 5.000000 	 504.000000 	 -25.000000 	 526.000000 	 86.000000 	 40.000000 	 23.000000 	 8.000000 	 12:39:53.099 p. m. 22/12/2019 
-20.000000 	 109.000000 	 60.000000 	 47.000000 	 194.000000 	 123.000000 	 1317.000000 	 137.000000 	 530.000000 	 21.000000 	 51.000000 	 21.000000 	 28.000000 	 12:39:53.160 p. m. 22/12/2019 
32.000000 	 49.000000 	 132.000000 	 -94.000000 	 19.000000 	 226.000000 	 204.000000 	 -132.000000 	 687.000000 	 33.000000 	 14.000000 	 7.000000 	 9.000000 	 12:39:53.221 p. m. 22/12/2019 
30.000000 	 126.000000 	 80.000000 	 66.000000 	 105.000000 	 42.000000 	 55.000000 	 -138.000000 	 1286.000000 	 14.000000 	 86.000000 	 29.000000 	 33.000000 	 12:39:53.283 p. m. 22/12/2019 
57.000000 	 -63.000000 	 61.000000 	 -91.000000 	 40.000000 	 189.000000 	 719.000000 	 151.000000 	 1269.000000 	 3.000000 	 53.000000 	 46.000000 	 41.000000 	 12:39:53.340 p. m. 22/12/2019 
98.000000 	 -2.000000 	 7.000000 	 76.000000 	 236.000000 	 108.000000 	 994.000000 	 -17.000000 	 1327.000000 	 47.000000 	 98.000000 	 31.000000 	 40.000000 	 12:39:53.403 p. m. 22/12/2019 
140.000000 	 -120.000000 	 33.000000 	 -33.000000 	 144.000000 	 107.000000 	 1183.000000 	 119.000000 	 1374.000000 	 33.000000 	 46.000000 	 39.000000 	 31.000000 	 12:39:53.467 p. m. 22/12/2019 
111.000000 	 5.000000 	 136.000000 	 -71.000000 	 186.000000 	 9.000000 	 876.000000 	 -66.000000 	 1384.000000 	 85.000000 	 87.000000 	 45.000000 	 49.000000 	 12:39:53.530 p. m. 22/12/2019 
70.000000 	 136.000000 	 38.000000 	 -37.000000 	 247.000000 	 12.000000 	 450.000000 	 142.000000 	 685.000000 	 71.000000 	 49.000000 	 4.000000 	 18.000000 	 12:39:53.587 p. m. 22/12/2019 
20.000000 	 146.000000 	 29.000000 	 23.000000 	 183.000000 	 60.000000 	 448.000000 	 -161.000000 	 1167.000000 	 4.000000 	 33.000000 	 29.000000 	 40.000000 	 12:39:53.647 p. m. 22/12/2019 
24.000000 	 116.000000 	 -9.000000 	 61.000000 	 149.000000 	 143.000000 	 399.000000 	 -23.000000 	 1245.000000 	 23.000000 	 55.000000 	 25.000000 	 20.000000 	 12:39:53.710 p. m. 22/12/2019 
116.000000 	 125.000000 	 15.000000 	 118.000000 	 47.000000 	 52.000000 	 1324.000000 	 -156.000000 	 786.000000 	 90.000000 	 13.000000 	 25.000000 	 38.000000 	 12:39:53.772 p. m. 22/12/2019 
93.000000 	 -47.000000 	 122.000000 	 -39.000000 	 186.000000 	 32.000000 	 63.000000 	 -4.000000 	 827.000000 	 65.000000 	 3.000000 	 19.000000 	 43.000000 	 12:39:53.827 p. m. 22/12/2019 
71.000000 	 -50.000000 	 119.000000 	 79.000000 	 93.000000 	 187.000000 	 1465.000000 	 96.000000 	 1443.000000 	 79.000000 	 47.000000 	 48.000000 	 27.000000 	 12:39:53.890 p. m. 22/12/2019 
78.000000 	 30.000000 	 80.000000 	 -12.000000 	 42.000000 	 221.000000 	 517.000000 	 136.000000 	 88.000000 	 42.000000 	 45.000000 	 4.000000 	 29.000000 	 12:39:53.947 p. m. 22/12/2019 
9.000000 	 125.000000 	 5.000000 	 3.000000 	 220.000000 	 215.000000 	 669.000000 	 127.000000 	 1201.000000 	 56.000000 	 10.000000 	 35.000000 	 43.000000 	 12:39:54.003 p. m. 22/12/2019 
36.000000 	 143.000000 	 92.000000 	 65.000000 	 49.000000 	 185.000000 	 446.000000 	 -67.000000 	 1037.000000 	 49.000000 	 22.000000 	 20.000000 	 4.000000 	 12:39:54.065 p. m. 22/12/2019 
12.000000 	 -104.000000 	 29.000000 	 -54.000000 	 18.000000 	 157.000000 	 716.000000 	 157.000000 	 376.000000 	 99.000000 	 93.000000 	 3.000000 	 36.000000 	 12:39:54.128 p. m. 22/12/2019 
73.000000 	 85.000000 	 105.000000 	 -31.000000 	 101.000000 	 28.000000 	 1152.000000 	 -36.000000 	 515.000000 	 76.000000 	 23.000000 	 30.000000 	 9.000000 	 12:39:54.184 p. m. 22/12/2019 
37.000000 	 -127.000000 	 45.000000 	 -8.000000 	 166.000000 	 67.000000 	 802.000000 	 38.000000 	 243.000000 	 62.000000 	 85.000000 	 34.000000 	 42.000000 	 12:39:54.245 p. m. 22/12/2019 
93.000000 	 29.000000 	 63.000000 	 -56.000000 	 186.000000 	 217.000000 	 193.000000 	 -23.000000 	 609.000000 	 54.000000 	 67.000000 	 18.000000 	 48.000000 	 12:39:54.306 p. m. 22/12/2019 
-10.000000 	 102.000000 	 44.000000 	 -118.000000 	 243.000000 	 146.000000 	 690.000000 	 41.000000 	 1344.000000 	 94.000000 	 87.000000 	 24.000000 	 31.000000 	 12:39:54.369 p. m. 22/12/2019 
7.000000 	 -68.000000 	 -14.000000 	 -69.000000 	 187.000000 	 217.000000 	 433.000000 	 116.000000 	 736.000000 	 30.000000 	 15.000000 	 20.000000 	 11.000000 	 12:39:54.429 p. m. 22/12/2019 
3.000000 	 96.000000 	 135.000000 	 70.000000 	 132.000000 	 31.000000 	 1412.000000 	 -126.000000 	 833.000000 	 1.000000 	 77.000000 	 33.000000 	 35.000000 	 12:39:54.491 p. m. 22/12/2019 
35.000000 	 -84.000000 	 -10.000000 	 119.000000 	 27.000000 	 234.000000 	 1281.000000 	 112.000000 	 641.000000 	 81.000000 	 1.000000 	 47.000000 	 23.000000 	 12:39:54.553 p. m. 22/12/2019 
135.000000 	 -89.000000 	 91.000000 	 -18.000000 	 31.000000 	 180.000000 	 562.000000 	 104.000000 	 759.000000 	 77.000000 	 35.000000 	 5.000000 	 23.000000 	 12:39:54.610 p. m. 22/12/2019 
46.000000 	 9.000000 	 103.000000 	 -85.000000 	 94.000000 	 141.000000 	 167.000000 	 -59.000000 	 1083.000000 	 51.000000 	 73.000000 	 43.000000 	 36.000000 	 12:39:54.671 p. m. 22/12/2019 
-1.000000 	 67.000000 	 111.000000 	 -57.000000 	 50.000000 	 219.000000 	 294.000000 	 56.000000 	 1173.000000 	 7.000000 	 1.000000 	 30.000000 	 8.000000 	 12:39:54.728 p. m. 22/12/2019 
44.000000 	 141.000000 	 -6.000000 	 131.000000 	 253.000000 	 18.000000 	 1092.000000 	 -170.000000 	 220.000000 	 54.000000 	 29.000000 	 40.000000 	 31.000000 	 12:39:54.791 p. m. 22/12/2019 
10.000000 	 5.000000 	 122.000000 	 -71.000000 	 45.000000 	 205.000000 	 1415.000000 	 -90.000000 	 888.000000 	 89.000000 	 25.000000 	 7.000000 	 36.000000 	 12:39:54.851 p. m. 22/12/2019 
92.000000 	 -105.000000 	 134.000000 	 43.000000 	 182.000000 	 106.000000 	 812.000000 	 16.000000 	 1466.000000 	 66.000000 	 90.000000 	 11.000000 	 39.000000 	 12:39:54.915 p. m. 22/12/2019 
109.000000 	 -15.000000 	 39.000000 	 -114.000000 	 242.000000 	 38.000000 	 781.000000 	 -98.000000 	 805.000000 	 27.000000 	 18.000000 	 5.000000 	 13.000000 	 12:39:54.975 p. m. 22/12/2019 
32.000000 	 88.000000 	 89.000000 	 -17.000000 	 193.000000 	 236.000000 	 1231.000000 	 -44.000000 	 1028.000000 	 9.000000 	 44.000000 	 17.000000 	 36.000000 	 12:39:55.036 p. m. 22/12/2019 
56.000000 	 -41.000000 	 19.000000 	 140.000000 	 119.000000 	 94.000000 	 868.000000 	 -124.000000 	 1284.000000 	 17.000000 	 75.000000 	 15.000000 	 12.000000 	 12:39:55.097 p. m. 22/12/2019 
0.000000 	 -91.000000 	 78.000000 	 -2.000000 	 133.000000 	 17.000000 	 1234.000000 	 -74.000000 	 150.000000 	 10.000000 	 7.000000 	 25.000000 	 20.000000 	 12:39:55.158 p. m. 22/12/2019 
78.000000 	 -129.000000 	 -3.000000 	 149.000000 	 212.000000 	 1.000000 	 707.000000 	 50.000000 	 1210.000000 	 0.000000 	 36.000000 	 28.000000 	 38.000000 	 12:39:55.217 p. m. 22/12/2019 
13.000000 	 -35.000000 	 135.000000 	 -78.000000 	 87.000000 	 228.000000 	 251.000000 	 -1.000000 	 1495.000000 	 26.000000 	 14.000000 	 35.000000 	 19.000000 	 12:39:55.278 p. m. 22/12/2019 
70.000000 	 148.000000 	 -4.000000 	 -141.000000 	 119.000000 	 235.000000 	 1165.000000 	 -64.000000 	 151.000000 	 41.000000 	 73.000000 	 15.000000 	 44.000000 	 12:39:55.343 p. m. 22/12/2019 
-4.000000 	 53.000000 	 143.000000 	 90.000000 	 173.000000 	 123.000000 	 386.000000 	 112.000000 	 1312.000000 	 68.000000 	 82.000000 	 37.000000 	 18.000000 	 12:39:55.405 p. m. 22/12/2019 
-18.000000 	 -146.000000 	 26.000000 	 -138.000000 	 104.000000 	 189.000000 	 545.000000 	 -44.000000 	 209.000000 	 61.000000 	 78.000000 	 11.000000 	 31.000000 	 12:39:55.467 p. m. 22/12/2019 
92.000000 	 -139.000000 	 76.000000 	 110.000000 	 149.000000 	 147.000000 	 342.000000 	 -74.000000 	 1023.000000 	 44.000000 	 7.000000 	 34.000000 	 37.000000 	 12:39:55.533 p. m. 22/12/2019 
100.000000 	 -93.000000 	 -12.000000 	 90.000000 	 124.000000 	 67.000000 	 1066.000000 	 -99.000000 	 1436.000000 	 7.000000 	 26.000000 	 37.000000 	 36.000000 	 12:39:55.593 p. m. 22/12/2019 
76.000000 	 2.000000 	 40.000000 	 117.000000 	 195.000000 	 151.000000 	 116.000000 	 -25.000000 	 946.000000 	 99.000000 	 77.000000 	 12.000000 	 30.000000 	 12:39:55.650 p. m. 22/12/2019 
26.000000 	 -26.000000 	 60.000000 	 137.000000 	 29.000000 	 75.000000 	 1023.000000 	 11.000000 	 173.000000 	 77.000000 	 57.000000 	 44.000000 	 16.000000 	 12:39:55.713 p. m. 22/12/2019 
135.000000 	 121.000000 	 2.000000 	 26.000000 	 60.000000 	 12.000000 	 709.000000 	 -105.000000 	 450.000000 	 92.000000 	 6.000000 	 13.000000 	 38.000000 	 12:39:55.770 p. m. 22/12/2019 
9.000000 	 50.000000 	 76.000000 	 53.000000 	 70.000000 	 156.000000 	 775.000000 	 17.000000 	 1108.000000 	 96.000000 	 9.000000 	 16.000000 	 27.000000 	 12:39:55.827 p. m. 22/12/2019 
-5.000000 	 -26.000000 	 77.000000 	 -31.000000 	 242.000000 	 64.000000 	 1157.000000 	 -25.000000 	 1472.000000 	 54.000000 	 25.000000 	 17.000000 	 37.000000 	 12:39:55.888 p. m. 22/12/2019 
-12.000000 	 146.000000 	 120.000000 	 86.000000 	 143.000000 	 252.000000 	 1041.000000 	 -62.000000 	 1103.000000 	 81.000000 	 62.000000 	 19.000000 	 8.000000 	 12:39:55.953 p. m. 22/12/2019 
41.000000 	 -74.000000 	 82.000000 	 17.000000 	 218.000000 	 193.000000 	 620.000000 	 -109.000000 	 1420.000000 	 49.000000 	 62.000000 	 24.000000 	 41.000000 	 12:39:56.015 p. m. 22/12/2019 
-15.000000 	 -79.000000 	 39.000000 	 -81.000000 	 253.000000 	 163.000000 	 1127.000000 	 68.000000 	 1488.000000 	 11.000000 	 30.000000 	 24.000000 	 7.000000 	 12:39:56.076 p. m. 22/12/2019 
89.000000 	 109.000000 	 120.000000 	 129.000000 	 129.000000 	 82.000000 	 686.000000 	 -139.000000 	 1365.000000 	 32.000000 	 47.000000 	 12.000000 	 41.000000 	 12:39:56.142 p. m. 22/12/2019 
29.000000 	 41.000000 	 80.000000 	 -63.000000 	 161.000000 	 88.000000 	 218.000000 	 -65.000000 	 1310.000000 	 24.000000 	 19.000000 	 7.000000 	 42.000000 	 12:39:56.199 p. m. 22/12/2019 
-16.000000 	 -74.000000 	 115.000000 	 86.000000 	 21.000000 	 241.000000 	 992.000000 	 -14.000000 	 420.000000 	 77.000000 	 4.000000 	 35.000000 	 7.000000 	 12:39:56.260 p. m. 22/12/2019 
5.000000 	 -138.000000 	 86.000000 	 21.000000 	 103.000000 	 54.000000 	 781.000000 	 129.000000 	 1233.000000 	 71.000000 	 81.000000 	 36.000000 	 12.000000 	 12:39:56.318 p. m. 22/12/2019 
140.000000 	 -131.000000 	 51.000000 	 129.000000 	 169.000000 	 10.000000 	 379.000000 	 162.000000 	 480.000000 	 56.000000 	 19.000000 	 44.000000 	 36.000000 	 12:39:56.383 p. m. 22/12/2019 
49.000000 	 72.000000 	 43.000000 	 33.000000 	 70.000000 	 188.000000 	 450.000000 	 59.000000 	 565.000000 	 97.000000 	 39.000000 	 33.000000 	 13.000000 	 12:39:56.441 p. m. 22/12/2019 
133.000000 	 42.000000 	 44.000000 	 3.000000 	 118.000000 	 140.000000 	 11.000000 	 -20.000000 	 69.000000 	 43.000000 	 68.000000 	 17.000000 	 1.000000 	 12:39:56.495 p. m. 22/12/2019 
90.000000 	 65.000000 	 34.000000 	 -59.000000 	 59.000000 	 245.000000 	 387.000000 	 3.000000 	 544.000000 	 38.000000 	 21.000000 	 17.000000 	 2.000000 	 12:39:56.553 p. m. 22/12/2019 
72.000000 	 62.000000 	 26.000000 	 112.000000 	 196.000000 	 159.000000 	 1300.000000 	 -124.000000 	 527.000000 	 17.000000 	 20.000000 	 8.000000 	 10.000000 	 12:39:56.613 p. m. 22/12/2019 
111.000000 	 -60.000000 	 73.000000 	 -60.000000 	 63.000000 	 184.000000 	 432.000000 	 -78.000000 	 1173.000000 	 10.000000 	 11.000000 	 7.000000 	 3.000000 	 12:39:56.674 p. m. 22/12/2019 
44.000000 	 122.000000 	 120.000000 	 -143.000000 	 66.000000 	 188.000000 	 760.000000 	 61.000000 	 1034.000000 	 37.000000 	 82.000000 	 41.000000 	 10.000000 	 12:39:56.735 p. m. 22/12/2019 
-17.000000 	 -113.000000 	 -6.000000 	 -141.000000 	 206.000000 	 84.000000 	 1160.000000 	 -29.000000 	 536.000000 	 59.000000 	 49.000000 	 25.000000 	 25.000000 	 12:39:56.801 p. m. 22/12/2019 
47.000000 	 -22.000000 	 60.000000 	 -143.000000 	 10.000000 	 7.000000 	 507.000000 	 -37.000000 	 497.000000 	 62.000000 	 12.000000 	 14.000000 	 38.000000 	 12:39:56.859 p. m. 22/12/2019 
-14.000000 	 -131.000000 	 37.000000 	 -87.000000 	 74.000000 	 253.000000 	 1269.000000 	 -8.000000 	 12.000000 	 67.000000 	 79.000000 	 22.000000 	 16.000000 	 12:39:56.920 p. m. 22/12/2019 
38.000000 	 4.000000 	 23.000000 	 134.000000 	 42.000000 	 214.000000 	 1100.000000 	 -163.000000 	 1323.000000 	 20.000000 	 11.000000 	 5.000000 	 38.000000 	 12:39:56.983 p. m. 22/12/2019 
-15.000000 	 69.000000 	 109.000000 	 -73.000000 	 178.000000 	 113.000000 	 292.000000 	 16.000000 	 749.000000 	 2.000000 	 52.000000 	 13.000000 	 21.000000 	 12:39:57.042 p. m. 22/12/2019 
24.000000 	 121.000000 	 14.000000 	 51.000000 	 216.000000 	 206.000000 	 1200.000000 	 162.000000 	 1215.000000 	 64.000000 	 57.000000 	 21.000000 	 13.000000 	 12:39:57.104 p. m. 22/12/2019 
102.000000 	 -73.000000 	 135.000000 	 100.000000 	 173.000000 	 140.000000 	 1354.000000 	 -51.000000 	 105.000000 	 10.000000 	 74.000000 	 41.000000 	 8.000000 	 12:39:57.167 p. m. 22/12/2019 
116.000000 	 127.000000 	 133.000000 	 21.000000 	 10.000000 	 133.000000 	 991.000000 	 118.000000 	 221.000000 	 44.000000 	 83.000000 	 18.000000 	 23.000000 	 12:39:57.229 p. m. 22/12/2019 
5.000000 	 -110.000000 	 94.000000 	 77.000000 	 166.000000 	 183.000000 	 6.000000 	 -45.000000 	 1173.000000 	 14.000000 	 31.000000 	 4.000000 	 12.000000 	 12:39:57.290 p. m. 22/12/2019 
22.000000 	 62.000000 	 9.000000 	 29.000000 	 147.000000 	 132.000000 	 1318.000000 	 -99.000000 	 47.000000 	 35.000000 	 87.000000 	 25.000000 	 43.000000 	 12:39:57.348 p. m. 22/12/2019 
149.000000 	 -17.000000 	 43.000000 	 57.000000 	 157.000000 	 47.000000 	 593.000000 	 -90.000000 	 1269.000000 	 33.000000 	 35.000000 	 23.000000 	 26.000000 	 12:39:57.408 p. m. 22/12/2019 
-9.000000 	 68.000000 	 25.000000 	 -1.000000 	 209.000000 	 252.000000 	 302.000000 	 128.000000 	 935.000000 	 56.000000 	 5.000000 	 22.000000 	 34.000000 	 12:39:57.466 p. m. 22/12/2019 
96.000000 	 -46.000000 	 135.000000 	 143.000000 	 15.000000 	 128.000000 	 298.000000 	 7.000000 	 146.000000 	 97.000000 	 67.000000 	 20.000000 	 39.000000 	 12:39:57.526 p. m. 22/12/2019 
23.000000 	 -51.000000 	 56.000000 	 55.000000 	 246.000000 	 194.000000 	 534.000000 	 60.000000 	 417.000000 	 61.000000 	 56.000000 	 0.000000 	 29.000000 	 12:39:57.584 p. m. 22/12/2019 
79.000000 	 54.000000 	 38.000000 	 -123.000000 	 230.000000 	 231.000000 	 334.000000 	 -18.000000 	 253.000000 	 48.000000 	 1.000000 	 4.000000 	 40.000000 	 12:39:57.643 p. m. 22/12/2019 
26.000000 	 100.000000 	 72.000000 	 134.000000 	 211.000000 	 214.000000 	 872.000000 	 -139.000000 	 290.000000 	 43.000000 	 69.000000 	 24.000000 	 29.000000 	 12:39:57.706 p. m. 22/12/2019 
-2.000000 	 -65.000000 	 5.000000 	 72.000000 	 1.000000 	 68.000000 	 587.000000 	 22.000000 	 75.000000 	 21.000000 	 82.000000 	 16.000000 	 43.000000 	 12:39:57.760 p. m. 22/12/2019 
20.000000 	 -90.000000 	 11.000000 	 -75.000000 	 102.000000 	 163.000000 	 1051.000000 	 88.000000 	 548.000000 	 87.000000 	 57.000000 	 39.000000 	 40.000000 	 12:39:57.823 p. m. 22/12/2019 
5.000000 	 139.000000 	 45.000000 	 39.000000 	 95.000000 	 172.000000 	 436.000000 	 -75.000000 	 623.000000 	 59.000000 	 36.000000 	 38.000000 	 34.000000 	 12:39:57.879 p. m. 22/12/2019 
141.000000 	 -118.000000 	 46.000000 	 -62.000000 	 190.000000 	 185.000000 	 269.000000 	 -163.000000 	 587.000000 	 86.000000 	 90.000000 	 40.000000 	 19.000000 	 12:39:57.944 p. m. 22/12/2019 
32.000000 	 46.000000 	 35.000000 	 -49.000000 	 80.000000 	 215.000000 	 234.000000 	 134.000000 	 600.000000 	 74.000000 	 88.000000 	 36.000000 	 25.000000 	 12:39:58.003 p. m. 22/12/2019 
93.000000 	 -59.000000 	 -2.000000 	 125.000000 	 180.000000 	 196.000000 	 499.000000 	 25.000000 	 795.000000 	 19.000000 	 51.000000 	 45.000000 	 39.000000 	 12:39:58.063 p. m. 22/12/2019 
75.000000 	 19.000000 	 55.000000 	 48.000000 	 104.000000 	 119.000000 	 947.000000 	 -157.000000 	 696.000000 	 26.000000 	 63.000000 	 45.000000 	 26.000000 	 12:39:58.124 p. m. 22/12/2019 
141.000000 	 69.000000 	 85.000000 	 -31.000000 	 85.000000 	 224.000000 	 234.000000 	 -94.000000 	 1047.000000 	 58.000000 	 24.000000 	 46.000000 	 23.000000 	 12:39:58.188 p. m. 22/12/2019 
8.000000 	 41.000000 	 -17.000000 	 89.000000 	 210.000000 	 45.000000 	 706.000000 	 160.000000 	 128.000000 	 38.000000 	 0.000000 	 10.000000 	 28.000000 	 12:39:58.244 p. m. 22/12/2019 
-12.000000 	 37.000000 	 -16.000000 	 -98.000000 	 25.000000 	 56.000000 	 698.000000 	 -85.000000 	 555.000000 	 22.000000 	 43.000000 	 9.000000 	 49.000000 	 12:39:58.301 p. m. 22/12/2019 
48.000000 	 50.000000 	 -10.000000 	 115.000000 	 177.000000 	 84.000000 	 466.000000 	 52.000000 	 1452.000000 	 57.000000 	 24.000000 	 40.000000 	 37.000000 	 12:39:58.361 p. m. 22/12/2019 
145.000000 	 -19.000000 	 -1.000000 	 -94.000000 	 208.000000 	 65.000000 	 250.000000 	 107.000000 	 196.000000 	 91.000000 	 44.000000 	 16.000000 	 33.000000 	 12:39:58.425 p. m. 22/12/2019 
-12.000000 	 112.000000 	 16.000000 	 -31.000000 	 62.000000 	 117.000000 	 1418.000000 	 -163.000000 	 281.000000 	 93.000000 	 89.000000 	 47.000000 	 21.000000 	 12:39:58.489 p. m. 22/12/2019 
39.000000 	 -103.000000 	 111.000000 	 -85.000000 	 89.000000 	 119.000000 	 399.000000 	 -100.000000 	 266.000000 	 27.000000 	 71.000000 	 44.000000 	 17.000000 	 12:39:58.551 p. m. 22/12/2019 
91.000000 	 145.000000 	 125.000000 	 147.000000 	 199.000000 	 101.000000 	 474.000000 	 -14.000000 	 217.000000 	 79.000000 	 66.000000 	 29.000000 	 1.000000 	 12:39:58.614 p. m. 22/12/2019 
-13.000000 	 102.000000 	 127.000000 	 0.000000 	 220.000000 	 196.000000 	 1014.000000 	 168.000000 	 1197.000000 	 91.000000 	 78.000000 	 13.000000 	 19.000000 	 12:39:58.678 p. m. 22/12/2019 
-11.000000 	 -138.000000 	 143.000000 	 86.000000 	 53.000000 	 174.000000 	 786.000000 	 -151.000000 	 543.000000 	 95.000000 	 99.000000 	 4.000000 	 25.000000 	 12:39:58.739 p. m. 22/12/2019 
103.000000 	 54.000000 	 121.000000 	 113.000000 	 236.000000 	 57.000000 	 1451.000000 	 81.000000 	 942.000000 	 62.000000 	 88.000000 	 35.000000 	 3.000000 	 12:39:58.800 p. m. 22/12/2019 
4.000000 	 68.000000 	 26.000000 	 46.000000 	 138.000000 	 21.000000 	 537.000000 	 36.000000 	 389.000000 	 60.000000 	 20.000000 	 27.000000 	 48.000000 	 12:39:58.854 p. m. 22/12/2019 
28.000000 	 47.000000 	 70.000000 	 -112.000000 	 105.000000 	 182.000000 	 403.000000 	 20.000000 	 392.000000 	 76.000000 	 74.000000 	 26.000000 	 34.000000 	 12:39:58.916 p. m. 22/12/2019 
134.000000 	 97.000000 	 123.000000 	 -58.000000 	 221.000000 	 168.000000 	 768.000000 	 110.000000 	 116.000000 	 96.000000 	 53.000000 	 10.000000 	 7.000000 	 12:39:58.977 p. m. 22/12/2019 
137.000000 	 -92.000000 	 45.000000 	 -56.000000 	 158.000000 	 50.000000 	 413.000000 	 147.000000 	 11.000000 	 51.000000 	 46.000000 	 48.000000 	 32.000000 	 12:39:59.039 p. m. 22/12/2019 
126.000000 	 21.000000 	 148.000000 	 128.000000 	 53.000000 	 60.000000 	 1115.000000 	 22.000000 	 722.000000 	 90.000000 	 18.000000 	 34.000000 	 0.000000 	 12:39:59.097 p. m. 22/12/2019 
64.000000 	 119.000000 	 90.000000 	 47.000000 	 42.000000 	 88.000000 	 1460.000000 	 42.000000 	 391.000000 	 56.000000 	 57.000000 	 36.000000 	 39.000000 	 12:39:59.153 p. m. 22/12/2019 
96.000000 	 108.000000 	 17.000000 	 -149.000000 	 110.000000 	 27.000000 	 567.000000 	 -72.000000 	 213.000000 	 23.000000 	 32.000000 	 25.000000 	 36.000000 	 12:39:59.214 p. m. 22/12/2019 
-19.000000 	 147.000000 	 124.000000 	 -109.000000 	 241.000000 	 177.000000 	 1072.000000 	 -99.000000 	 346.000000 	 36.000000 	 32.000000 	 45.000000 	 41.000000 	 12:39:59.280 p. m. 22/12/2019 
4.000000 	 19.000000 	 -9.000000 	 31.000000 	 183.000000 	 153.000000 	 777.000000 	 93.000000 	 668.000000 	 8.000000 	 90.000000 	 20.000000 	 47.000000 	 12:39:59.339 p. m. 22/12/2019 
146.000000 	 -135.000000 	 51.000000 	 89.000000 	 250.000000 	 208.000000 	 294.000000 	 136.000000 	 435.000000 	 70.000000 	 76.000000 	 46.000000 	 13.000000 	 12:39:59.399 p. m. 22/12/2019 
60.000000 	 41.000000 	 41.000000 	 -99.000000 	 219.000000 	 65.000000 	 585.000000 	 137.000000 	 1217.000000 	 23.000000 	 2.000000 	 29.000000 	 8.000000 	 12:39:59.459 p. m. 22/12/2019 
120.000000 	 117.000000 	 46.000000 	 82.000000 	 154.000000 	 3.000000 	 915.000000 	 9.000000 	 792.000000 	 0.000000 	 4.000000 	 12.000000 	 7.000000 	 12:39:59.513 p. m. 22/12/2019 
39.000000 	 127.000000 	 17.000000 	 35.000000 	 81.000000 	 14.000000 	 760.000000 	 -58.000000 	 735.000000 	 9.000000 	 97.000000 	 43.000000 	 36.000000 	 12:39:59.572 p. m. 22/12/2019 
66.000000 	 -37.000000 	 113.000000 	 92.000000 	 96.000000 	 207.000000 	 571.000000 	 -48.000000 	 984.000000 	 95.000000 	 11.000000 	 43.000000 	 29.000000 	 12:39:59.632 p. m. 22/12/2019 
37.000000 	 -11.000000 	 129.000000 	 -1.000000 	 65.000000 	 30.000000 	 655.000000 	 133.000000 	 334.000000 	 65.000000 	 82.000000 	 48.000000 	 21.000000 	 12:39:59.689 p. m. 22/12/2019 
17.000000 	 17.000000 	 83.000000 	 -106.000000 	 50.000000 	 238.000000 	 950.000000 	 31.000000 	 1095.000000 	 66.000000 	 95.000000 	 15.000000 	 8.000000 	 12:39:59.751 p. m. 22/12/2019 
44.000000 	 -136.000000 	 -4.000000 	 -40.000000 	 68.000000 	 213.000000 	 1255.000000 	 22.000000 	 457.000000 	 44.000000 	 62.000000 	 36.000000 	 7.000000 	 12:39:59.809 p. m. 22/12/2019 
25.000000 	 45.000000 	 7.000000 	 49.000000 	 97.000000 	 161.000000 	 230.000000 	 24.000000 	 447.000000 	 71.000000 	 96.000000 	 6.000000 	 43.000000 	 12:39:59.865 p. m. 22/12/2019 
23.000000 	 133.000000 	 95.000000 	 -12.000000 	 170.000000 	 75.000000 	 415.000000 	 133.000000 	 34.000000 	 47.000000 	 89.000000 	 44.000000 	 33.000000 	 12:39:59.923 p. m. 22/12/2019 
123.000000 	 50.000000 	 9.000000 	 -145.000000 	 59.000000 	 54.000000 	 164.000000 	 15.000000 	 438.000000 	 93.000000 	 20.000000 	 5.000000 	 35.000000 	 12:39:59.982 p. m. 22/12/2019 
129.000000 	 -136.000000 	 18.000000 	 -21.000000 	 8.000000 	 108.000000 	 1436.000000 	 20.000000 	 1382.000000 	 36.000000 	 6.000000 	 28.000000 	 4.000000 	 12:40:00.042 p. m. 22/12/2019 
36.000000 	 -46.000000 	 87.000000 	 74.000000 	 18.000000 	 49.000000 	 1419.000000 	 -9.000000 	 306.000000 	 88.000000 	 19.000000 	 42.000000 	 17.000000 	 12:40:00.100 p. m. 22/12/2019 
52.000000 	 2.000000 	 70.000000 	 -30.000000 	 1.000000 	 147.000000 	 496.000000 	 1.000000 	 793.000000 	 38.000000 	 53.000000 	 24.000000 	 47.000000 	 12:40:00.157 p. m. 22/12/2019 
79.000000 	 109.000000 	 121.000000 	 -95.000000 	 184.000000 	 74.000000 	 1207.000000 	 -33.000000 	 258.000000 	 66.000000 	 1.000000 	 23.000000 	 1.000000 	 12:40:00.218 p. m. 22/12/2019 
3.000000 	 -138.000000 	 116.000000 	 138.000000 	 95.000000 	 254.000000 	 609.000000 	 166.000000 	 1199.000000 	 64.000000 	 0.000000 	 45.000000 	 2.000000 	 12:40:00.275 p. m. 22/12/2019 
54.000000 	 68.000000 	 31.000000 	 6.000000 	 79.000000 	 115.000000 	 573.000000 	 -116.000000 	 394.000000 	 23.000000 	 69.000000 	 17.000000 	 21.000000 	 12:40:00.338 p. m. 22/12/2019 
55.000000 	 26.000000 	 115.000000 	 147.000000 	 191.000000 	 146.000000 	 1354.000000 	 -72.000000 	 1403.000000 	 95.000000 	 37.000000 	 45.000000 	 8.000000 	 12:40:00.399 p. m. 22/12/2019 
29.000000 	 54.000000 	 127.000000 	 -136.000000 	 58.000000 	 16.000000 	 1413.000000 	 -15.000000 	 1354.000000 	 60.000000 	 76.000000 	 21.000000 	 29.000000 	 12:40:00.459 p. m. 22/12/2019 
0.000000 	 49.000000 	 61.000000 	 42.000000 	 38.000000 	 54.000000 	 737.000000 	 19.000000 	 912.000000 	 97.000000 	 27.000000 	 15.000000 	 46.000000 	 12:40:00.513 p. m. 22/12/2019 
113.000000 	 -104.000000 	 89.000000 	 12.000000 	 238.000000 	 228.000000 	 161.000000 	 -2.000000 	 1168.000000 	 11.000000 	 82.000000 	 31.000000 	 45.000000 	 12:40:00.580 p. m. 22/12/2019 
99.000000 	 73.000000 	 126.000000 	 147.000000 	 24.000000 	 67.000000 	 816.000000 	 170.000000 	 29.000000 	 69.000000 	 78.000000 	 9.000000 	 1.000000 	 12:40:00.631 p. m. 22/12/2019 
19.000000 	 116.000000 	 100.000000 	 99.000000 	 118.000000 	 149.000000 	 275.000000 	 -139.000000 	 363.000000 	 20.000000 	 64.000000 	 26.000000 	 9.000000 	 12:40:00.693 p. m. 22/12/2019 
3.000000 	 -16.000000 	 -15.000000 	 -30.000000 	 145.000000 	 194.000000 	 103.000000 	 -62.000000 	 843.000000 	 88.000000 	 78.000000 	 15.000000 	 34.000000 	 12:40:00.755 p. m. 22/12/2019 
-5.000000 	 33.000000 	 77.000000 	 -141.000000 	 113.000000 	 150.000000 	 696.000000 	 157.000000 	 713.000000 	 87.000000 	 60.000000 	 25.000000 	 45.000000 	 12:40:00.815 p. m. 22/12/2019 
26.000000 	 24.000000 	 121.000000 	 118.000000 	 36.000000 	 210.000000 	 153.000000 	 144.000000 	 441.000000 	 63.000000 	 39.000000 	 40.000000 	 37.000000 	 12:40:00.877 p. m. 22/12/2019 
80.000000 	 90.000000 	 131.000000 	 -65.000000 	 81.000000 	 76.000000 	 222.000000 	 163.000000 	 1224.000000 	 6.000000 	 91.000000 	 1.000000 	 5.000000 	 12:40:00.936 p. m. 22/12/2019 
124.000000 	 11.000000 	 98.000000 	 101.000000 	 152.000000 	 238.000000 	 764.000000 	 146.000000 	 208.000000 	 24.000000 	 54.000000 	 38.000000 	 45.000000 	 12:40:00.997 p. m. 22/12/2019 
21.000000 	 68.000000 	 42.000000 	 -31.000000 	 28.000000 	 72.000000 	 589.000000 	 8.000000 	 282.000000 	 43.000000 	 74.000000 	 7.000000 	 26.000000 	 12:40:01.053 p. m. 22/12/2019 
15.000000 	 -104.000000 	 125.000000 	 54.000000 	 215.000000 	 84.000000 	 750.000000 	 -26.000000 	 484.000000 	 13.000000 	 24.000000 	 43.000000 	 17.000000 	 12:40:01.115 p. m. 22/12/2019 
112.000000 	 -37.000000 	 29.000000 	 -87.000000 	 105.000000 	 214.000000 	 1317.000000 	 -90.000000 	 362.000000 	 46.000000 	 13.000000 	 40.000000 	 19.000000 	 12:40:01.176 p. m. 22/12/2019 
99.000000 	 -116.000000 	 23.000000 	 -52.000000 	 22.000000 	 222.000000 	 1481.000000 	 52.000000 	 1158.000000 	 87.000000 	 62.000000 	 34.000000 	 46.000000 	 12:40:01.239 p. m. 22/12/2019 
92.000000 	 103.000000 	 4.000000 	 -81.000000 	 7.000000 	 197.000000 	 549.000000 	 -144.000000 	 41.000000 	 52.000000 	 37.000000 	 34.000000 	 37.000000 	 12:40:01.299 p. m. 22/12/2019 
103.000000 	 50.000000 	 83.000000 	 -1.000000 	 166.000000 	 78.000000 	 1461.000000 	 -43.000000 	 182.000000 	 76.000000 	 28.000000 	 33.000000 	 9.000000 	 12:40:01.358 p. m. 22/12/2019 
108.000000 	 -104.000000 	 65.000000 	 6.000000 	 205.000000 	 163.000000 	 654.000000 	 -19.000000 	 1069.000000 	 83.000000 	 78.000000 	 36.000000 	 17.000000 	 12:40:01.419 p. m. 22/12/2019 
14.000000 	 11.000000 	 -9.000000 	 81.000000 	 212.000000 	 149.000000 	 981.000000 	 76.000000 	 1344.000000 	 8.000000 	 17.000000 	 48.000000 	 45.000000 	 12:40:01.480 p. m. 22/12/2019 
-1.000000 	 78.000000 	 141.000000 	 141.000000 	 166.000000 	 172.000000 	 808.000000 	 -142.000000 	 1156.000000 	 12.000000 	 61.000000 	 46.000000 	 12.000000 	 12:40:01.541 p. m. 22/12/2019 
138.000000 	 -99.000000 	 110.000000 	 19.000000 	 212.000000 	 60.000000 	 626.000000 	 -9.000000 	 137.000000 	 20.000000 	 96.000000 	 21.000000 	 3.000000 	 12:40:01.604 p. m. 22/12/2019 
79.000000 	 -21.000000 	 119.000000 	 -106.000000 	 78.000000 	 99.000000 	 188.000000 	 163.000000 	 933.000000 	 29.000000 	 69.000000 	 33.000000 	 23.000000 	 12:40:01.664 p. m. 22/12/2019 
74.000000 	 -66.000000 	 -9.000000 	 -80.000000 	 180.000000 	 17.000000 	 1082.000000 	 -106.000000 	 728.000000 	 48.000000 	 14.000000 	 41.000000 	 47.000000 	 12:40:01.727 p. m. 22/12/2019 
44.000000 	 -3.000000 	 47.000000 	 124.000000 	 174.000000 	 61.000000 	 486.000000 	 -80.000000 	 275.000000 	 79.000000 	 74.000000 	 16.000000 	 3.000000 	 12:40:01.783 p. m. 22/12/2019 
136.000000 	 -98.000000 	 122.000000 	 12.000000 	 203.000000 	 54.000000 	 298.000000 	 -161.000000 	 818.000000 	 7.000000 	 60.000000 	 11.000000 	 2.000000 	 12:40:01.846 p. m. 22/12/2019 
132.000000 	 52.000000 	 6.000000 	 -4.000000 	 220.000000 	 232.000000 	 295.000000 	 101.000000 	 1364.000000 	 82.000000 	 91.000000 	 42.000000 	 48.000000 	 12:40:01.906 p. m. 22/12/2019 
135.000000 	 -54.000000 	 32.000000 	 -9.000000 	 171.000000 	 47.000000 	 776.000000 	 13.000000 	 103.000000 	 96.000000 	 31.000000 	 4.000000 	 0.000000 	 12:40:01.963 p. m. 22/12/2019 
59.000000 	 107.000000 	 131.000000 	 112.000000 	 147.000000 	 169.000000 	 699.000000 	 -162.000000 	 1478.000000 	 78.000000 	 7.000000 	 17.000000 	 21.000000 	 12:40:02.026 p. m. 22/12/2019 
65.000000 	 119.000000 	 146.000000 	 100.000000 	 243.000000 	 225.000000 	 805.000000 	 19.000000 	 1057.000000 	 40.000000 	 17.000000 	 33.000000 	 35.000000 	 12:40:02.085 p. m. 22/12/2019 
4.000000 	 -110.000000 	 -10.000000 	 -55.000000 	 36.000000 	 53.000000 	 419.000000 	 111.000000 	 728.000000 	 92.000000 	 28.000000 	 6.000000 	 36.000000 	 12:40:02.147 p. m. 22/12/2019 
126.000000 	 113.000000 	 106.000000 	 11.000000 	 241.000000 	 217.000000 	 1453.000000 	 -101.000000 	 667.000000 	 60.000000 	 82.000000 	 0.000000 	 30.000000 	 12:40:02.210 p. m. 22/12/2019 
80.000000 	 -116.000000 	 -1.000000 	 -10.000000 	 72.000000 	 189.000000 	 67.000000 	 3.000000 	 625.000000 	 34.000000 	 19.000000 	 17.000000 	 45.000000 	 12:40:02.272 p. m. 22/12/2019 
10.000000 	 70.000000 	 -20.000000 	 -14.000000 	 198.000000 	 11.000000 	 70.000000 	 -180.000000 	 1459.000000 	 43.000000 	 71.000000 	 21.000000 	 47.000000 	 12:40:02.331 p. m. 22/12/2019 
130.000000 	 -49.000000 	 23.000000 	 135.000000 	 68.000000 	 133.000000 	 881.000000 	 -57.000000 	 621.000000 	 20.000000 	 11.000000 	 10.000000 	 17.000000 	 12:40:02.393 p. m. 22/12/2019 
69.000000 	 114.000000 	 115.000000 	 47.000000 	 116.000000 	 162.000000 	 1408.000000 	 129.000000 	 1261.000000 	 57.000000 	 35.000000 	 45.000000 	 3.000000 	 12:40:02.456 p. m. 22/12/2019 
122.000000 	 -10.000000 	 133.000000 	 84.000000 	 245.000000 	 176.000000 	 1075.000000 	 -5.000000 	 704.000000 	 83.000000 	 15.000000 	 0.000000 	 36.000000 	 12:40:02.516 p. m. 22/12/2019 
-6.000000 	 81.000000 	 -11.000000 	 85.000000 	 244.000000 	 17.000000 	 819.000000 	 118.000000 	 1229.000000 	 69.000000 	 90.000000 	 42.000000 	 32.000000 	 12:40:02.577 p. m. 22/12/2019 
103.000000 	 -85.000000 	 103.000000 	 -36.000000 	 27.000000 	 71.000000 	 71.000000 	 25.000000 	 1227.000000 	 98.000000 	 61.000000 	 15.000000 	 28.000000 	 12:40:02.636 p. m. 22/12/2019 
52.000000 	 -19.000000 	 141.000000 	 -140.000000 	 142.000000 	 102.000000 	 279.000000 	 -117.000000 	 1479.000000 	 69.000000 	 28.000000 	 41.000000 	 45.000000 	 12:40:02.702 p. m. 22/12/2019 
59.000000 	 -59.000000 	 63.000000 	 3.000000 	 6.000000 	 201.000000 	 1047.000000 	 -114.000000 	 506.000000 	 12.000000 	 4.000000 	 8.000000 	 3.000000 	 12:40:02.757 p. m. 22/12/2019 
51.000000 	 60.000000 	 7.000000 	 98.000000 	 121.000000 	 111.000000 	 494.000000 	 -63.000000 	 713.000000 	 13.000000 	 32.000000 	 16.000000 	 4.000000 	 12:40:02.815 p. m. 22/12/2019 
94.000000 	 -84.000000 	 130.000000 	 -78.000000 	 89.000000 	 199.000000 	 994.000000 	 -49.000000 	 825.000000 	 9.000000 	 68.000000 	 6.000000 	 14.000000 	 12:40:02.877 p. m. 22/12/2019 
92.000000 	 -83.000000 	 48.000000 	 -112.000000 	 17.000000 	 194.000000 	 843.000000 	 -34.000000 	 1434.000000 	 6.000000 	 50.000000 	 26.000000 	 10.000000 	 12:40:02.937 p. m. 22/12/2019 
19.000000 	 41.000000 	 15.000000 	 21.000000 	 146.000000 	 241.000000 	 1339.000000 	 -176.000000 	 112.000000 	 25.000000 	 61.000000 	 40.000000 	 19.000000 	 12:40:02.999 p. m. 22/12/2019 
146.000000 	 -10.000000 	 -4.000000 	 91.000000 	 234.000000 	 185.000000 	 1472.000000 	 173.000000 	 767.000000 	 42.000000 	 14.000000 	 46.000000 	 42.000000 	 12:40:03.062 p. m. 22/12/2019 
57.000000 	 143.000000 	 118.000000 	 -6.000000 	 44.000000 	 63.000000 	 291.000000 	 -24.000000 	 1397.000000 	 73.000000 	 80.000000 	 38.000000 	 40.000000 	 12:40:03.124 p. m. 22/12/2019 
112.000000 	 -89.000000 	 123.000000 	 -109.000000 	 216.000000 	 175.000000 	 233.000000 	 18.000000 	 1339.000000 	 16.000000 	 3.000000 	 23.000000 	 23.000000 	 12:40:03.185 p. m. 22/12/2019 
101.000000 	 19.000000 	 97.000000 	 -127.000000 	 111.000000 	 165.000000 	 609.000000 	 -141.000000 	 405.000000 	 63.000000 	 26.000000 	 2.000000 	 47.000000 	 12:40:03.245 p. m. 22/12/2019 
68.000000 	 -66.000000 	 66.000000 	 19.000000 	 249.000000 	 71.000000 	 834.000000 	 113.000000 	 240.000000 	 96.000000 	 78.000000 	 2.000000 	 42.000000 	 12:40:03.302 p. m. 22/12/2019 
4.000000 	 -49.000000 	 107.000000 	 -10.000000 	 40.000000 	 128.000000 	 343.000000 	 76.000000 	 274.000000 	 34.000000 	 62.000000 	 8.000000 	 29.000000 	 12:40:03.364 p. m. 22/12/2019 
92.000000 	 -144.000000 	 62.000000 	 114.000000 	 13.000000 	 251.000000 	 1075.000000 	 85.000000 	 540.000000 	 23.000000 	 88.000000 	 14.000000 	 45.000000 	 12:40:03.425 p. m. 22/12/2019 
69.000000 	 149.000000 	 45.000000 	 -140.000000 	 101.000000 	 233.000000 	 146.000000 	 -51.000000 	 36.000000 	 91.000000 	 68.000000 	 31.000000 	 39.000000 	 12:40:03.487 p. m. 22/12/2019 
0.000000 	 -72.000000 	 118.000000 	 13.000000 	 12.000000 	 230.000000 	 775.000000 	 168.000000 	 1260.000000 	 90.000000 	 35.000000 	 5.000000 	 3.000000 	 12:40:03.546 p. m. 22/12/2019 
54.000000 	 94.000000 	 108.000000 	 -104.000000 	 171.000000 	 116.000000 	 1326.000000 	 -31.000000 	 889.000000 	 84.000000 	 25.000000 	 10.000000 	 27.000000 	 12:40:03.606 p. m. 22/12/2019 
34.000000 	 118.000000 	 80.000000 	 -119.000000 	 188.000000 	 243.000000 	 504.000000 	 -72.000000 	 1372.000000 	 1.000000 	 65.000000 	 29.000000 	 26.000000 	 12:40:03.671 p. m. 22/12/2019 
53.000000 	 12.000000 	 28.000000 	 -118.000000 	 66.000000 	 36.000000 	 916.000000 	 -30.000000 	 1389.000000 	 45.000000 	 32.000000 	 1.000000 	 29.000000 	 12:40:03.728 p. m. 22/12/2019 
33.000000 	 23.000000 	 85.000000 	 45.000000 	 233.000000 	 161.000000 	 948.000000 	 -30.000000 	 1015.000000 	 49.000000 	 22.000000 	 37.000000 	 15.000000 	 12:40:03.791 p. m. 22/12/2019 
90.000000 	 17.000000 	 43.000000 	 15.000000 	 158.000000 	 6.000000 	 208.000000 	 32.000000 	 717.000000 	 14.000000 	 33.000000 	 39.000000 	 34.000000 	 12:40:03.847 p. m. 22/12/2019 
100.000000 	 -64.000000 	 127.000000 	 71.000000 	 219.000000 	 71.000000 	 1279.000000 	 10.000000 	 10.000000 	 0.000000 	 7.000000 	 14.000000 	 31.000000 	 12:40:03.905 p. m. 22/12/2019 
109.000000 	 -16.000000 	 119.000000 	 -36.000000 	 107.000000 	 58.000000 	 1138.000000 	 165.000000 	 612.000000 	 52.000000 	 26.000000 	 29.000000 	 33.000000 	 12:40:03.968 p. m. 22/12/2019 
34.000000 	 47.000000 	 12.000000 	 21.000000 	 56.000000 	 236.000000 	 552.000000 	 102.000000 	 612.000000 	 60.000000 	 94.000000 	 26.000000 	 39.000000 	 12:40:04.027 p. m. 22/12/2019 
106.000000 	 -66.000000 	 82.000000 	 57.000000 	 213.000000 	 157.000000 	 17.000000 	 -146.000000 	 524.000000 	 76.000000 	 87.000000 	 27.000000 	 41.000000 	 12:40:04.088 p. m. 22/12/2019 
72.000000 	 120.000000 	 -16.000000 	 7.000000 	 206.000000 	 42.000000 	 1396.000000 	 -44.000000 	 931.000000 	 9.000000 	 27.000000 	 22.000000 	 6.000000 	 12:40:04.147 p. m. 22/12/2019 
-12.000000 	 16.000000 	 81.000000 	 -113.000000 	 210.000000 	 52.000000 	 260.000000 	 -179.000000 	 555.000000 	 28.000000 	 20.000000 	 15.000000 	 1.000000 	 12:40:04.208 p. m. 22/12/2019 
43.000000 	 104.000000 	 -13.000000 	 -78.000000 	 61.000000 	 88.000000 	 400.000000 	 155.000000 	 996.000000 	 77.000000 	 51.000000 	 1.000000 	 34.000000 	 12:40:04.266 p. m. 22/12/2019 
73.000000 	 -86.000000 	 13.000000 	 -87.000000 	 59.000000 	 190.000000 	 853.000000 	 59.000000 	 27.000000 	 65.000000 	 40.000000 	 10.000000 	 35.000000 	 12:40:04.327 p. m. 22/12/2019 
62.000000 	 60.000000 	 63.000000 	 -118.000000 	 250.000000 	 27.000000 	 384.000000 	 83.000000 	 622.000000 	 14.000000 	 87.000000 	 46.000000 	 26.000000 	 12:40:04.385 p. m. 22/12/2019 
-8.000000 	 -64.000000 	 6.000000 	 108.000000 	 116.000000 	 219.000000 	 1419.000000 	 154.000000 	 628.000000 	 94.000000 	 38.000000 	 22.000000 	 16.000000 	 12:40:04.447 p. m. 22/12/2019 
52.000000 	 126.000000 	 144.000000 	 21.000000 	 244.000000 	 55.000000 	 996.000000 	 96.000000 	 873.000000 	 55.000000 	 24.000000 	 7.000000 	 13.000000 	 12:40:04.502 p. m. 22/12/2019 
93.000000 	 -107.000000 	 55.000000 	 -107.000000 	 246.000000 	 165.000000 	 1458.000000 	 102.000000 	 434.000000 	 81.000000 	 61.000000 	 23.000000 	 22.000000 	 12:40:04.569 p. m. 22/12/2019 
144.000000 	 33.000000 	 111.000000 	 -133.000000 	 94.000000 	 151.000000 	 196.000000 	 -138.000000 	 175.000000 	 89.000000 	 43.000000 	 43.000000 	 33.000000 	 12:40:04.636 p. m. 22/12/2019 
120.000000 	 -33.000000 	 144.000000 	 -30.000000 	 10.000000 	 208.000000 	 586.000000 	 35.000000 	 1320.000000 	 0.000000 	 50.000000 	 45.000000 	 17.000000 	 12:40:04.695 p. m. 22/12/2019 
121.000000 	 78.000000 	 -5.000000 	 -135.000000 	 57.000000 	 202.000000 	 28.000000 	 -111.000000 	 1352.000000 	 33.000000 	 71.000000 	 36.000000 	 28.000000 	 12:40:04.757 p. m. 22/12/2019 
24.000000 	 -20.000000 	 92.000000 	 15.000000 	 203.000000 	 49.000000 	 275.000000 	 3.000000 	 1409.000000 	 83.000000 	 5.000000 	 42.000000 	 8.000000 	 12:40:04.814 p. m. 22/12/2019 
-4.000000 	 -25.000000 	 -3.000000 	 -35.000000 	 63.000000 	 219.000000 	 402.000000 	 -149.000000 	 861.000000 	 27.000000 	 21.000000 	 0.000000 	 38.000000 	 12:40:04.871 p. m. 22/12/2019 
36.000000 	 1.000000 	 113.000000 	 97.000000 	 134.000000 	 170.000000 	 1371.000000 	 -116.000000 	 1447.000000 	 91.000000 	 96.000000 	 16.000000 	 18.000000 	 12:40:04.937 p. m. 22/12/2019 
19.000000 	 -132.000000 	 39.000000 	 -148.000000 	 120.000000 	 136.000000 	 142.000000 	 -136.000000 	 280.000000 	 58.000000 	 44.000000 	 49.000000 	 14.000000 	 12:40:05.000 p. m. 22/12/2019 
4.000000 	 25.000000 	 7.000000 	 89.000000 	 38.000000 	 33.000000 	 1451.000000 	 -136.000000 	 554.000000 	 99.000000 	 95.000000 	 29.000000 	 4.000000 	 12:40:05.056 p. m. 22/12/2019 
33.000000 	 -60.000000 	 68.000000 	 -96.000000 	 18.000000 	 166.000000 	 1013.000000 	 80.000000 	 838.000000 	 42.000000 	 11.000000 	 10.000000 	 36.000000 	 12:40:05.117 p. m. 22/12/2019 
72.000000 	 123.000000 	 131.000000 	 90.000000 	 25.000000 	 15.000000 	 509.000000 	 157.000000 	 923.000000 	 75.000000 	 10.000000 	 15.000000 	 25.000000 	 12:40:05.174 p. m. 22/12/2019 
145.000000 	 -137.000000 	 12.000000 	 19.000000 	 215.000000 	 42.000000 	 83.000000 	 86.000000 	 547.000000 	 26.000000 	 64.000000 	 24.000000 	 28.000000 	 12:40:05.236 p. m. 22/12/2019 
96.000000 	 -144.000000 	 32.000000 	 61.000000 	 162.000000 	 151.000000 	 169.000000 	 -80.000000 	 1413.000000 	 32.000000 	 91.000000 	 40.000000 	 40.000000 	 12:40:05.297 p. m. 22/12/2019 
103.000000 	 -91.000000 	 -14.000000 	 -134.000000 	 227.000000 	 86.000000 	 358.000000 	 -40.000000 	 9.000000 	 20.000000 	 56.000000 	 0.000000 	 18.000000 	 12:40:05.361 p. m. 22/12/2019 
149.000000 	 45.000000 	 -10.000000 	 -114.000000 	 239.000000 	 129.000000 	 1389.000000 	 145.000000 	 1317.000000 	 5.000000 	 40.000000 	 48.000000 	 47.000000 	 12:40:05.424 p. m. 22/12/2019 
63.000000 	 96.000000 	 -13.000000 	 35.000000 	 213.000000 	 113.000000 	 980.000000 	 -146.000000 	 613.000000 	 22.000000 	 37.000000 	 33.000000 	 28.000000 	 12:40:05.487 p. m. 22/12/2019 
124.000000 	 -87.000000 	 -12.000000 	 -8.000000 	 184.000000 	 230.000000 	 1145.000000 	 7.000000 	 1219.000000 	 12.000000 	 47.000000 	 49.000000 	 0.000000 	 12:40:05.547 p. m. 22/12/2019 
108.000000 	 126.000000 	 6.000000 	 126.000000 	 48.000000 	 132.000000 	 1475.000000 	 163.000000 	 553.000000 	 50.000000 	 87.000000 	 25.000000 	 38.000000 	 12:40:05.609 p. m. 22/12/2019 
63.000000 	 113.000000 	 84.000000 	 8.000000 	 218.000000 	 70.000000 	 763.000000 	 140.000000 	 124.000000 	 30.000000 	 0.000000 	 43.000000 	 43.000000 	 12:40:05.666 p. m. 22/12/2019 
18.000000 	 -146.000000 	 79.000000 	 53.000000 	 178.000000 	 199.000000 	 379.000000 	 118.000000 	 1210.000000 	 43.000000 	 60.000000 	 46.000000 	 43.000000 	 12:40:05.727 p. m. 22/12/2019 
64.000000 	 85.000000 	 119.000000 	 40.000000 	 141.000000 	 16.000000 	 78.000000 	 13.000000 	 887.000000 	 87.000000 	 94.000000 	 41.000000 	 47.000000 	 12:40:05.787 p. m. 22/12/2019 
-20.000000 	 109.000000 	 81.000000 	 -67.000000 	 81.000000 	 80.000000 	 827.000000 	 -93.000000 	 650.000000 	 27.000000 	 48.000000 	 22.000000 	 37.000000 	 12:40:05.847 p. m. 22/12/2019 
75.000000 	 -65.000000 	 -11.000000 	 125.000000 	 73.000000 	 236.000000 	 1250.000000 	 -99.000000 	 247.000000 	 46.000000 	 14.000000 	 28.000000 	 23.000000 	 12:40:05.908 p. m. 22/12/2019 
-16.000000 	 -70.000000 	 21.000000 	 53.000000 	 84.000000 	 21.000000 	 112.000000 	 -155.000000 	 358.000000 	 49.000000 	 79.000000 	 22.000000 	 7.000000 	 12:40:05.965 p. m. 22/12/2019 
81.000000 	 -101.000000 	 139.000000 	 107.000000 	 61.000000 	 39.000000 	 1434.000000 	 -9.000000 	 748.000000 	 33.000000 	 22.000000 	 10.000000 	 22.000000 	 12:40:06.026 p. m. 22/12/2019 
53.000000 	 58.000000 	 91.000000 	 96.000000 	 151.000000 	 75.000000 	 897.000000 	 -73.000000 	 524.000000 	 27.000000 	 92.000000 	 17.000000 	 26.000000 	 12:40:06.084 p. m. 22/12/2019 
77.000000 	 61.000000 	 77.000000 	 5.000000 	 127.000000 	 233.000000 	 1068.000000 	 83.000000 	 148.000000 	 24.000000 	 51.000000 	 18.000000 	 42.000000 	 12:40:06.145 p. m. 22/12/2019 
128.000000 	 13.000000 	 64.000000 	 -102.000000 	 142.000000 	 153.000000 	 943.000000 	 -40.000000 	 943.000000 	 58.000000 	 16.000000 	 14.000000 	 33.000000 	 12:40:06.207 p. m. 22/12/2019 
26.000000 	 -76.000000 	 92.000000 	 -15.000000 	 196.000000 	 126.000000 	 745.000000 	 -180.000000 	 391.000000 	 20.000000 	 7.000000 	 22.000000 	 3.000000 	 12:40:06.270 p. m. 22/12/2019 
133.000000 	 -21.000000 	 112.000000 	 -69.000000 	 212.000000 	 94.000000 	 865.000000 	 118.000000 	 797.000000 	 48.000000 	 54.000000 	 40.000000 	 11.000000 	 12:40:06.329 p. m. 22/12/2019 
88.000000 	 40.000000 	 39.000000 	 34.000000 	 78.000000 	 150.000000 	 940.000000 	 163.000000 	 367.000000 	 48.000000 	 19.000000 	 48.000000 	 17.000000 	 12:40:06.388 p. m. 22/12/2019 
37.000000 	 -53.000000 	 9.000000 	 -55.000000 	 88.000000 	 144.000000 	 354.000000 	 24.000000 	 904.000000 	 70.000000 	 5.000000 	 14.000000 	 36.000000 	 12:40:06.444 p. m. 22/12/2019 
-11.000000 	 -19.000000 	 -20.000000 	 -117.000000 	 82.000000 	 34.000000 	 569.000000 	 -41.000000 	 1028.000000 	 90.000000 	 42.000000 	 13.000000 	 17.000000 	 12:40:06.510 p. m. 22/12/2019 
-10.000000 	 -33.000000 	 7.000000 	 74.000000 	 144.000000 	 241.000000 	 877.000000 	 57.000000 	 1010.000000 	 87.000000 	 84.000000 	 19.000000 	 1.000000 	 12:40:06.567 p. m. 22/12/2019 
10.000000 	 107.000000 	 64.000000 	 125.000000 	 5.000000 	 176.000000 	 355.000000 	 -125.000000 	 854.000000 	 18.000000 	 70.000000 	 12.000000 	 36.000000 	 12:40:06.630 p. m. 22/12/2019 
52.000000 	 41.000000 	 7.000000 	 121.000000 	 173.000000 	 128.000000 	 1363.000000 	 -178.000000 	 691.000000 	 68.000000 	 32.000000 	 43.000000 	 6.000000 	 12:40:06.689 p. m. 22/12/2019 
94.000000 	 19.000000 	 101.000000 	 -90.000000 	 241.000000 	 24.000000 	 867.000000 	 -42.000000 	 336.000000 	 24.000000 	 19.000000 	 34.000000 	 34.000000 	 12:40:06.749 p. m. 22/12/2019 
15.000000 	 149.000000 	 5.000000 	 -64.000000 	 0.000000 	 127.000000 	 1121.000000 	 98.000000 	 1165.000000 	 19.000000 	 29.000000 	 18.000000 	 18.000000 	 12:40:06.809 p. m. 22/12/2019 
9.000000 	 -133.000000 	 26.000000 	 -26.000000 	 175.000000 	 249.000000 	 416.000000 	 -111.000000 	 1274.000000 	 28.000000 	 20.000000 	 4.000000 	 4.000000 	 12:40:06.870 p. m. 22/12/2019 
98.000000 	 71.000000 	 49.000000 	 -20.000000 	 94.000000 	 181.000000 	 1465.000000 	 -26.000000 	 1094.000000 	 29.000000 	 22.000000 	 18.000000 	 27.000000 	 12:40:06.932 p. m. 22/12/2019 
80.000000 	 -5.000000 	 125.000000 	 -48.000000 	 165.000000 	 160.000000 	 636.000000 	 -106.000000 	 1398.000000 	 93.000000 	 77.000000 	 26.000000 	 42.000000 	 12:40:06.994 p. m. 22/12/2019 
104.000000 	 83.000000 	 139.000000 	 -4.000000 	 98.000000 	 226.000000 	 1392.000000 	 148.000000 	 1405.000000 	 56.000000 	 69.000000 	 36.000000 	 27.000000 	 12:40:07.060 p. m. 22/12/2019 
140.000000 	 42.000000 	 -15.000000 	 111.000000 	 16.000000 	 191.000000 	 1277.000000 	 -48.000000 	 1072.000000 	 56.000000 	 44.000000 	 38.000000 	 38.000000 	 12:40:07.120 p. m. 22/12/2019 
-6.000000 	 -13.000000 	 -13.000000 	 61.000000 	 64.000000 	 163.000000 	 376.000000 	 -70.000000 	 1310.000000 	 91.000000 	 51.000000 	 21.000000 	 31.000000 	 12:40:07.182 p. m. 22/12/2019 
20.000000 	 60.000000 	 133.000000 	 25.000000 	 73.000000 	 172.000000 	 943.000000 	 160.000000 	 1319.000000 	 17.000000 	 51.000000 	 29.000000 	 3.000000 	 12:40:07.244 p. m. 22/12/2019 
81.000000 	 -102.000000 	 26.000000 	 -40.000000 	 4.000000 	 218.000000 	 4.000000 	 -153.000000 	 744.000000 	 35.000000 	 83.000000 	 31.000000 	 23.000000 	 12:40:07.301 p. m. 22/12/2019 
131.000000 	 -104.000000 	 98.000000 	 81.000000 	 119.000000 	 159.000000 	 491.000000 	 -118.000000 	 62.000000 	 57.000000 	 81.000000 	 3.000000 	 15.000000 	 12:40:07.363 p. m. 22/12/2019 
89.000000 	 69.000000 	 119.000000 	 12.000000 	 146.000000 	 251.000000 	 448.000000 	 -32.000000 	 678.000000 	 9.000000 	 40.000000 	 27.000000 	 17.000000 	 12:40:07.424 p. m. 22/12/2019 
9.000000 	 -111.000000 	 14.000000 	 -75.000000 	 46.000000 	 147.000000 	 240.000000 	 -78.000000 	 416.000000 	 87.000000 	 28.000000 	 29.000000 	 21.000000 	 12:40:07.482 p. m. 22/12/2019 
114.000000 	 -57.000000 	 113.000000 	 -62.000000 	 2.000000 	 141.000000 	 1201.000000 	 -120.000000 	 1005.000000 	 8.000000 	 11.000000 	 43.000000 	 14.000000 	 12:40:07.548 p. m. 22/12/2019 
137.000000 	 -145.000000 	 96.000000 	 43.000000 	 173.000000 	 70.000000 	 1325.000000 	 -25.000000 	 1051.000000 	 14.000000 	 46.000000 	 22.000000 	 34.000000 	 12:40:07.608 p. m. 22/12/2019 
-6.000000 	 59.000000 	 103.000000 	 25.000000 	 213.000000 	 121.000000 	 459.000000 	 75.000000 	 491.000000 	 93.000000 	 95.000000 	 24.000000 	 45.000000 	 12:40:07.669 p. m. 22/12/2019 
-18.000000 	 -98.000000 	 -4.000000 	 -4.000000 	 65.000000 	 161.000000 	 78.000000 	 -55.000000 	 667.000000 	 78.000000 	 66.000000 	 10.000000 	 41.000000 	 12:40:07.727 p. m. 22/12/2019 
2.000000 	 -119.000000 	 141.000000 	 -60.000000 	 128.000000 	 25.000000 	 298.000000 	 -145.000000 	 17.000000 	 64.000000 	 6.000000 	 35.000000 	 40.000000 	 12:40:07.787 p. m. 22/12/2019 
99.000000 	 -118.000000 	 82.000000 	 16.000000 	 181.000000 	 174.000000 	 432.000000 	 -144.000000 	 219.000000 	 8.000000 	 53.000000 	 16.000000 	 17.000000 	 12:40:07.850 p. m. 22/12/2019 
45.000000 	 -84.000000 	 -6.000000 	 77.000000 	 188.000000 	 55.000000 	 1094.000000 	 105.000000 	 873.000000 	 46.000000 	 79.000000 	 41.000000 	 43.000000 	 12:40:07.912 p. m. 22/12/2019 
56.000000 	 149.000000 	 133.000000 	 143.000000 	 107.000000 	 49.000000 	 1459.000000 	 -33.000000 	 408.000000 	 50.000000 	 40.000000 	 4.000000 	 7.000000 	 12:40:07.972 p. m. 22/12/2019 
18.000000 	 134.000000 	 102.000000 	 -56.000000 	 88.000000 	 58.000000 	 1302.000000 	 93.000000 	 99.000000 	 10.000000 	 84.000000 	 23.000000 	 7.000000 	 12:40:08.032 p. m. 22/12/2019 
118.000000 	 -96.000000 	 100.000000 	 77.000000 	 228.000000 	 99.000000 	 315.000000 	 -84.000000 	 235.000000 	 22.000000 	 4.000000 	 39.000000 	 5.000000 	 12:40:08.088 p. m. 22/12/2019 
24.000000 	 -105.000000 	 91.000000 	 -63.000000 	 56.000000 	 113.000000 	 1493.000000 	 114.000000 	 249.000000 	 45.000000 	 34.000000 	 19.000000 	 17.000000 	 12:40:08.153 p. m. 22/12/2019 
17.000000 	 17.000000 	 39.000000 	 -88.000000 	 2.000000 	 198.000000 	 1002.000000 	 -3.000000 	 1154.000000 	 54.000000 	 83.000000 	 44.000000 	 11.000000 	 12:40:08.210 p. m. 22/12/2019 
35.000000 	 53.000000 	 55.000000 	 -123.000000 	 28.000000 	 49.000000 	 168.000000 	 -56.000000 	 170.000000 	 18.000000 	 75.000000 	 28.000000 	 11.000000 	 12:40:08.271 p. m. 22/12/2019 
141.000000 	 -105.000000 	 149.000000 	 -19.000000 	 122.000000 	 190.000000 	 800.000000 	 37.000000 	 564.000000 	 55.000000 	 36.000000 	 44.000000 	 37.000000 	 12:40:08.333 p. m. 22/12/2019 
46.000000 	 -49.000000 	 31.000000 	 -67.000000 	 94.000000 	 224.000000 	 735.000000 	 30.000000 	 713.000000 	 29.000000 	 70.000000 	 40.000000 	 16.000000 	 12:40:08.394 p. m. 22/12/2019 
79.000000 	 62.000000 	 147.000000 	 119.000000 	 32.000000 	 128.000000 	 872.000000 	 -36.000000 	 362.000000 	 35.000000 	 83.000000 	 25.000000 	 22.000000 	 12:40:08.452 p. m. 22/12/2019 
1.000000 	 14.000000 	 95.000000 	 -87.000000 	 247.000000 	 238.000000 	 1020.000000 	 -78.000000 	 1338.000000 	 33.000000 	 45.000000 	 3.000000 	 16.000000 	 12:40:08.513 p. m. 22/12/2019 
73.000000 	 95.000000 	 59.000000 	 40.000000 	 33.000000 	 215.000000 	 458.000000 	 -178.000000 	 704.000000 	 54.000000 	 4.000000 	 16.000000 	 18.000000 	 12:40:08.570 p. m. 22/12/2019 
44.000000 	 70.000000 	 25.000000 	 73.000000 	 65.000000 	 241.000000 	 478.000000 	 -134.000000 	 677.000000 	 17.000000 	 86.000000 	 13.000000 	 6.000000 	 12:40:08.632 p. m. 22/12/2019 
98.000000 	 113.000000 	 -11.000000 	 23.000000 	 32.000000 	 249.000000 	 375.000000 	 57.000000 	 1226.000000 	 86.000000 	 17.000000 	 44.000000 	 7.000000 	 12:40:08.691 p. m. 22/12/2019 
105.000000 	 -124.000000 	 38.000000 	 19.000000 	 209.000000 	 169.000000 	 871.000000 	 -114.000000 	 1286.000000 	 41.000000 	 69.000000 	 10.000000 	 45.000000 	 12:40:08.755 p. m. 22/12/2019 
13.000000 	 -43.000000 	 28.000000 	 -22.000000 	 53.000000 	 145.000000 	 578.000000 	 22.000000 	 1274.000000 	 50.000000 	 62.000000 	 36.000000 	 1.000000 	 12:40:08.814 p. m. 22/12/2019 
81.000000 	 -98.000000 	 87.000000 	 -6.000000 	 173.000000 	 228.000000 	 770.000000 	 -29.000000 	 703.000000 	 55.000000 	 48.000000 	 42.000000 	 35.000000 	 12:40:08.874 p. m. 22/12/2019 
-7.000000 	 144.000000 	 79.000000 	 139.000000 	 202.000000 	 66.000000 	 1286.000000 	 -89.000000 	 240.000000 	 58.000000 	 34.000000 	 44.000000 	 23.000000 	 12:40:08.935 p. m. 22/12/2019 
91.000000 	 89.000000 	 74.000000 	 -118.000000 	 226.000000 	 115.000000 	 1091.000000 	 152.000000 	 691.000000 	 5.000000 	 39.000000 	 11.000000 	 43.000000 	 12:40:08.996 p. m. 22/12/2019 
26.000000 	 -27.000000 	 59.000000 	 74.000000 	 218.000000 	 89.000000 	 681.000000 	 -100.000000 	 5.000000 	 75.000000 	 47.000000 	 20.000000 	 38.000000 	 12:40:09.054 p. m. 22/12/2019 
9.000000 	 145.000000 	 2.000000 	 -120.000000 	 147.000000 	 12.000000 	 328.000000 	 175.000000 	 406.000000 	 51.000000 	 76.000000 	 28.000000 	 41.000000 	 12:40:09.115 p. m. 22/12/2019 
73.000000 	 -33.000000 	 -14.000000 	 110.000000 	 165.000000 	 217.000000 	 407.000000 	 -161.000000 	 1016.000000 	 48.000000 	 39.000000 	 31.000000 	 25.000000 	 12:40:09.177 p. m. 22/12/2019 
4.000000 	 -94.000000 	 101.000000 	 -27.000000 	 149.000000 	 224.000000 	 1003.000000 	 118.000000 	 206.000000 	 68.000000 	 56.000000 	 16.000000 	 22.000000 	 12:40:09.243 p. m. 22/12/2019 
139.000000 	 -41.000000 	 44.000000 	 29.000000 	 164.000000 	 0.000000 	 938.000000 	 -40.000000 	 1175.000000 	 97.000000 	 63.000000 	 28.000000 	 13.000000 	 12:40:09.300 p. m. 22/12/2019 
81.000000 	 58.000000 	 9.000000 	 -18.000000 	 136.000000 	 178.000000 	 1017.000000 	 -175.000000 	 287.000000 	 86.000000 	 71.000000 	 36.000000 	 46.000000 	 12:40:09.360 p. m. 22/12/2019 
108.000000 	 78.000000 	 99.000000 	 69.000000 	 26.000000 	 157.000000 	 1099.000000 	 -167.000000 	 1332.000000 	 60.000000 	 75.000000 	 20.000000 	 31.000000 	 12:40:09.426 p. m. 22/12/2019 
29.000000 	 123.000000 	 107.000000 	 126.000000 	 9.000000 	 70.000000 	 328.000000 	 -131.000000 	 452.000000 	 70.000000 	 55.000000 	 43.000000 	 43.000000 	 12:40:09.484 p. m. 22/12/2019 
79.000000 	 -34.000000 	 44.000000 	 111.000000 	 22.000000 	 167.000000 	 358.000000 	 -15.000000 	 798.000000 	 90.000000 	 45.000000 	 9.000000 	 9.000000 	 12:40:09.546 p. m. 22/12/2019 
56.000000 	 28.000000 	 17.000000 	 65.000000 	 164.000000 	 232.000000 	 671.000000 	 -63.000000 	 576.000000 	 56.000000 	 70.000000 	 22.000000 	 23.000000 	 12:40:09.604 p. m. 22/12/2019 
112.000000 	 -39.000000 	 32.000000 	 143.000000 	 210.000000 	 12.000000 	 305.000000 	 100.000000 	 146.000000 	 63.000000 	 24.000000 	 2.000000 	 7.000000 	 12:40:09.666 p. m. 22/12/2019 
77.000000 	 -145.000000 	 127.000000 	 -135.000000 	 33.000000 	 244.000000 	 1079.000000 	 -63.000000 	 142.000000 	 27.000000 	 91.000000 	 41.000000 	 29.000000 	 12:40:09.726 p. m. 22/12/2019 
119.000000 	 -131.000000 	 131.000000 	 18.000000 	 240.000000 	 217.000000 	 1165.000000 	 -67.000000 	 962.000000 	 0.000000 	 30.000000 	 19.000000 	 37.000000 	 12:40:09.792 p. m. 22/12/2019 
96.000000 	 -3.000000 	 42.000000 	 -99.000000 	 222.000000 	 45.000000 	 253.000000 	 35.000000 	 644.000000 	 4.000000 	 20.000000 	 31.000000 	 29.000000 	 12:40:09.849 p. m. 22/12/2019 
2.000000 	 -10.000000 	 20.000000 	 -85.000000 	 86.000000 	 243.000000 	 936.000000 	 -67.000000 	 1127.000000 	 2.000000 	 23.000000 	 48.000000 	 18.000000 	 12:40:09.906 p. m. 22/12/2019 
116.000000 	 -110.000000 	 39.000000 	 31.000000 	 48.000000 	 121.000000 	 1088.000000 	 -21.000000 	 1254.000000 	 73.000000 	 7.000000 	 5.000000 	 21.000000 	 12:40:09.967 p. m. 22/12/2019 
11.000000 	 -81.000000 	 138.000000 	 142.000000 	 19.000000 	 103.000000 	 510.000000 	 4.000000 	 1197.000000 	 87.000000 	 12.000000 	 14.000000 	 26.000000 	 12:40:10.029 p. m. 22/12/2019 
36.000000 	 -36.000000 	 98.000000 	 -77.000000 	 129.000000 	 28.000000 	 1446.000000 	 -169.000000 	 418.000000 	 47.000000 	 34.000000 	 40.000000 	 5.000000 	 12:40:10.091 p. m. 22/12/2019 
41.000000 	 -14.000000 	 84.000000 	 -3.000000 	 128.000000 	 61.000000 	 474.000000 	 -33.000000 	 1117.000000 	 25.000000 	 59.000000 	 5.000000 	 38.000000 	 12:40:10.151 p. m. 22/12/2019 
79.000000 	 -95.000000 	 -16.000000 	 114.000000 	 81.000000 	 124.000000 	 9.000000 	 -65.000000 	 719.000000 	 55.000000 	 79.000000 	 21.000000 	 49.000000 	 12:40:10.209 p. m. 22/12/2019 
56.000000 	 -102.000000 	 129.000000 	 -59.000000 	 121.000000 	 233.000000 	 264.000000 	 171.000000 	 550.000000 	 26.000000 	 14.000000 	 11.000000 	 21.000000 	 12:40:10.276 p. m. 22/12/2019 
97.000000 	 -1.000000 	 68.000000 	 -54.000000 	 239.000000 	 99.000000 	 1089.000000 	 -119.000000 	 490.000000 	 34.000000 	 21.000000 	 12.000000 	 1.000000 	 12:40:10.333 p. m. 22/12/2019 
35.000000 	 71.000000 	 108.000000 	 122.000000 	 247.000000 	 153.000000 	 316.000000 	 -71.000000 	 798.000000 	 18.000000 	 43.000000 	 18.000000 	 5.000000 	 12:40:10.394 p. m. 22/12/2019 
28.000000 	 -67.000000 	 57.000000 	 -148.000000 	 112.000000 	 224.000000 	 1100.000000 	 -65.000000 	 347.000000 	 34.000000 	 44.000000 	 25.000000 	 27.000000 	 12:40:10.460 p. m. 22/12/2019 
143.000000 	 -142.000000 	 41.000000 	 -145.000000 	 232.000000 	 180.000000 	 551.000000 	 127.000000 	 696.000000 	 47.000000 	 16.000000 	 49.000000 	 44.000000 	 12:40:10.521 p. m. 22/12/2019 
104.000000 	 39.000000 	 38.000000 	 39.000000 	 48.000000 	 164.000000 	 1175.000000 	 61.000000 	 634.000000 	 23.000000 	 95.000000 	 10.000000 	 22.000000 	 12:40:10.583 p. m. 22/12/2019 
-5.000000 	 59.000000 	 38.000000 	 -42.000000 	 48.000000 	 108.000000 	 465.000000 	 4.000000 	 449.000000 	 6.000000 	 65.000000 	 24.000000 	 39.000000 	 12:40:10.639 p. m. 22/12/2019 
72.000000 	 83.000000 	 75.000000 	 -17.000000 	 61.000000 	 164.000000 	 915.000000 	 107.000000 	 1119.000000 	 85.000000 	 3.000000 	 4.000000 	 18.000000 	 12:40:10.698 p. m. 22/12/2019 
95.000000 	 96.000000 	 102.000000 	 85.000000 	 173.000000 	 205.000000 	 253.000000 	 -144.000000 	 851.000000 	 46.000000 	 52.000000 	 24.000000 	 44.000000 	 12:40:10.760 p. m. 22/12/2019 
-8.000000 	 133.000000 	 146.000000 	 -126.000000 	 100.000000 	 18.000000 	 1112.000000 	 -157.000000 	 1426.000000 	 81.000000 	 19.000000 	 35.000000 	 12.000000 	 12:40:10.824 p. m. 22/12/2019 
37.000000 	 63.000000 	 68.000000 	 -120.000000 	 23.000000 	 105.000000 	 48.000000 	 58.000000 	 648.000000 	 55.000000 	 16.000000 	 33.000000 	 38.000000 	 12:40:10.881 p. m. 22/12/2019 
146.000000 	 -61.000000 	 145.000000 	 -58.000000 	 121.000000 	 249.000000 	 847.000000 	 -179.000000 	 67.000000 	 57.000000 	 7.000000 	 11.000000 	 23.000000 	 12:40:10.942 p. m. 22/12/2019 
-9.000000 	 147.000000 	 22.000000 	 103.000000 	 79.000000 	 138.000000 	 88.000000 	 -30.000000 	 1487.000000 	 75.000000 	 62.000000 	 5.000000 	 48.000000 	 12:40:11.004 p. m. 22/12/2019 
17.000000 	 -76.000000 	 -16.000000 	 -29.000000 	 162.000000 	 98.000000 	 324.000000 	 -89.000000 	 913.000000 	 64.000000 	 94.000000 	 32.000000 	 0.000000 	 12:40:11.065 p. m. 22/12/2019 
57.000000 	 -47.000000 	 120.000000 	 -120.000000 	 100.000000 	 54.000000 	 1314.000000 	 -134.000000 	 1166.000000 	 92.000000 	 26.000000 	 16.000000 	 34.000000 	 12:40:11.131 p. m. 22/12/2019 
29.000000 	 146.000000 	 29.000000 	 97.000000 	 76.000000 	 197.000000 	 1116.000000 	 76.000000 	 1116.000000 	 16.000000 	 19.000000 	 46.000000 	 38.000000 	 12:40:11.190 p. m. 22/12/2019 
93.000000 	 109.000000 	 -20.000000 	 -65.000000 	 148.000000 	 33.000000 	 1437.000000 	 -88.000000 	 13.000000 	 24.000000 	 77.000000 	 25.000000 	 11.000000 	 12:40:11.252 p. m. 22/12/2019 
140.000000 	 -61.000000 	 126.000000 	 105.000000 	 230.000000 	 68.000000 	 398.000000 	 -66.000000 	 673.000000 	 80.000000 	 68.000000 	 2.000000 	 15.000000 	 12:40:11.311 p. m. 22/12/2019 
107.000000 	 131.000000 	 144.000000 	 14.000000 	 47.000000 	 37.000000 	 248.000000 	 -7.000000 	 334.000000 	 96.000000 	 42.000000 	 39.000000 	 39.000000 	 12:40:11.373 p. m. 22/12/2019 
17.000000 	 111.000000 	 131.000000 	 -133.000000 	 57.000000 	 66.000000 	 1352.000000 	 -178.000000 	 655.000000 	 69.000000 	 56.000000 	 9.000000 	 4.000000 	 12:40:11.434 p. m. 22/12/2019 
78.000000 	 21.000000 	 110.000000 	 -82.000000 	 183.000000 	 103.000000 	 629.000000 	 -65.000000 	 892.000000 	 64.000000 	 52.000000 	 44.000000 	 10.000000 	 12:40:11.495 p. m. 22/12/2019 
9.000000 	 -131.000000 	 48.000000 	 78.000000 	 47.000000 	 4.000000 	 931.000000 	 146.000000 	 1495.000000 	 2.000000 	 68.000000 	 34.000000 	 36.000000 	 12:40:11.553 p. m. 22/12/2019 
130.000000 	 110.000000 	 80.000000 	 -34.000000 	 36.000000 	 32.000000 	 1156.000000 	 20.000000 	 98.000000 	 67.000000 	 76.000000 	 49.000000 	 6.000000 	 12:40:11.610 p. m. 22/12/2019 
-11.000000 	 -124.000000 	 32.000000 	 108.000000 	 194.000000 	 12.000000 	 1183.000000 	 25.000000 	 1248.000000 	 36.000000 	 61.000000 	 21.000000 	 11.000000 	 12:40:11.675 p. m. 22/12/2019 
-10.000000 	 -33.000000 	 50.000000 	 89.000000 	 92.000000 	 30.000000 	 1143.000000 	 92.000000 	 77.000000 	 57.000000 	 94.000000 	 2.000000 	 26.000000 	 12:40:11.732 p. m. 22/12/2019 
70.000000 	 46.000000 	 9.000000 	 66.000000 	 10.000000 	 71.000000 	 1052.000000 	 -47.000000 	 584.000000 	 34.000000 	 6.000000 	 20.000000 	 0.000000 	 12:40:11.786 p. m. 22/12/2019 
24.000000 	 -143.000000 	 97.000000 	 146.000000 	 69.000000 	 20.000000 	 369.000000 	 -41.000000 	 1339.000000 	 63.000000 	 27.000000 	 38.000000 	 32.000000 	 12:40:11.849 p. m. 22/12/2019 
52.000000 	 92.000000 	 25.000000 	 128.000000 	 66.000000 	 31.000000 	 956.000000 	 174.000000 	 148.000000 	 69.000000 	 17.000000 	 5.000000 	 47.000000 	 12:40:11.905 p. m. 22/12/2019 
28.000000 	 51.000000 	 -16.000000 	 133.000000 	 241.000000 	 25.000000 	 1270.000000 	 138.000000 	 854.000000 	 4.000000 	 66.000000 	 35.000000 	 42.000000 	 12:40:11.966 p. m. 22/12/2019 
80.000000 	 99.000000 	 19.000000 	 -70.000000 	 160.000000 	 114.000000 	 462.000000 	 -94.000000 	 987.000000 	 37.000000 	 16.000000 	 38.000000 	 33.000000 	 12:40:12.023 p. m. 22/12/2019 
9.000000 	 124.000000 	 129.000000 	 -94.000000 	 50.000000 	 113.000000 	 379.000000 	 157.000000 	 1324.000000 	 0.000000 	 56.000000 	 38.000000 	 37.000000 	 12:40:12.085 p. m. 22/12/2019 
53.000000 	 32.000000 	 -1.000000 	 117.000000 	 106.000000 	 204.000000 	 580.000000 	 -58.000000 	 880.000000 	 68.000000 	 40.000000 	 24.000000 	 22.000000 	 12:40:12.146 p. m. 22/12/2019 
-4.000000 	 76.000000 	 139.000000 	 -62.000000 	 222.000000 	 63.000000 	 97.000000 	 171.000000 	 308.000000 	 33.000000 	 89.000000 	 48.000000 	 44.000000 	 12:40:12.204 p. m. 22/12/2019 
0.000000 	 26.000000 	 -12.000000 	 111.000000 	 225.000000 	 134.000000 	 478.000000 	 -57.000000 	 501.000000 	 70.000000 	 58.000000 	 14.000000 	 3.000000 	 12:40:12.266 p. m. 22/12/2019 
40.000000 	 -6.000000 	 140.000000 	 -59.000000 	 200.000000 	 201.000000 	 463.000000 	 52.000000 	 701.000000 	 8.000000 	 50.000000 	 5.000000 	 44.000000 	 12:40:12.323 p. m. 22/12/2019 
42.000000 	 71.000000 	 -12.000000 	 -20.000000 	 79.000000 	 210.000000 	 80.000000 	 145.000000 	 981.000000 	 63.000000 	 25.000000 	 1.000000 	 4.000000 	 12:40:12.380 p. m. 22/12/2019 
77.000000 	 137.000000 	 37.000000 	 -79.000000 	 12.000000 	 166.000000 	 1248.000000 	 -41.000000 	 475.000000 	 93.000000 	 47.000000 	 25.000000 	 31.000000 	 12:40:12.441 p. m. 22/12/2019 
127.000000 	 -147.000000 	 78.000000 	 -118.000000 	 113.000000 	 110.000000 	 221.000000 	 -169.000000 	 179.000000 	 14.000000 	 46.000000 	 27.000000 	 5.000000 	 12:40:12.507 p. m. 22/12/2019 
21.000000 	 50.000000 	 85.000000 	 18.000000 	 229.000000 	 254.000000 	 928.000000 	 -106.000000 	 1285.000000 	 3.000000 	 62.000000 	 0.000000 	 15.000000 	 12:40:12.564 p. m. 22/12/2019 
114.000000 	 -49.000000 	 50.000000 	 8.000000 	 121.000000 	 9.000000 	 1187.000000 	 -49.000000 	 1445.000000 	 83.000000 	 4.000000 	 2.000000 	 39.000000 	 12:40:12.627 p. m. 22/12/2019 
95.000000 	 13.000000 	 51.000000 	 -44.000000 	 39.000000 	 216.000000 	 451.000000 	 64.000000 	 558.000000 	 38.000000 	 54.000000 	 38.000000 	 6.000000 	 12:40:12.683 p. m. 22/12/2019 
3.000000 	 -150.000000 	 52.000000 	 -95.000000 	 23.000000 	 23.000000 	 1433.000000 	 44.000000 	 1302.000000 	 80.000000 	 81.000000 	 33.000000 	 2.000000 	 12:40:12.740 p. m. 22/12/2019 
99.000000 	 50.000000 	 79.000000 	 87.000000 	 235.000000 	 89.000000 	 1279.000000 	 162.000000 	 469.000000 	 32.000000 	 12.000000 	 6.000000 	 48.000000 	 12:40:12.798 p. m. 22/12/2019 
141.000000 	 14.000000 	 93.000000 	 34.000000 	 251.000000 	 216.000000 	 727.000000 	 164.000000 	 724.000000 	 14.000000 	 67.000000 	 49.000000 	 18.000000 	 12:40:12.861 p. m. 22/12/2019 
95.000000 	 -56.000000 	 26.000000 	 41.000000 	 95.000000 	 175.000000 	 388.000000 	 -180.000000 	 1293.000000 	 57.000000 	 51.000000 	 29.000000 	 13.000000 	 12:40:12.921 p. m. 22/12/2019 
41.000000 	 111.000000 	 111.000000 	 29.000000 	 51.000000 	 166.000000 	 888.000000 	 -133.000000 	 609.000000 	 44.000000 	 30.000000 	 32.000000 	 37.000000 	 12:40:12.984 p. m. 22/12/2019 
4.000000 	 -130.000000 	 122.000000 	 61.000000 	 1.000000 	 224.000000 	 768.000000 	 126.000000 	 53.000000 	 87.000000 	 14.000000 	 11.000000 	 42.000000 	 12:40:13.041 p. m. 22/12/2019 
68.000000 	 -125.000000 	 35.000000 	 -65.000000 	 27.000000 	 182.000000 	 93.000000 	 94.000000 	 808.000000 	 38.000000 	 55.000000 	 20.000000 	 25.000000 	 12:40:13.100 p. m. 22/12/2019 
34.000000 	 10.000000 	 32.000000 	 79.000000 	 107.000000 	 253.000000 	 604.000000 	 16.000000 	 212.000000 	 73.000000 	 74.000000 	 47.000000 	 3.000000 	 12:40:13.158 p. m. 22/12/2019 
9.000000 	 -92.000000 	 50.000000 	 86.000000 	 213.000000 	 250.000000 	 56.000000 	 160.000000 	 835.000000 	 54.000000 	 26.000000 	 13.000000 	 22.000000 	 12:40:13.217 p. m. 22/12/2019 
33.000000 	 -116.000000 	 113.000000 	 -126.000000 	 241.000000 	 45.000000 	 154.000000 	 -145.000000 	 1442.000000 	 3.000000 	 66.000000 	 38.000000 	 17.000000 	 12:40:13.283 p. m. 22/12/2019 
126.000000 	 140.000000 	 60.000000 	 130.000000 	 165.000000 	 70.000000 	 169.000000 	 -128.000000 	 687.000000 	 58.000000 	 46.000000 	 22.000000 	 42.000000 	 12:40:13.343 p. m. 22/12/2019 
97.000000 	 -86.000000 	 -2.000000 	 85.000000 	 237.000000 	 172.000000 	 959.000000 	 176.000000 	 719.000000 	 80.000000 	 92.000000 	 40.000000 	 11.000000 	 12:40:13.405 p. m. 22/12/2019 
136.000000 	 15.000000 	 94.000000 	 -78.000000 	 245.000000 	 127.000000 	 743.000000 	 -168.000000 	 862.000000 	 17.000000 	 0.000000 	 28.000000 	 9.000000 	 12:40:13.466 p. m. 22/12/2019 
60.000000 	 45.000000 	 24.000000 	 -62.000000 	 144.000000 	 119.000000 	 405.000000 	 -161.000000 	 1123.000000 	 38.000000 	 46.000000 	 12.000000 	 46.000000 	 12:40:13.527 p. m. 22/12/2019 
18.000000 	 23.000000 	 33.000000 	 -94.000000 	 19.000000 	 81.000000 	 800.000000 	 133.000000 	 1499.000000 	 14.000000 	 40.000000 	 4.000000 	 38.000000 	 12:40:13.584 p. m. 22/12/2019 
127.000000 	 -145.000000 	 -16.000000 	 -94.000000 	 5.000000 	 150.000000 	 417.000000 	 -41.000000 	 336.000000 	 69.000000 	 84.000000 	 16.000000 	 29.000000 	 12:40:13.647 p. m. 22/12/2019 
96.000000 	 -109.000000 	 90.000000 	 -69.000000 	 84.000000 	 3.000000 	 907.000000 	 -33.000000 	 1205.000000 	 95.000000 	 73.000000 	 30.000000 	 17.000000 	 12:40:13.708 p. m. 22/12/2019 
148.000000 	 0.000000 	 119.000000 	 -109.000000 	 185.000000 	 69.000000 	 835.000000 	 -172.000000 	 80.000000 	 46.000000 	 11.000000 	 1.000000 	 41.000000 	 12:40:13.771 p. m. 22/12/2019 
35.000000 	 100.000000 	 60.000000 	 32.000000 	 147.000000 	 65.000000 	 1419.000000 	 -173.000000 	 638.000000 	 28.000000 	 46.000000 	 38.000000 	 46.000000 	 12:40:13.830 p. m. 22/12/2019 
81.000000 	 -5.000000 	 27.000000 	 -90.000000 	 127.000000 	 202.000000 	 936.000000 	 50.000000 	 1033.000000 	 18.000000 	 94.000000 	 48.000000 	 5.000000 	 12:40:13.889 p. m. 22/12/2019 
116.000000 	 -123.000000 	 18.000000 	 49.000000 	 246.000000 	 88.000000 	 7.000000 	 77.000000 	 585.000000 	 70.000000 	 84.000000 	 18.000000 	 24.000000 	 12:40:13.946 p. m. 22/12/2019 
90.000000 	 -83.000000 	 143.000000 	 82.000000 	 9.000000 	 232.000000 	 1172.000000 	 -145.000000 	 1159.000000 	 69.000000 	 87.000000 	 31.000000 	 11.000000 	 12:40:14.012 p. m. 22/12/2019 
-20.000000 	 7.000000 	 1.000000 	 16.000000 	 211.000000 	 231.000000 	 313.000000 	 21.000000 	 647.000000 	 53.000000 	 70.000000 	 39.000000 	 0.000000 	 12:40:14.064 p. m. 22/12/2019 
76.000000 	 95.000000 	 44.000000 	 -27.000000 	 178.000000 	 177.000000 	 1218.000000 	 -76.000000 	 149.000000 	 1.000000 	 26.000000 	 25.000000 	 29.000000 	 12:40:14.127 p. m. 22/12/2019 
89.000000 	 -106.000000 	 16.000000 	 99.000000 	 77.000000 	 244.000000 	 973.000000 	 90.000000 	 1213.000000 	 48.000000 	 56.000000 	 28.000000 	 37.000000 	 12:40:14.187 p. m. 22/12/2019 
25.000000 	 -47.000000 	 -8.000000 	 -43.000000 	 153.000000 	 198.000000 	 1022.000000 	 136.000000 	 634.000000 	 11.000000 	 97.000000 	 47.000000 	 28.000000 	 12:40:14.249 p. m. 22/12/2019 
147.000000 	 84.000000 	 126.000000 	 -135.000000 	 81.000000 	 158.000000 	 1400.000000 	 -100.000000 	 88.000000 	 48.000000 	 63.000000 	 13.000000 	 34.000000 	 12:40:14.313 p. m. 22/12/2019 
137.000000 	 13.000000 	 12.000000 	 62.000000 	 112.000000 	 207.000000 	 660.000000 	 168.000000 	 273.000000 	 69.000000 	 95.000000 	 18.000000 	 40.000000 	 12:40:14.370 p. m. 22/12/2019 
132.000000 	 -14.000000 	 63.000000 	 -41.000000 	 92.000000 	 29.000000 	 394.000000 	 -118.000000 	 114.000000 	 7.000000 	 96.000000 	 31.000000 	 18.000000 	 12:40:14.432 p. m. 22/12/2019 
9.000000 	 68.000000 	 90.000000 	 73.000000 	 29.000000 	 252.000000 	 1380.000000 	 5.000000 	 974.000000 	 17.000000 	 56.000000 	 34.000000 	 2.000000 	 12:40:14.489 p. m. 22/12/2019 
112.000000 	 108.000000 	 140.000000 	 4.000000 	 12.000000 	 20.000000 	 1066.000000 	 -67.000000 	 1462.000000 	 66.000000 	 63.000000 	 11.000000 	 31.000000 	 12:40:14.553 p. m. 22/12/2019 
91.000000 	 -64.000000 	 1.000000 	 88.000000 	 187.000000 	 65.000000 	 438.000000 	 13.000000 	 1281.000000 	 93.000000 	 73.000000 	 22.000000 	 8.000000 	 12:40:14.609 p. m. 22/12/2019 
128.000000 	 -136.000000 	 20.000000 	 -57.000000 	 16.000000 	 1.000000 	 653.000000 	 -60.000000 	 1335.000000 	 56.000000 	 3.000000 	 22.000000 	 15.000000 	 12:40:14.666 p. m. 22/12/2019 
149.000000 	 114.000000 	 29.000000 	 62.000000 	 234.000000 	 188.000000 	 1053.000000 	 70.000000 	 807.000000 	 27.000000 	 29.000000 	 46.000000 	 16.000000 	 12:40:14.728 p. m. 22/12/2019 
120.000000 	 39.000000 	 42.000000 	 39.000000 	 22.000000 	 106.000000 	 370.000000 	 -30.000000 	 59.000000 	 51.000000 	 25.000000 	 35.000000 	 27.000000 	 12:40:14.788 p. m. 22/12/2019 
7.000000 	 45.000000 	 39.000000 	 -7.000000 	 203.000000 	 245.000000 	 909.000000 	 -138.000000 	 922.000000 	 37.000000 	 91.000000 	 35.000000 	 31.000000 	 12:40:14.846 p. m. 22/12/2019 
98.000000 	 52.000000 	 94.000000 	 -66.000000 	 199.000000 	 115.000000 	 363.000000 	 -23.000000 	 187.000000 	 36.000000 	 60.000000 	 22.000000 	 35.000000 	 12:40:14.909 p. m. 22/12/2019 
59.000000 	 -60.000000 	 149.000000 	 48.000000 	 218.000000 	 211.000000 	 686.000000 	 139.000000 	 202.000000 	 36.000000 	 18.000000 	 24.000000 	 34.000000 	 12:40:14.971 p. m. 22/12/2019 
79.000000 	 -98.000000 	 39.000000 	 -79.000000 	 80.000000 	 19.000000 	 1185.000000 	 44.000000 	 1025.000000 	 95.000000 	 34.000000 	 44.000000 	 29.000000 	 12:40:15.031 p. m. 22/12/2019 
82.000000 	 35.000000 	 16.000000 	 -37.000000 	 11.000000 	 166.000000 	 577.000000 	 134.000000 	 193.000000 	 81.000000 	 51.000000 	 45.000000 	 48.000000 	 12:40:15.089 p. m. 22/12/2019 
17.000000 	 -52.000000 	 149.000000 	 8.000000 	 92.000000 	 155.000000 	 475.000000 	 174.000000 	 1449.000000 	 60.000000 	 89.000000 	 2.000000 	 21.000000 	 12:40:15.150 p. m. 22/12/2019 
12.000000 	 -84.000000 	 146.000000 	 -130.000000 	 51.000000 	 243.000000 	 1074.000000 	 115.000000 	 1152.000000 	 64.000000 	 0.000000 	 37.000000 	 21.000000 	 12:40:15.210 p. m. 22/12/2019 
118.000000 	 -101.000000 	 69.000000 	 19.000000 	 241.000000 	 240.000000 	 1079.000000 	 -150.000000 	 582.000000 	 73.000000 	 90.000000 	 5.000000 	 18.000000 	 12:40:15.276 p. m. 22/12/2019 
12.000000 	 -75.000000 	 -15.000000 	 80.000000 	 104.000000 	 92.000000 	 632.000000 	 179.000000 	 513.000000 	 96.000000 	 97.000000 	 45.000000 	 29.000000 	 12:40:15.334 p. m. 22/12/2019 
24.000000 	 83.000000 	 58.000000 	 -94.000000 	 211.000000 	 151.000000 	 729.000000 	 144.000000 	 506.000000 	 78.000000 	 20.000000 	 40.000000 	 37.000000 	 12:40:15.396 p. m. 22/12/2019 
141.000000 	 79.000000 	 132.000000 	 -80.000000 	 245.000000 	 222.000000 	 144.000000 	 93.000000 	 871.000000 	 30.000000 	 31.000000 	 5.000000 	 10.000000 	 12:40:15.458 p. m. 22/12/2019 
121.000000 	 85.000000 	 145.000000 	 113.000000 	 48.000000 	 79.000000 	 513.000000 	 91.000000 	 164.000000 	 98.000000 	 97.000000 	 5.000000 	 37.000000 	 12:40:15.514 p. m. 22/12/2019 
-17.000000 	 -89.000000 	 71.000000 	 -109.000000 	 37.000000 	 94.000000 	 415.000000 	 -104.000000 	 949.000000 	 87.000000 	 95.000000 	 26.000000 	 42.000000 	 12:40:15.577 p. m. 22/12/2019 
-20.000000 	 -145.000000 	 38.000000 	 -122.000000 	 134.000000 	 205.000000 	 1401.000000 	 -151.000000 	 1371.000000 	 58.000000 	 53.000000 	 24.000000 	 12.000000 	 12:40:15.645 p. m. 22/12/2019 
139.000000 	 68.000000 	 78.000000 	 12.000000 	 158.000000 	 63.000000 	 942.000000 	 26.000000 	 1389.000000 	 95.000000 	 79.000000 	 49.000000 	 40.000000 	 12:40:15.703 p. m. 22/12/2019 
136.000000 	 38.000000 	 12.000000 	 -70.000000 	 103.000000 	 120.000000 	 445.000000 	 103.000000 	 1028.000000 	 31.000000 	 62.000000 	 4.000000 	 26.000000 	 12:40:15.766 p. m. 22/12/2019 
95.000000 	 -149.000000 	 91.000000 	 -30.000000 	 46.000000 	 120.000000 	 819.000000 	 141.000000 	 1002.000000 	 72.000000 	 99.000000 	 41.000000 	 37.000000 	 12:40:15.829 p. m. 22/12/2019 
6.000000 	 16.000000 	 143.000000 	 -30.000000 	 64.000000 	 124.000000 	 376.000000 	 53.000000 	 1379.000000 	 44.000000 	 35.000000 	 46.000000 	 32.000000 	 12:40:15.888 p. m. 22/12/2019 
127.000000 	 -68.000000 	 96.000000 	 133.000000 	 120.000000 	 168.000000 	 115.000000 	 101.000000 	 326.000000 	 23.000000 	 47.000000 	 15.000000 	 28.000000 	 12:40:15.948 p. m. 22/12/2019 
88.000000 	 37.000000 	 90.000000 	 94.000000 	 167.000000 	 244.000000 	 734.000000 	 22.000000 	 1347.000000 	 16.000000 	 85.000000 	 11.000000 	 24.000000 	 12:40:16.010 p. m. 22/12/2019 
14.000000 	 -29.000000 	 136.000000 	 -120.000000 	 69.000000 	 99.000000 	 1265.000000 	 -34.000000 	 570.000000 	 18.000000 	 45.000000 	 47.000000 	 27.000000 	 12:40:16.072 p. m. 22/12/2019 
47.000000 	 122.000000 	 102.000000 	 18.000000 	 9.000000 	 228.000000 	 116.000000 	 174.000000 	 373.000000 	 48.000000 	 3.000000 	 11.000000 	 47.000000 	 12:40:16.128 p. m. 22/12/2019 
13.000000 	 129.000000 	 17.000000 	 -75.000000 	 147.000000 	 129.000000 	 569.000000 	 -162.000000 	 528.000000 	 54.000000 	 43.000000 	 11.000000 	 43.000000 	 12:40:16.194 p. m. 22/12/2019 
142.000000 	 90.000000 	 148.000000 	 53.000000 	 77.000000 	 14.000000 	 481.000000 	 141.000000 	 1276.000000 	 77.000000 	 71.000000 	 25.000000 	 34.000000 	 12:40:16.252 p. m. 22/12/2019 
62.000000 	 73.000000 	 91.000000 	 -23.000000 	 34.000000 	 133.000000 	 330.000000 	 -71.000000 	 165.000000 	 41.000000 	 85.000000 	 24.000000 	 33.000000 	 12:40:16.313 p. m. 22/12/2019 
61.000000 	 -106.000000 	 24.000000 	 -10.000000 	 225.000000 	 146.000000 	 1489.000000 	 -99.000000 	 128.000000 	 92.000000 	 98.000000 	 25.000000 	 13.000000 	 12:40:16.374 p. m. 22/12/2019 
7.000000 	 -139.000000 	 122.000000 	 135.000000 	 56.000000 	 39.000000 	 66.000000 	 -103.000000 	 852.000000 	 24.000000 	 43.000000 	 23.000000 	 34.000000 	 12:40:16.437 p. m. 22/12/2019 
-10.000000 	 149.000000 	 92.000000 	 -126.000000 	 33.000000 	 207.000000 	 1048.000000 	 -147.000000 	 1254.000000 	 93.000000 	 25.000000 	 21.000000 	 1.000000 	 12:40:16.501 p. m. 22/12/2019 
32.000000 	 19.000000 	 87.000000 	 21.000000 	 124.000000 	 138.000000 	 597.000000 	 112.000000 	 1214.000000 	 1.000000 	 63.000000 	 4.000000 	 47.000000 	 12:40:16.560 p. m. 22/12/2019 
22.000000 	 96.000000 	 17.000000 	 -40.000000 	 237.000000 	 131.000000 	 81.000000 	 82.000000 	 473.000000 	 6.000000 	 63.000000 	 3.000000 	 3.000000 	 12:40:16.615 p. m. 22/12/2019 
129.000000 	 -108.000000 	 9.000000 	 -140.000000 	 224.000000 	 206.000000 	 485.000000 	 -63.000000 	 335.000000 	 18.000000 	 97.000000 	 2.000000 	 20.000000 	 12:40:16.677 p. m. 22/12/2019 
14.000000 	 -29.000000 	 63.000000 	 110.000000 	 94.000000 	 214.000000 	 586.000000 	 139.000000 	 1248.000000 	 42.000000 	 26.000000 	 23.000000 	 48.000000 	 12:40:16.739 p. m. 22/12/2019 
40.000000 	 -103.000000 	 -10.000000 	 74.000000 	 123.000000 	 89.000000 	 425.000000 	 -158.000000 	 1409.000000 	 77.000000 	 66.000000 	 44.000000 	 16.000000 	 12:40:16.800 p. m. 22/12/2019 
137.000000 	 101.000000 	 79.000000 	 87.000000 	 172.000000 	 114.000000 	 370.000000 	 -71.000000 	 550.000000 	 48.000000 	 66.000000 	 44.000000 	 14.000000 	 12:40:16.861 p. m. 22/12/2019 
41.000000 	 -61.000000 	 70.000000 	 -72.000000 	 113.000000 	 138.000000 	 901.000000 	 -18.000000 	 1031.000000 	 50.000000 	 77.000000 	 4.000000 	 2.000000 	 12:40:16.923 p. m. 22/12/2019 
81.000000 	 35.000000 	 -17.000000 	 -3.000000 	 188.000000 	 49.000000 	 537.000000 	 -84.000000 	 1242.000000 	 71.000000 	 87.000000 	 33.000000 	 22.000000 	 12:40:16.986 p. m. 22/12/2019 
-8.000000 	 -76.000000 	 30.000000 	 -129.000000 	 242.000000 	 190.000000 	 1492.000000 	 42.000000 	 1284.000000 	 60.000000 	 68.000000 	 22.000000 	 35.000000 	 12:40:17.046 p. m. 22/12/2019 
75.000000 	 127.000000 	 -10.000000 	 42.000000 	 241.000000 	 103.000000 	 709.000000 	 -133.000000 	 1018.000000 	 49.000000 	 96.000000 	 0.000000 	 11.000000 	 12:40:17.111 p. m. 22/12/2019 
-20.000000 	 -109.000000 	 128.000000 	 53.000000 	 31.000000 	 202.000000 	 1028.000000 	 67.000000 	 1462.000000 	 38.000000 	 58.000000 	 5.000000 	 22.000000 	 12:40:17.174 p. m. 22/12/2019 
7.000000 	 -125.000000 	 20.000000 	 30.000000 	 191.000000 	 74.000000 	 975.000000 	 122.000000 	 1478.000000 	 44.000000 	 97.000000 	 39.000000 	 27.000000 	 12:40:17.235 p. m. 22/12/2019 
62.000000 	 80.000000 	 131.000000 	 92.000000 	 81.000000 	 42.000000 	 774.000000 	 125.000000 	 1104.000000 	 40.000000 	 94.000000 	 24.000000 	 26.000000 	 12:40:17.291 p. m. 22/12/2019 
14.000000 	 81.000000 	 -5.000000 	 -67.000000 	 204.000000 	 115.000000 	 1137.000000 	 12.000000 	 1185.000000 	 39.000000 	 9.000000 	 38.000000 	 43.000000 	 12:40:17.353 p. m. 22/12/2019 
143.000000 	 125.000000 	 117.000000 	 99.000000 	 179.000000 	 29.000000 	 195.000000 	 41.000000 	 704.000000 	 88.000000 	 91.000000 	 35.000000 	 42.000000 	 12:40:17.410 p. m. 22/12/2019 
-15.000000 	 -119.000000 	 36.000000 	 -82.000000 	 196.000000 	 33.000000 	 1399.000000 	 -176.000000 	 822.000000 	 49.000000 	 20.000000 	 23.000000 	 33.000000 	 12:40:17.476 p. m. 22/12/2019 
133.000000 	 8.000000 	 -1.000000 	 52.000000 	 38.000000 	 162.000000 	 602.000000 	 -160.000000 	 302.000000 	 13.000000 	 80.000000 	 40.000000 	 4.000000 	 12:40:17.534 p. m. 22/12/2019 
86.000000 	 26.000000 	 118.000000 	 55.000000 	 92.000000 	 95.000000 	 1350.000000 	 105.000000 	 955.000000 	 88.000000 	 84.000000 	 37.000000 	 30.000000 	 12:40:17.595 p. m. 22/12/2019 
138.000000 	 -24.000000 	 141.000000 	 -94.000000 	 34.000000 	 13.000000 	 1285.000000 	 -85.000000 	 1231.000000 	 9.000000 	 63.000000 	 46.000000 	 10.000000 	 12:40:17.656 p. m. 22/12/2019 
119.000000 	 -37.000000 	 -15.000000 	 3.000000 	 229.000000 	 19.000000 	 101.000000 	 -101.000000 	 637.000000 	 76.000000 	 84.000000 	 39.000000 	 3.000000 	 12:40:17.718 p. m. 22/12/2019 
-3.000000 	 -79.000000 	 40.000000 	 63.000000 	 237.000000 	 210.000000 	 1345.000000 	 64.000000 	 482.000000 	 10.000000 	 18.000000 	 20.000000 	 45.000000 	 12:40:17.781 p. m. 22/12/2019 
12.000000 	 -82.000000 	 64.000000 	 -60.000000 	 55.000000 	 94.000000 	 1032.000000 	 -120.000000 	 921.000000 	 32.000000 	 50.000000 	 42.000000 	 28.000000 	 12:40:17.840 p. m. 22/12/2019 
-4.000000 	 148.000000 	 84.000000 	 -139.000000 	 217.000000 	 234.000000 	 283.000000 	 97.000000 	 1364.000000 	 31.000000 	 28.000000 	 18.000000 	 43.000000 	 12:40:17.902 p. m. 22/12/2019 
-14.000000 	 63.000000 	 137.000000 	 -38.000000 	 116.000000 	 240.000000 	 675.000000 	 147.000000 	 733.000000 	 2.000000 	 10.000000 	 24.000000 	 5.000000 	 12:40:17.964 p. m. 22/12/2019 
86.000000 	 -34.000000 	 51.000000 	 62.000000 	 116.000000 	 35.000000 	 1094.000000 	 42.000000 	 920.000000 	 28.000000 	 66.000000 	 44.000000 	 17.000000 	 12:40:18.020 p. m. 22/12/2019 
99.000000 	 -55.000000 	 102.000000 	 99.000000 	 171.000000 	 101.000000 	 24.000000 	 -119.000000 	 496.000000 	 73.000000 	 89.000000 	 5.000000 	 19.000000 	 12:40:18.082 p. m. 22/12/2019 
141.000000 	 -7.000000 	 -17.000000 	 130.000000 	 138.000000 	 164.000000 	 1358.000000 	 24.000000 	 1455.000000 	 60.000000 	 24.000000 	 6.000000 	 7.000000 	 12:40:18.144 p. m. 22/12/2019 
72.000000 	 39.000000 	 129.000000 	 -58.000000 	 184.000000 	 116.000000 	 911.000000 	 175.000000 	 79.000000 	 17.000000 	 2.000000 	 24.000000 	 8.000000 	 12:40:18.202 p. m. 22/12/2019 
102.000000 	 -120.000000 	 144.000000 	 -43.000000 	 171.000000 	 104.000000 	 890.000000 	 17.000000 	 737.000000 	 16.000000 	 45.000000 	 3.000000 	 7.000000 	 12:40:18.262 p. m. 22/12/2019 
93.000000 	 30.000000 	 112.000000 	 53.000000 	 99.000000 	 247.000000 	 1240.000000 	 -100.000000 	 837.000000 	 40.000000 	 85.000000 	 29.000000 	 28.000000 	 12:40:18.324 p. m. 22/12/2019 
21.000000 	 99.000000 	 55.000000 	 -124.000000 	 30.000000 	 120.000000 	 119.000000 	 -8.000000 	 654.000000 	 33.000000 	 19.000000 	 26.000000 	 46.000000 	 12:40:18.386 p. m. 22/12/2019 
77.000000 	 124.000000 	 18.000000 	 -56.000000 	 212.000000 	 92.000000 	 1446.000000 	 77.000000 	 1071.000000 	 4.000000 	 13.000000 	 34.000000 	 26.000000 	 12:40:18.443 p. m. 22/12/2019 
57.000000 	 64.000000 	 33.000000 	 -98.000000 	 162.000000 	 56.000000 	 554.000000 	 -78.000000 	 525.000000 	 47.000000 	 6.000000 	 37.000000 	 42.000000 	 12:40:18.504 p. m. 22/12/2019 
79.000000 	 115.000000 	 53.000000 	 -23.000000 	 93.000000 	 185.000000 	 42.000000 	 5.000000 	 667.000000 	 77.000000 	 94.000000 	 44.000000 	 11.000000 	 12:40:18.563 p. m. 22/12/2019 
132.000000 	 87.000000 	 -2.000000 	 56.000000 	 90.000000 	 99.000000 	 1467.000000 	 -126.000000 	 1137.000000 	 32.000000 	 71.000000 	 18.000000 	 44.000000 	 12:40:18.623 p. m. 22/12/2019 
119.000000 	 72.000000 	 11.000000 	 17.000000 	 64.000000 	 74.000000 	 939.000000 	 44.000000 	 476.000000 	 46.000000 	 39.000000 	 23.000000 	 39.000000 	 12:40:18.682 p. m. 22/12/2019 
12.000000 	 29.000000 	 -4.000000 	 -52.000000 	 62.000000 	 1.000000 	 816.000000 	 82.000000 	 466.000000 	 4.000000 	 98.000000 	 7.000000 	 38.000000 	 12:40:18.733 p. m. 22/12/2019 
-3.000000 	 99.000000 	 147.000000 	 2.000000 	 38.000000 	 46.000000 	 648.000000 	 -127.000000 	 1146.000000 	 78.000000 	 56.000000 	 22.000000 	 23.000000 	 12:40:18.792 p. m. 22/12/2019 
-12.000000 	 15.000000 	 84.000000 	 -83.000000 	 123.000000 	 172.000000 	 373.000000 	 54.000000 	 15.000000 	 7.000000 	 33.000000 	 35.000000 	 1.000000 	 12:40:18.850 p. m. 22/12/2019 
5.000000 	 -101.000000 	 39.000000 	 140.000000 	 124.000000 	 215.000000 	 652.000000 	 -83.000000 	 1489.000000 	 71.000000 	 54.000000 	 6.000000 	 6.000000 	 12:40:18.911 p. m. 22/12/2019 
85.000000 	 100.000000 	 2.000000 	 98.000000 	 140.000000 	 169.000000 	 192.000000 	 -81.000000 	 1172.000000 	 57.000000 	 52.000000 	 30.000000 	 33.000000 	 12:40:18.971 p. m. 22/12/2019 
136.000000 	 67.000000 	 41.000000 	 -75.000000 	 1.000000 	 252.000000 	 802.000000 	 130.000000 	 1044.000000 	 91.000000 	 27.000000 	 39.000000 	 4.000000 	 12:40:19.028 p. m. 22/12/2019 
28.000000 	 15.000000 	 103.000000 	 34.000000 	 210.000000 	 167.000000 	 823.000000 	 51.000000 	 153.000000 	 69.000000 	 49.000000 	 12.000000 	 45.000000 	 12:40:19.092 p. m. 22/12/2019 
23.000000 	 93.000000 	 149.000000 	 137.000000 	 220.000000 	 239.000000 	 1172.000000 	 -117.000000 	 179.000000 	 53.000000 	 56.000000 	 16.000000 	 21.000000 	 12:40:19.152 p. m. 22/12/2019 
112.000000 	 -26.000000 	 66.000000 	 117.000000 	 13.000000 	 198.000000 	 857.000000 	 35.000000 	 1404.000000 	 68.000000 	 21.000000 	 33.000000 	 24.000000 	 12:40:19.214 p. m. 22/12/2019 
148.000000 	 -16.000000 	 22.000000 	 49.000000 	 1.000000 	 123.000000 	 903.000000 	 -106.000000 	 63.000000 	 79.000000 	 12.000000 	 40.000000 	 42.000000 	 12:40:19.274 p. m. 22/12/2019 
132.000000 	 143.000000 	 78.000000 	 9.000000 	 91.000000 	 48.000000 	 287.000000 	 -133.000000 	 739.000000 	 66.000000 	 51.000000 	 26.000000 	 0.000000 	 12:40:19.331 p. m. 22/12/2019 
7.000000 	 24.000000 	 67.000000 	 -76.000000 	 93.000000 	 39.000000 	 1339.000000 	 14.000000 	 349.000000 	 12.000000 	 85.000000 	 32.000000 	 39.000000 	 12:40:19.389 p. m. 22/12/2019 
-4.000000 	 101.000000 	 32.000000 	 -112.000000 	 23.000000 	 32.000000 	 1395.000000 	 -130.000000 	 473.000000 	 6.000000 	 75.000000 	 2.000000 	 2.000000 	 12:40:19.448 p. m. 22/12/2019 
105.000000 	 -114.000000 	 112.000000 	 -111.000000 	 246.000000 	 231.000000 	 148.000000 	 142.000000 	 1039.000000 	 29.000000 	 54.000000 	 6.000000 	 27.000000 	 12:40:19.512 p. m. 22/12/2019 
72.000000 	 68.000000 	 26.000000 	 129.000000 	 88.000000 	 171.000000 	 596.000000 	 139.000000 	 256.000000 	 6.000000 	 64.000000 	 46.000000 	 21.000000 	 12:40:19.573 p. m. 22/12/2019 
18.000000 	 -41.000000 	 91.000000 	 -63.000000 	 23.000000 	 182.000000 	 1286.000000 	 155.000000 	 1152.000000 	 57.000000 	 42.000000 	 23.000000 	 30.000000 	 12:40:19.634 p. m. 22/12/2019 
16.000000 	 41.000000 	 7.000000 	 -33.000000 	 116.000000 	 14.000000 	 642.000000 	 -80.000000 	 845.000000 	 79.000000 	 16.000000 	 15.000000 	 34.000000 	 12:40:19.692 p. m. 22/12/2019 
141.000000 	 55.000000 	 -6.000000 	 11.000000 	 66.000000 	 180.000000 	 1434.000000 	 175.000000 	 1444.000000 	 57.000000 	 78.000000 	 38.000000 	 32.000000 	 12:40:19.753 p. m. 22/12/2019 
106.000000 	 -91.000000 	 53.000000 	 107.000000 	 254.000000 	 15.000000 	 1216.000000 	 -4.000000 	 1363.000000 	 44.000000 	 1.000000 	 35.000000 	 9.000000 	 12:40:19.816 p. m. 22/12/2019 
109.000000 	 29.000000 	 133.000000 	 57.000000 	 49.000000 	 71.000000 	 243.000000 	 -101.000000 	 1238.000000 	 35.000000 	 72.000000 	 48.000000 	 24.000000 	 12:40:19.877 p. m. 22/12/2019 
-3.000000 	 -35.000000 	 144.000000 	 46.000000 	 183.000000 	 59.000000 	 722.000000 	 35.000000 	 1334.000000 	 43.000000 	 54.000000 	 10.000000 	 38.000000 	 12:40:19.938 p. m. 22/12/2019 
24.000000 	 70.000000 	 43.000000 	 -133.000000 	 216.000000 	 57.000000 	 1318.000000 	 -26.000000 	 696.000000 	 60.000000 	 57.000000 	 28.000000 	 26.000000 	 12:40:20.000 p. m. 22/12/2019 
136.000000 	 -30.000000 	 -4.000000 	 65.000000 	 152.000000 	 39.000000 	 783.000000 	 5.000000 	 850.000000 	 6.000000 	 7.000000 	 21.000000 	 39.000000 	 12:40:20.053 p. m. 22/12/2019 
-10.000000 	 127.000000 	 51.000000 	 -93.000000 	 82.000000 	 156.000000 	 375.000000 	 100.000000 	 302.000000 	 62.000000 	 71.000000 	 18.000000 	 26.000000 	 12:40:20.114 p. m. 22/12/2019 
46.000000 	 71.000000 	 52.000000 	 29.000000 	 219.000000 	 43.000000 	 824.000000 	 96.000000 	 1223.000000 	 88.000000 	 79.000000 	 48.000000 	 2.000000 	 12:40:20.173 p. m. 22/12/2019 
76.000000 	 30.000000 	 19.000000 	 56.000000 	 125.000000 	 54.000000 	 1245.000000 	 -88.000000 	 715.000000 	 66.000000 	 69.000000 	 28.000000 	 14.000000 	 12:40:20.233 p. m. 22/12/2019 
11.000000 	 26.000000 	 5.000000 	 -70.000000 	 243.000000 	 135.000000 	 378.000000 	 -90.000000 	 1494.000000 	 47.000000 	 85.000000 	 13.000000 	 23.000000 	 12:40:20.296 p. m. 22/12/2019 
112.000000 	 -39.000000 	 -11.000000 	 -42.000000 	 94.000000 	 77.000000 	 128.000000 	 102.000000 	 1443.000000 	 0.000000 	 96.000000 	 25.000000 	 38.000000 	 12:40:20.357 p. m. 22/12/2019 
121.000000 	 134.000000 	 43.000000 	 -18.000000 	 249.000000 	 181.000000 	 288.000000 	 -73.000000 	 764.000000 	 32.000000 	 44.000000 	 18.000000 	 8.000000 	 12:40:20.417 p. m. 22/12/2019 
101.000000 	 -19.000000 	 107.000000 	 -21.000000 	 147.000000 	 220.000000 	 1418.000000 	 -167.000000 	 291.000000 	 55.000000 	 77.000000 	 5.000000 	 0.000000 	 12:40:20.478 p. m. 22/12/2019 
92.000000 	 -20.000000 	 10.000000 	 -109.000000 	 43.000000 	 157.000000 	 890.000000 	 96.000000 	 911.000000 	 76.000000 	 5.000000 	 4.000000 	 46.000000 	 12:40:20.536 p. m. 22/12/2019 
120.000000 	 -150.000000 	 70.000000 	 82.000000 	 224.000000 	 137.000000 	 657.000000 	 96.000000 	 932.000000 	 22.000000 	 1.000000 	 22.000000 	 14.000000 	 12:40:20.597 p. m. 22/12/2019 
121.000000 	 -106.000000 	 75.000000 	 -42.000000 	 254.000000 	 89.000000 	 1313.000000 	 -22.000000 	 447.000000 	 96.000000 	 25.000000 	 30.000000 	 27.000000 	 12:40:20.663 p. m. 22/12/2019 
131.000000 	 119.000000 	 131.000000 	 -84.000000 	 52.000000 	 2.000000 	 692.000000 	 1.000000 	 766.000000 	 12.000000 	 1.000000 	 10.000000 	 24.000000 	 12:40:20.722 p. m. 22/12/2019 
6.000000 	 20.000000 	 109.000000 	 116.000000 	 158.000000 	 187.000000 	 78.000000 	 -154.000000 	 225.000000 	 16.000000 	 36.000000 	 0.000000 	 39.000000 	 12:40:20.778 p. m. 22/12/2019 
34.000000 	 48.000000 	 33.000000 	 -126.000000 	 75.000000 	 225.000000 	 1150.000000 	 177.000000 	 812.000000 	 34.000000 	 93.000000 	 13.000000 	 3.000000 	 12:40:20.839 p. m. 22/12/2019 
117.000000 	 -22.000000 	 -15.000000 	 -75.000000 	 30.000000 	 175.000000 	 1450.000000 	 140.000000 	 452.000000 	 59.000000 	 83.000000 	 29.000000 	 47.000000 	 12:40:20.900 p. m. 22/12/2019 
-2.000000 	 95.000000 	 120.000000 	 -48.000000 	 11.000000 	 237.000000 	 600.000000 	 -108.000000 	 902.000000 	 27.000000 	 60.000000 	 9.000000 	 48.000000 	 12:40:20.964 p. m. 22/12/2019 
131.000000 	 -50.000000 	 148.000000 	 -45.000000 	 4.000000 	 7.000000 	 1248.000000 	 -89.000000 	 352.000000 	 74.000000 	 34.000000 	 44.000000 	 39.000000 	 12:40:21.024 p. m. 22/12/2019 
146.000000 	 -5.000000 	 104.000000 	 68.000000 	 190.000000 	 55.000000 	 34.000000 	 111.000000 	 1059.000000 	 67.000000 	 7.000000 	 47.000000 	 30.000000 	 12:40:21.081 p. m. 22/12/2019 
137.000000 	 149.000000 	 134.000000 	 95.000000 	 79.000000 	 115.000000 	 656.000000 	 9.000000 	 1053.000000 	 48.000000 	 23.000000 	 48.000000 	 45.000000 	 12:40:21.142 p. m. 22/12/2019 
1.000000 	 -11.000000 	 13.000000 	 -150.000000 	 215.000000 	 108.000000 	 1345.000000 	 136.000000 	 71.000000 	 69.000000 	 87.000000 	 25.000000 	 30.000000 	 12:40:21.205 p. m. 22/12/2019 
83.000000 	 137.000000 	 142.000000 	 -89.000000 	 70.000000 	 69.000000 	 1057.000000 	 -92.000000 	 1485.000000 	 97.000000 	 84.000000 	 6.000000 	 11.000000 	 12:40:21.267 p. m. 22/12/2019 
60.000000 	 -5.000000 	 35.000000 	 -100.000000 	 152.000000 	 143.000000 	 746.000000 	 128.000000 	 398.000000 	 99.000000 	 57.000000 	 27.000000 	 42.000000 	 12:40:21.326 p. m. 22/12/2019 
129.000000 	 116.000000 	 101.000000 	 -50.000000 	 123.000000 	 41.000000 	 605.000000 	 -21.000000 	 1373.000000 	 48.000000 	 60.000000 	 35.000000 	 5.000000 	 12:40:21.389 p. m. 22/12/2019 
35.000000 	 45.000000 	 120.000000 	 4.000000 	 91.000000 	 112.000000 	 666.000000 	 157.000000 	 594.000000 	 21.000000 	 51.000000 	 30.000000 	 26.000000 	 12:40:21.450 p. m. 22/12/2019 
13.000000 	 -68.000000 	 -18.000000 	 -106.000000 	 240.000000 	 207.000000 	 505.000000 	 -24.000000 	 870.000000 	 88.000000 	 5.000000 	 21.000000 	 37.000000 	 12:40:21.510 p. m. 22/12/2019 
139.000000 	 -84.000000 	 -18.000000 	 -119.000000 	 137.000000 	 63.000000 	 870.000000 	 -13.000000 	 1391.000000 	 87.000000 	 87.000000 	 12.000000 	 20.000000 	 12:40:21.576 p. m. 22/12/2019 
45.000000 	 -112.000000 	 72.000000 	 -45.000000 	 230.000000 	 52.000000 	 1269.000000 	 -22.000000 	 1037.000000 	 47.000000 	 75.000000 	 1.000000 	 1.000000 	 12:40:21.637 p. m. 22/12/2019 
3.000000 	 14.000000 	 82.000000 	 -1.000000 	 200.000000 	 242.000000 	 734.000000 	 130.000000 	 969.000000 	 74.000000 	 2.000000 	 40.000000 	 24.000000 	 12:40:21.695 p. m. 22/12/2019 
81.000000 	 -100.000000 	 99.000000 	 -35.000000 	 214.000000 	 29.000000 	 1019.000000 	 -133.000000 	 517.000000 	 72.000000 	 68.000000 	 34.000000 	 46.000000 	 12:40:21.757 p. m. 22/12/2019 
86.000000 	 77.000000 	 -1.000000 	 -141.000000 	 102.000000 	 7.000000 	 787.000000 	 159.000000 	 247.000000 	 60.000000 	 86.000000 	 18.000000 	 32.000000 	 12:40:21.818 p. m. 22/12/2019 
134.000000 	 62.000000 	 143.000000 	 116.000000 	 56.000000 	 50.000000 	 927.000000 	 63.000000 	 596.000000 	 47.000000 	 60.000000 	 14.000000 	 8.000000 	 12:40:21.877 p. m. 22/12/2019 
103.000000 	 -150.000000 	 27.000000 	 146.000000 	 199.000000 	 55.000000 	 591.000000 	 145.000000 	 428.000000 	 32.000000 	 50.000000 	 25.000000 	 31.000000 	 12:40:21.937 p. m. 22/12/2019 
100.000000 	 8.000000 	 145.000000 	 56.000000 	 73.000000 	 150.000000 	 1063.000000 	 -30.000000 	 1371.000000 	 39.000000 	 11.000000 	 3.000000 	 15.000000 	 12:40:21.999 p. m. 22/12/2019 
86.000000 	 -31.000000 	 109.000000 	 110.000000 	 200.000000 	 132.000000 	 1267.000000 	 126.000000 	 995.000000 	 81.000000 	 48.000000 	 8.000000 	 19.000000 	 12:40:22.059 p. m. 22/12/2019 
0.000000 	 -13.000000 	 23.000000 	 55.000000 	 84.000000 	 120.000000 	 99.000000 	 61.000000 	 1445.000000 	 82.000000 	 36.000000 	 14.000000 	 40.000000 	 12:40:22.119 p. m. 22/12/2019 
-14.000000 	 107.000000 	 24.000000 	 127.000000 	 172.000000 	 180.000000 	 1198.000000 	 -104.000000 	 652.000000 	 12.000000 	 86.000000 	 19.000000 	 1.000000 	 12:40:22.178 p. m. 22/12/2019 
137.000000 	 125.000000 	 67.000000 	 -7.000000 	 103.000000 	 246.000000 	 53.000000 	 128.000000 	 1265.000000 	 7.000000 	 48.000000 	 33.000000 	 35.000000 	 12:40:22.240 p. m. 22/12/2019 
86.000000 	 126.000000 	 94.000000 	 130.000000 	 152.000000 	 110.000000 	 246.000000 	 -143.000000 	 1366.000000 	 27.000000 	 49.000000 	 5.000000 	 33.000000 	 12:40:22.302 p. m. 22/12/2019 
45.000000 	 -104.000000 	 143.000000 	 93.000000 	 182.000000 	 149.000000 	 1272.000000 	 159.000000 	 1146.000000 	 16.000000 	 96.000000 	 6.000000 	 7.000000 	 12:40:22.367 p. m. 22/12/2019 
17.000000 	 -64.000000 	 43.000000 	 -36.000000 	 32.000000 	 176.000000 	 1242.000000 	 -169.000000 	 1295.000000 	 58.000000 	 95.000000 	 22.000000 	 47.000000 	 12:40:22.430 p. m. 22/12/2019 
59.000000 	 -2.000000 	 110.000000 	 -35.000000 	 8.000000 	 147.000000 	 415.000000 	 -98.000000 	 194.000000 	 94.000000 	 73.000000 	 43.000000 	 12.000000 	 12:40:22.490 p. m. 22/12/2019 
-4.000000 	 -89.000000 	 35.000000 	 -146.000000 	 249.000000 	 52.000000 	 608.000000 	 14.000000 	 1393.000000 	 21.000000 	 51.000000 	 18.000000 	 48.000000 	 12:40:22.551 p. m. 22/12/2019 
58.000000 	 -133.000000 	 32.000000 	 -36.000000 	 182.000000 	 139.000000 	 915.000000 	 136.000000 	 870.000000 	 48.000000 	 39.000000 	 3.000000 	 28.000000 	 12:40:22.613 p. m. 22/12/2019 
52.000000 	 -84.000000 	 85.000000 	 -102.000000 	 44.000000 	 38.000000 	 84.000000 	 -105.000000 	 330.000000 	 96.000000 	 14.000000 	 39.000000 	 40.000000 	 12:40:22.671 p. m. 22/12/2019 
58.000000 	 -100.000000 	 13.000000 	 -10.000000 	 96.000000 	 9.000000 	 1425.000000 	 -136.000000 	 963.000000 	 68.000000 	 40.000000 	 34.000000 	 39.000000 	 12:40:22.733 p. m. 22/12/2019 
88.000000 	 -78.000000 	 99.000000 	 121.000000 	 30.000000 	 21.000000 	 1194.000000 	 -58.000000 	 224.000000 	 45.000000 	 46.000000 	 44.000000 	 19.000000 	 12:40:22.793 p. m. 22/12/2019 
149.000000 	 -12.000000 	 14.000000 	 -147.000000 	 0.000000 	 217.000000 	 727.000000 	 -33.000000 	 791.000000 	 16.000000 	 63.000000 	 48.000000 	 8.000000 	 12:40:22.855 p. m. 22/12/2019 
45.000000 	 1.000000 	 126.000000 	 142.000000 	 10.000000 	 29.000000 	 491.000000 	 -4.000000 	 1129.000000 	 47.000000 	 33.000000 	 6.000000 	 32.000000 	 12:40:22.912 p. m. 22/12/2019 
92.000000 	 28.000000 	 58.000000 	 64.000000 	 108.000000 	 121.000000 	 1137.000000 	 -69.000000 	 1308.000000 	 36.000000 	 35.000000 	 27.000000 	 46.000000 	 12:40:22.975 p. m. 22/12/2019 
52.000000 	 119.000000 	 3.000000 	 -58.000000 	 144.000000 	 21.000000 	 1015.000000 	 22.000000 	 747.000000 	 53.000000 	 90.000000 	 12.000000 	 33.000000 	 12:40:23.031 p. m. 22/12/2019 
57.000000 	 -19.000000 	 92.000000 	 47.000000 	 193.000000 	 21.000000 	 1160.000000 	 29.000000 	 32.000000 	 11.000000 	 53.000000 	 49.000000 	 23.000000 	 12:40:23.092 p. m. 22/12/2019 
37.000000 	 -85.000000 	 121.000000 	 10.000000 	 161.000000 	 126.000000 	 169.000000 	 -122.000000 	 64.000000 	 85.000000 	 70.000000 	 33.000000 	 27.000000 	 12:40:23.154 p. m. 22/12/2019 
3.000000 	 91.000000 	 42.000000 	 -90.000000 	 162.000000 	 60.000000 	 496.000000 	 -179.000000 	 1415.000000 	 97.000000 	 81.000000 	 17.000000 	 38.000000 	 12:40:23.210 p. m. 22/12/2019 
19.000000 	 -57.000000 	 117.000000 	 -82.000000 	 221.000000 	 172.000000 	 1313.000000 	 146.000000 	 1000.000000 	 34.000000 	 20.000000 	 30.000000 	 38.000000 	 12:40:23.276 p. m. 22/12/2019 
35.000000 	 -142.000000 	 -5.000000 	 -109.000000 	 41.000000 	 243.000000 	 255.000000 	 40.000000 	 914.000000 	 78.000000 	 30.000000 	 11.000000 	 6.000000 	 12:40:23.338 p. m. 22/12/2019 
112.000000 	 65.000000 	 58.000000 	 -100.000000 	 90.000000 	 173.000000 	 843.000000 	 87.000000 	 1.000000 	 88.000000 	 88.000000 	 41.000000 	 39.000000 	 12:40:23.396 p. m. 22/12/2019 
95.000000 	 -26.000000 	 71.000000 	 71.000000 	 231.000000 	 133.000000 	 362.000000 	 9.000000 	 1014.000000 	 79.000000 	 19.000000 	 16.000000 	 3.000000 	 12:40:23.453 p. m. 22/12/2019 
55.000000 	 65.000000 	 115.000000 	 -144.000000 	 248.000000 	 252.000000 	 1009.000000 	 79.000000 	 666.000000 	 43.000000 	 16.000000 	 45.000000 	 8.000000 	 12:40:23.515 p. m. 22/12/2019 
58.000000 	 -48.000000 	 58.000000 	 -133.000000 	 19.000000 	 35.000000 	 468.000000 	 -157.000000 	 247.000000 	 78.000000 	 7.000000 	 12.000000 	 27.000000 	 12:40:23.576 p. m. 22/12/2019 
77.000000 	 -94.000000 	 138.000000 	 -2.000000 	 251.000000 	 49.000000 	 1138.000000 	 -156.000000 	 1169.000000 	 85.000000 	 74.000000 	 6.000000 	 46.000000 	 12:40:23.638 p. m. 22/12/2019 
109.000000 	 -74.000000 	 59.000000 	 23.000000 	 154.000000 	 124.000000 	 42.000000 	 -166.000000 	 587.000000 	 25.000000 	 26.000000 	 38.000000 	 1.000000 	 12:40:23.698 p. m. 22/12/2019 
93.000000 	 3.000000 	 145.000000 	 -48.000000 	 222.000000 	 31.000000 	 316.000000 	 -23.000000 	 1288.000000 	 97.000000 	 73.000000 	 7.000000 	 11.000000 	 12:40:23.760 p. m. 22/12/2019 
85.000000 	 30.000000 	 48.000000 	 -129.000000 	 225.000000 	 189.000000 	 1196.000000 	 76.000000 	 427.000000 	 70.000000 	 91.000000 	 15.000000 	 22.000000 	 12:40:23.821 p. m. 22/12/2019 
99.000000 	 -121.000000 	 80.000000 	 -5.000000 	 74.000000 	 37.000000 	 820.000000 	 172.000000 	 882.000000 	 28.000000 	 74.000000 	 34.000000 	 8.000000 	 12:40:23.879 p. m. 22/12/2019 
