;  LST file generated by mikroListExporter - v.2.0 
; Date/Time: 16/03/2013 05:48:33 p.m.
;----------------------------------------------

;Address Opcode 	ASM
0x0000	0x2CE3      	GOTO       1251
_Delay_5500us:
;__Lib_Delays.c,31 :: 		void Delay_5500us() {
;__Lib_Delays.c,32 :: 		Delay_us(5500);
0x0003	0x300F      	MOVLW      15
0x0004	0x1283      	BCF        STATUS, 5
0x0005	0x1303      	BCF        STATUS, 6
0x0006	0x00FC      	MOVWF      R12
0x0007	0x3047      	MOVLW      71
0x0008	0x00FD      	MOVWF      R13
L_Delay_5500us5:
0x0009	0x0BFD      	DECFSZ     R13, 1
0x000A	0x2809      	GOTO       L_Delay_5500us5
0x000B	0x0BFC      	DECFSZ     R12, 1
0x000C	0x2809      	GOTO       L_Delay_5500us5
0x000D	0x0000      	NOP
0x000E	0x0000      	NOP
;__Lib_Delays.c,33 :: 		}
0x000F	0x0008      	RETURN
; end of _Delay_5500us
_Delay_50us:
;__Lib_Delays.c,19 :: 		void Delay_50us() {
;__Lib_Delays.c,20 :: 		Delay_us(50);
0x0010	0x3021      	MOVLW      33
0x0011	0x1283      	BCF        STATUS, 5
0x0012	0x1303      	BCF        STATUS, 6
0x0013	0x00FD      	MOVWF      R13
L_Delay_50us2:
0x0014	0x0BFD      	DECFSZ     R13, 1
0x0015	0x2814      	GOTO       L_Delay_50us2
;__Lib_Delays.c,21 :: 		}
0x0016	0x0008      	RETURN
; end of _Delay_50us
_Delay_1us:
;__Lib_Delays.c,7 :: 		void Delay_1us() {
;__Lib_Delays.c,8 :: 		Delay_us(1);
0x0017	0x0000      	NOP
0x0018	0x0000      	NOP
;__Lib_Delays.c,9 :: 		}
0x0019	0x0008      	RETURN
; end of _Delay_1us
_SETFOV32:
;__Lib_MathDouble.c,79 :: 		
;__Lib_MathDouble.c,86 :: 		
0x001A	0x14FB      	BSF        R11, 1
;__Lib_MathDouble.c,87 :: 		
0x001B	0x1FFB      	BTFSS      R11, 7
;__Lib_MathDouble.c,88 :: 		
0x001C	0x2824      	GOTO       SETFOV32EEE
;__Lib_MathDouble.c,89 :: 		
0x001D	0x30FF      	MOVLW      255
;__Lib_MathDouble.c,90 :: 		
0x001E	0x00F3      	MOVWF      R3
;__Lib_MathDouble.c,91 :: 		
0x001F	0x00F2      	MOVWF      R2
;__Lib_MathDouble.c,92 :: 		
0x0020	0x00F1      	MOVWF      R1
;__Lib_MathDouble.c,93 :: 		
0x0021	0x00F0      	MOVWF      R0
;__Lib_MathDouble.c,94 :: 		
0x0022	0x0DFA      	RLF        R10, 1
;__Lib_MathDouble.c,95 :: 		
0x0023	0x0CF2      	RRF        R2, 1
;__Lib_MathDouble.c,96 :: 		
SETFOV32EEE:
;__Lib_MathDouble.c,97 :: 		
0x0024	0x30FF      	MOVLW      255
;__Lib_MathDouble.c,99 :: 		
0x0025	0x0008      	RETURN
; end of _SETFOV32
_FIXSIGN32:
;__Lib_MathDouble.c,112 :: 		
;__Lib_MathDouble.c,116 :: 		
0x0026	0x1FFA      	BTFSS      R10, 7
;__Lib_MathDouble.c,117 :: 		
0x0027	0x13F2      	BCF        R2, 7
;__Lib_MathDouble.c,118 :: 		
0x0028	0x3000      	MOVLW      0
;__Lib_MathDouble.c,120 :: 		
0x0029	0x0008      	RETURN
; end of _FIXSIGN32
_SETFUN32:
;__Lib_MathDouble.c,138 :: 		
;__Lib_MathDouble.c,145 :: 		
0x002A	0x157B      	BSF        R11, 2
;__Lib_MathDouble.c,146 :: 		
0x002B	0x1FFB      	BTFSS      R11, 7
;__Lib_MathDouble.c,147 :: 		
0x002C	0x2834      	GOTO       SETFUN32EEE
;__Lib_MathDouble.c,148 :: 		
0x002D	0x3001      	MOVLW      1
;__Lib_MathDouble.c,149 :: 		
0x002E	0x00F3      	MOVWF      R3
;__Lib_MathDouble.c,150 :: 		
0x002F	0x01F2      	CLRF       R2
;__Lib_MathDouble.c,151 :: 		
0x0030	0x01F1      	CLRF       R1
;__Lib_MathDouble.c,152 :: 		
0x0031	0x01F0      	CLRF       R0
;__Lib_MathDouble.c,153 :: 		
0x0032	0x0DFA      	RLF        R10, 1
;__Lib_MathDouble.c,154 :: 		
0x0033	0x0CF2      	RRF        R2, 1
;__Lib_MathDouble.c,155 :: 		
SETFUN32EEE:
;__Lib_MathDouble.c,156 :: 		
0x0034	0x30FF      	MOVLW      255
;__Lib_MathDouble.c,158 :: 		
0x0035	0x0008      	RETURN
; end of _SETFUN32
_RES032:
;__Lib_MathDouble.c,123 :: 		
;__Lib_MathDouble.c,128 :: 		
0x0036	0x01F2      	CLRF       R2
;__Lib_MathDouble.c,129 :: 		
0x0037	0x01F1      	CLRF       R1
;__Lib_MathDouble.c,130 :: 		
0x0038	0x01F0      	CLRF       R0
;__Lib_MathDouble.c,131 :: 		
0x0039	0x01F8      	CLRF       R8
;__Lib_MathDouble.c,132 :: 		
0x003A	0x01F3      	CLRF       R3
;__Lib_MathDouble.c,133 :: 		
0x003B	0x3000      	MOVLW      0
;__Lib_MathDouble.c,135 :: 		
0x003C	0x0008      	RETURN
; end of _RES032
_NRM4032:
;__Lib_MathDouble.c,245 :: 		
;__Lib_MathDouble.c,252 :: 		
;__Lib_MathDouble.c,254 :: 		
0x003D	0x187C      	BTFSC      R12, 0
;__Lib_MathDouble.c,255 :: 		
0x003E	0x2873      	GOTO       NRMRND4032
;__Lib_MathDouble.c,256 :: 		
0x003F	0x18FC      	BTFSC      R12, 1
;__Lib_MathDouble.c,257 :: 		
0x0040	0x2844      	GOTO       NRM4032
;__Lib_MathDouble.c,258 :: 		
0x0041	0x197C      	BTFSC      R12, 2
;__Lib_MathDouble.c,259 :: 		
0x0042	0x2892      	GOTO       JMPSETFOV32
;__Lib_MathDouble.c,260 :: 		
0x0043	0x283D      	GOTO       $-6
;__Lib_MathDouble.c,261 :: 		
NRM4032:
;__Lib_MathDouble.c,262 :: 		
0x0044	0x01A0      	CLRF       __math_tempbD
;__Lib_MathDouble.c,263 :: 		
0x0045	0x0872      	MOVF       R2, 0
;__Lib_MathDouble.c,264 :: 		
0x0046	0x1D03      	BTFSS      STATUS, 2
;__Lib_MathDouble.c,265 :: 		
0x0047	0x2864      	GOTO       NORM4032
;__Lib_MathDouble.c,266 :: 		
0x0048	0x0871      	MOVF       R1, 0
;__Lib_MathDouble.c,267 :: 		
0x0049	0x00F2      	MOVWF      R2
;__Lib_MathDouble.c,268 :: 		
0x004A	0x0870      	MOVF       R0, 0
;__Lib_MathDouble.c,269 :: 		
0x004B	0x00F1      	MOVWF      R1
;__Lib_MathDouble.c,270 :: 		
0x004C	0x0878      	MOVF       R8, 0
;__Lib_MathDouble.c,271 :: 		
0x004D	0x00F0      	MOVWF      R0
;__Lib_MathDouble.c,272 :: 		
0x004E	0x01F8      	CLRF       R8
;__Lib_MathDouble.c,273 :: 		
0x004F	0x15A0      	BSF        __math_tempbD, 3
;__Lib_MathDouble.c,275 :: 		
0x0050	0x0872      	MOVF       R2, 0
;__Lib_MathDouble.c,276 :: 		
0x0051	0x1D03      	BTFSS      STATUS, 2
;__Lib_MathDouble.c,277 :: 		
0x0052	0x2864      	GOTO       NORM4032
;__Lib_MathDouble.c,278 :: 		
0x0053	0x0871      	MOVF       R1, 0
;__Lib_MathDouble.c,279 :: 		
0x0054	0x00F2      	MOVWF      R2
;__Lib_MathDouble.c,280 :: 		
0x0055	0x0870      	MOVF       R0, 0
;__Lib_MathDouble.c,281 :: 		
0x0056	0x00F1      	MOVWF      R1
;__Lib_MathDouble.c,282 :: 		
0x0057	0x01F0      	CLRF       R0
;__Lib_MathDouble.c,283 :: 		
0x0058	0x11A0      	BCF        __math_tempbD, 3
;__Lib_MathDouble.c,284 :: 		
0x0059	0x1620      	BSF        __math_tempbD, 4
;__Lib_MathDouble.c,286 :: 		
0x005A	0x0872      	MOVF       R2, 0
;__Lib_MathDouble.c,287 :: 		
0x005B	0x1D03      	BTFSS      STATUS, 2
;__Lib_MathDouble.c,288 :: 		
0x005C	0x2864      	GOTO       NORM4032
;__Lib_MathDouble.c,289 :: 		
0x005D	0x0871      	MOVF       R1, 0
;__Lib_MathDouble.c,290 :: 		
0x005E	0x00F2      	MOVWF      R2
;__Lib_MathDouble.c,291 :: 		
0x005F	0x01F1      	CLRF       R1
;__Lib_MathDouble.c,292 :: 		
0x0060	0x15A0      	BSF        __math_tempbD, 3
;__Lib_MathDouble.c,294 :: 		
0x0061	0x0872      	MOVF       R2, 0
;__Lib_MathDouble.c,295 :: 		
0x0062	0x1903      	BTFSC      STATUS, 2
;__Lib_MathDouble.c,296 :: 		
0x0063	0x2886      	GOTO       JMPRES032
;__Lib_MathDouble.c,297 :: 		
NORM4032:
;__Lib_MathDouble.c,298 :: 		
0x0064	0x0820      	MOVF       __math_tempbD, 0
;__Lib_MathDouble.c,299 :: 		
0x0065	0x02F3      	SUBWF      R3, 1
;__Lib_MathDouble.c,300 :: 		
0x0066	0x1D03      	BTFSS      STATUS, 2
;__Lib_MathDouble.c,301 :: 		
0x0067	0x1C03      	BTFSS      STATUS, 0
;__Lib_MathDouble.c,302 :: 		
0x0068	0x288A      	GOTO       JMPSETFUN32
;__Lib_MathDouble.c,303 :: 		
0x0069	0x1003      	BCF        STATUS, 0
;__Lib_MathDouble.c,304 :: 		
NORM4032A:
;__Lib_MathDouble.c,305 :: 		
0x006A	0x1BF2      	BTFSC      R2, 7
;__Lib_MathDouble.c,306 :: 		
0x006B	0x2873      	GOTO       NRMRND4032
;__Lib_MathDouble.c,307 :: 		
0x006C	0x0DF8      	RLF        R8, 1
;__Lib_MathDouble.c,308 :: 		
0x006D	0x0DF0      	RLF        R0, 1
;__Lib_MathDouble.c,309 :: 		
0x006E	0x0DF1      	RLF        R1, 1
;__Lib_MathDouble.c,310 :: 		
0x006F	0x0DF2      	RLF        R2, 1
;__Lib_MathDouble.c,311 :: 		
0x0070	0x0BF3      	DECFSZ     R3, 1
;__Lib_MathDouble.c,312 :: 		
0x0071	0x286A      	GOTO       NORM4032A
;__Lib_MathDouble.c,313 :: 		
0x0072	0x288A      	GOTO       JMPSETFUN32
;__Lib_MathDouble.c,314 :: 		
NRMRND4032:
;__Lib_MathDouble.c,315 :: 		
0x0073	0x1B7B      	BTFSC      R11, 6
;__Lib_MathDouble.c,316 :: 		
0x0074	0x1C70      	BTFSS      R0, 0
;__Lib_MathDouble.c,317 :: 		
0x0075	0x288E      	GOTO       JMPFIXSIGN32
;__Lib_MathDouble.c,318 :: 		
0x0076	0x1FF8      	BTFSS      R8, 7
;__Lib_MathDouble.c,319 :: 		
0x0077	0x288E      	GOTO       JMPFIXSIGN32
;__Lib_MathDouble.c,320 :: 		
0x0078	0x0AF0      	INCF       R0, 1
;__Lib_MathDouble.c,321 :: 		
0x0079	0x1903      	BTFSC      STATUS, 2
;__Lib_MathDouble.c,322 :: 		
0x007A	0x0AF1      	INCF       R1, 1
;__Lib_MathDouble.c,323 :: 		
0x007B	0x1903      	BTFSC      STATUS, 2
;__Lib_MathDouble.c,324 :: 		
0x007C	0x0AF2      	INCF       R2, 1
;__Lib_MathDouble.c,325 :: 		
0x007D	0x1D03      	BTFSS      STATUS, 2
;__Lib_MathDouble.c,326 :: 		
0x007E	0x288E      	GOTO       JMPFIXSIGN32
;__Lib_MathDouble.c,327 :: 		
0x007F	0x0CF2      	RRF        R2, 1
;__Lib_MathDouble.c,328 :: 		
0x0080	0x0CF1      	RRF        R1, 1
;__Lib_MathDouble.c,329 :: 		
0x0081	0x0CF0      	RRF        R0, 1
;__Lib_MathDouble.c,330 :: 		
0x0082	0x0AF3      	INCF       R3, 1
;__Lib_MathDouble.c,331 :: 		
0x0083	0x1903      	BTFSC      STATUS, 2
;__Lib_MathDouble.c,332 :: 		
0x0084	0x2892      	GOTO       JMPSETFOV32
;__Lib_MathDouble.c,333 :: 		
0x0085	0x288E      	GOTO       JMPFIXSIGN32
;__Lib_MathDouble.c,334 :: 		
JMPRES032:
;__Lib_MathDouble.c,335 :: 		
0x0086	0x3001      	MOVLW      1
;__Lib_MathDouble.c,336 :: 		
0x0087	0x00FC      	MOVWF      R12
;__Lib_MathDouble.c,338 :: 		
0x0088	0x2036      	CALL       _RES032
;__Lib_MathDouble.c,340 :: 		
0x0089	0x2895      	GOTO       NRM4032EEE
;__Lib_MathDouble.c,341 :: 		
JMPSETFUN32:
;__Lib_MathDouble.c,342 :: 		
0x008A	0x3002      	MOVLW      2
;__Lib_MathDouble.c,343 :: 		
0x008B	0x00FC      	MOVWF      R12
;__Lib_MathDouble.c,345 :: 		
0x008C	0x202A      	CALL       _SETFUN32
;__Lib_MathDouble.c,347 :: 		
0x008D	0x2895      	GOTO       NRM4032EEE
;__Lib_MathDouble.c,348 :: 		
JMPFIXSIGN32:
;__Lib_MathDouble.c,349 :: 		
0x008E	0x3004      	MOVLW      4
;__Lib_MathDouble.c,350 :: 		
0x008F	0x00FC      	MOVWF      R12
;__Lib_MathDouble.c,352 :: 		
0x0090	0x2026      	CALL       _FIXSIGN32
;__Lib_MathDouble.c,354 :: 		
0x0091	0x2895      	GOTO       NRM4032EEE
;__Lib_MathDouble.c,355 :: 		
JMPSETFOV32:
;__Lib_MathDouble.c,356 :: 		
0x0092	0x3008      	MOVLW      8
;__Lib_MathDouble.c,357 :: 		
0x0093	0x00FC      	MOVWF      R12
;__Lib_MathDouble.c,359 :: 		
0x0094	0x201A      	CALL       _SETFOV32
;__Lib_MathDouble.c,361 :: 		
NRM4032EEE:
;__Lib_MathDouble.c,362 :: 		
0x0095	0x0000      	NOP
;__Lib_MathDouble.c,365 :: 		
0x0096	0x0008      	RETURN
; end of _NRM4032
_NRM3232:
;__Lib_MathDouble.c,167 :: 		
;__Lib_MathDouble.c,173 :: 		
;__Lib_MathDouble.c,175 :: 		
0x0097	0x01A0      	CLRF       __math_tempbD
;__Lib_MathDouble.c,176 :: 		
0x0098	0x0872      	MOVF       R2, 0
;__Lib_MathDouble.c,177 :: 		
0x0099	0x1D03      	BTFSS      STATUS, 2
;__Lib_MathDouble.c,178 :: 		
0x009A	0x28AC      	GOTO       NORM3232
;__Lib_MathDouble.c,179 :: 		
0x009B	0x0871      	MOVF       R1, 0
;__Lib_MathDouble.c,180 :: 		
0x009C	0x00F2      	MOVWF      R2
;__Lib_MathDouble.c,181 :: 		
0x009D	0x0870      	MOVF       R0, 0
;__Lib_MathDouble.c,182 :: 		
0x009E	0x00F1      	MOVWF      R1
;__Lib_MathDouble.c,183 :: 		
0x009F	0x01F0      	CLRF       R0
;__Lib_MathDouble.c,184 :: 		
0x00A0	0x15A0      	BSF        __math_tempbD, 3
;__Lib_MathDouble.c,186 :: 		
0x00A1	0x0872      	MOVF       R2, 0
;__Lib_MathDouble.c,187 :: 		
0x00A2	0x1D03      	BTFSS      STATUS, 2
;__Lib_MathDouble.c,188 :: 		
0x00A3	0x28AC      	GOTO       NORM3232
;__Lib_MathDouble.c,189 :: 		
0x00A4	0x0871      	MOVF       R1, 0
;__Lib_MathDouble.c,190 :: 		
0x00A5	0x00F2      	MOVWF      R2
;__Lib_MathDouble.c,191 :: 		
0x00A6	0x01F1      	CLRF       R1
;__Lib_MathDouble.c,192 :: 		
0x00A7	0x11A0      	BCF        __math_tempbD, 3
;__Lib_MathDouble.c,193 :: 		
0x00A8	0x1620      	BSF        __math_tempbD, 4
;__Lib_MathDouble.c,195 :: 		
0x00A9	0x0872      	MOVF       R2, 0
;__Lib_MathDouble.c,196 :: 		
0x00AA	0x1903      	BTFSC      STATUS, 2
;__Lib_MathDouble.c,197 :: 		
0x00AB	0x28BA      	GOTO       JPNRES032
;__Lib_MathDouble.c,198 :: 		
NORM3232:
;__Lib_MathDouble.c,199 :: 		
0x00AC	0x0820      	MOVF       __math_tempbD, 0
;__Lib_MathDouble.c,200 :: 		
0x00AD	0x02F3      	SUBWF      R3, 1
;__Lib_MathDouble.c,201 :: 		
0x00AE	0x1D03      	BTFSS      STATUS, 2
;__Lib_MathDouble.c,202 :: 		
0x00AF	0x1C03      	BTFSS      STATUS, 0
;__Lib_MathDouble.c,203 :: 		
0x00B0	0x28BE      	GOTO       JPNSETFUN32
;__Lib_MathDouble.c,204 :: 		
0x00B1	0x1003      	BCF        STATUS, 0
;__Lib_MathDouble.c,205 :: 		
NORM3232A:
;__Lib_MathDouble.c,206 :: 		
0x00B2	0x1BF2      	BTFSC      R2, 7
;__Lib_MathDouble.c,207 :: 		
0x00B3	0x28C2      	GOTO       JMPNFIXSIGN32
;__Lib_MathDouble.c,208 :: 		
0x00B4	0x0DF0      	RLF        R0, 1
;__Lib_MathDouble.c,209 :: 		
0x00B5	0x0DF1      	RLF        R1, 1
;__Lib_MathDouble.c,210 :: 		
0x00B6	0x0DF2      	RLF        R2, 1
;__Lib_MathDouble.c,211 :: 		
0x00B7	0x0BF3      	DECFSZ     R3, 1
;__Lib_MathDouble.c,212 :: 		
0x00B8	0x28B2      	GOTO       NORM3232A
;__Lib_MathDouble.c,213 :: 		
0x00B9	0x28BE      	GOTO       JPNSETFUN32
;__Lib_MathDouble.c,214 :: 		
JPNRES032:
;__Lib_MathDouble.c,215 :: 		
0x00BA	0x3001      	MOVLW      1
;__Lib_MathDouble.c,216 :: 		
0x00BB	0x00FC      	MOVWF      R12
;__Lib_MathDouble.c,218 :: 		
0x00BC	0x2036      	CALL       _RES032
;__Lib_MathDouble.c,220 :: 		
0x00BD	0x28C5      	GOTO       NORM32EEE
;__Lib_MathDouble.c,221 :: 		
JPNSETFUN32:
;__Lib_MathDouble.c,222 :: 		
0x00BE	0x3002      	MOVLW      2
;__Lib_MathDouble.c,223 :: 		
0x00BF	0x00FC      	MOVWF      R12
;__Lib_MathDouble.c,225 :: 		
0x00C0	0x202A      	CALL       _SETFUN32
;__Lib_MathDouble.c,227 :: 		
0x00C1	0x28C5      	GOTO       NORM32EEE
;__Lib_MathDouble.c,228 :: 		
JMPNFIXSIGN32:
;__Lib_MathDouble.c,229 :: 		
0x00C2	0x3004      	MOVLW      4
;__Lib_MathDouble.c,230 :: 		
0x00C3	0x00FC      	MOVWF      R12
;__Lib_MathDouble.c,232 :: 		
0x00C4	0x2026      	CALL       _FIXSIGN32
;__Lib_MathDouble.c,234 :: 		
NORM32EEE:
;__Lib_MathDouble.c,236 :: 		
0x00C5	0x0008      	RETURN
; end of _NRM3232
_Div_16x16_U:
;__Lib_Math.c,215 :: 		
;__Lib_Math.c,222 :: 		
0x00C6	0x1283      	BCF        STATUS, 5
;__Lib_Math.c,223 :: 		
0x00C7	0x1303      	BCF        STATUS, 6
;__Lib_Math.c,224 :: 		
0x00C8	0x01F8      	CLRF       R8
;__Lib_Math.c,225 :: 		
0x00C9	0x01F9      	CLRF       R9
;__Lib_Math.c,226 :: 		
0x00CA	0x3010      	MOVLW      16
;__Lib_Math.c,227 :: 		
0x00CB	0x00FC      	MOVWF      R12
;__Lib_Math.c,228 :: 		
0x00CC	0x0D71      	RLF        R1, 0
;__Lib_Math.c,229 :: 		
0x00CD	0x0DF8      	RLF        R8, 1
;__Lib_Math.c,230 :: 		
0x00CE	0x0DF9      	RLF        R9, 1
;__Lib_Math.c,231 :: 		
0x00CF	0x0874      	MOVF       R4, 0
;__Lib_Math.c,232 :: 		
0x00D0	0x02F8      	SUBWF      R8, 1
;__Lib_Math.c,233 :: 		
0x00D1	0x0875      	MOVF       R5, 0
;__Lib_Math.c,234 :: 		
0x00D2	0x1C03      	BTFSS      STATUS, 0
;__Lib_Math.c,235 :: 		
0x00D3	0x0F75      	INCFSZ     R5, 0
;__Lib_Math.c,236 :: 		
0x00D4	0x02F9      	SUBWF      R9, 1
;__Lib_Math.c,237 :: 		
0x00D5	0x1803      	BTFSC      STATUS, 0
;__Lib_Math.c,238 :: 		
0x00D6	0x28DE      	GOTO       $+8
;__Lib_Math.c,239 :: 		
0x00D7	0x0874      	MOVF       R4, 0
;__Lib_Math.c,240 :: 		
0x00D8	0x07F8      	ADDWF      R8, 1
;__Lib_Math.c,241 :: 		
0x00D9	0x0875      	MOVF       R5, 0
;__Lib_Math.c,242 :: 		
0x00DA	0x1803      	BTFSC      STATUS, 0
;__Lib_Math.c,243 :: 		
0x00DB	0x0F75      	INCFSZ     R5, 0
;__Lib_Math.c,244 :: 		
0x00DC	0x07F9      	ADDWF      R9, 1
;__Lib_Math.c,245 :: 		
0x00DD	0x1003      	BCF        STATUS, 0
;__Lib_Math.c,246 :: 		
0x00DE	0x0DF0      	RLF        R0, 1
;__Lib_Math.c,247 :: 		
0x00DF	0x0DF1      	RLF        R1, 1
;__Lib_Math.c,248 :: 		
0x00E0	0x0BFC      	DECFSZ     R12, 1
;__Lib_Math.c,249 :: 		
0x00E1	0x28CC      	GOTO       $-21
;__Lib_Math.c,251 :: 		
0x00E2	0x0008      	RETURN
; end of _Div_16x16_U
_Lcd_Cmd:
;__Lib_Lcd.c,18 :: 		
;__Lib_Lcd.c,20 :: 		
0x00E3	0x1283      	BCF        STATUS, 5
0x00E4	0x1303      	BCF        STATUS, 6
0x00E5	0x1BD3      	BTFSC      FARG_Lcd_Cmd_out_char, 7
0x00E6	0x28E9      	GOTO       L__Lcd_Cmd20
0x00E7	0x1388      	BCF        LCD_D7, BitPos(LCD_D7+0)
0x00E8	0x28EA      	GOTO       L__Lcd_Cmd21
L__Lcd_Cmd20:
0x00E9	0x1788      	BSF        LCD_D7, BitPos(LCD_D7+0)
L__Lcd_Cmd21:
;__Lib_Lcd.c,21 :: 		
0x00EA	0x1B53      	BTFSC      FARG_Lcd_Cmd_out_char, 6
0x00EB	0x28EE      	GOTO       L__Lcd_Cmd22
0x00EC	0x1308      	BCF        LCD_D6, BitPos(LCD_D6+0)
0x00ED	0x28EF      	GOTO       L__Lcd_Cmd23
L__Lcd_Cmd22:
0x00EE	0x1708      	BSF        LCD_D6, BitPos(LCD_D6+0)
L__Lcd_Cmd23:
;__Lib_Lcd.c,22 :: 		
0x00EF	0x1AD3      	BTFSC      FARG_Lcd_Cmd_out_char, 5
0x00F0	0x28F3      	GOTO       L__Lcd_Cmd24
0x00F1	0x1288      	BCF        LCD_D5, BitPos(LCD_D5+0)
0x00F2	0x28F4      	GOTO       L__Lcd_Cmd25
L__Lcd_Cmd24:
0x00F3	0x1688      	BSF        LCD_D5, BitPos(LCD_D5+0)
L__Lcd_Cmd25:
;__Lib_Lcd.c,23 :: 		
0x00F4	0x1A53      	BTFSC      FARG_Lcd_Cmd_out_char, 4
0x00F5	0x28F8      	GOTO       L__Lcd_Cmd26
0x00F6	0x1208      	BCF        LCD_D4, BitPos(LCD_D4+0)
0x00F7	0x28F9      	GOTO       L__Lcd_Cmd27
L__Lcd_Cmd26:
0x00F8	0x1608      	BSF        LCD_D4, BitPos(LCD_D4+0)
L__Lcd_Cmd27:
;__Lib_Lcd.c,25 :: 		
0x00F9	0x182C      	BTFSC      __Lib_Lcd_cmd_status, BitPos(__Lib_Lcd_cmd_status+0)
0x00FA	0x28FD      	GOTO       L__Lcd_Cmd28
0x00FB	0x1488      	BSF        LCD_RS, BitPos(LCD_RS+0)
0x00FC	0x28FE      	GOTO       L__Lcd_Cmd29
L__Lcd_Cmd28:
0x00FD	0x1088      	BCF        LCD_RS, BitPos(LCD_RS+0)
L__Lcd_Cmd29:
;__Lib_Lcd.c,28 :: 		
0x00FE	0x1508      	BSF        LCD_EN, BitPos(LCD_EN+0)
;__Lib_Lcd.c,29 :: 		
0x00FF	0x2017      	CALL       _Delay_1us
;__Lib_Lcd.c,30 :: 		
0x0100	0x1108      	BCF        LCD_EN, BitPos(LCD_EN+0)
;__Lib_Lcd.c,33 :: 		
0x0101	0x19D3      	BTFSC      FARG_Lcd_Cmd_out_char, 3
0x0102	0x2905      	GOTO       L__Lcd_Cmd30
0x0103	0x1388      	BCF        LCD_D7, BitPos(LCD_D7+0)
0x0104	0x2906      	GOTO       L__Lcd_Cmd31
L__Lcd_Cmd30:
0x0105	0x1788      	BSF        LCD_D7, BitPos(LCD_D7+0)
L__Lcd_Cmd31:
;__Lib_Lcd.c,34 :: 		
0x0106	0x1953      	BTFSC      FARG_Lcd_Cmd_out_char, 2
0x0107	0x290A      	GOTO       L__Lcd_Cmd32
0x0108	0x1308      	BCF        LCD_D6, BitPos(LCD_D6+0)
0x0109	0x290B      	GOTO       L__Lcd_Cmd33
L__Lcd_Cmd32:
0x010A	0x1708      	BSF        LCD_D6, BitPos(LCD_D6+0)
L__Lcd_Cmd33:
;__Lib_Lcd.c,35 :: 		
0x010B	0x18D3      	BTFSC      FARG_Lcd_Cmd_out_char, 1
0x010C	0x290F      	GOTO       L__Lcd_Cmd34
0x010D	0x1288      	BCF        LCD_D5, BitPos(LCD_D5+0)
0x010E	0x2910      	GOTO       L__Lcd_Cmd35
L__Lcd_Cmd34:
0x010F	0x1688      	BSF        LCD_D5, BitPos(LCD_D5+0)
L__Lcd_Cmd35:
;__Lib_Lcd.c,36 :: 		
0x0110	0x1853      	BTFSC      FARG_Lcd_Cmd_out_char, 0
0x0111	0x2914      	GOTO       L__Lcd_Cmd36
0x0112	0x1208      	BCF        LCD_D4, BitPos(LCD_D4+0)
0x0113	0x2915      	GOTO       L__Lcd_Cmd37
L__Lcd_Cmd36:
0x0114	0x1608      	BSF        LCD_D4, BitPos(LCD_D4+0)
L__Lcd_Cmd37:
;__Lib_Lcd.c,38 :: 		
0x0115	0x182C      	BTFSC      __Lib_Lcd_cmd_status, BitPos(__Lib_Lcd_cmd_status+0)
0x0116	0x2919      	GOTO       L__Lcd_Cmd38
0x0117	0x1488      	BSF        LCD_RS, BitPos(LCD_RS+0)
0x0118	0x291A      	GOTO       L__Lcd_Cmd39
L__Lcd_Cmd38:
0x0119	0x1088      	BCF        LCD_RS, BitPos(LCD_RS+0)
L__Lcd_Cmd39:
;__Lib_Lcd.c,40 :: 		
0x011A	0x1508      	BSF        LCD_EN, BitPos(LCD_EN+0)
;__Lib_Lcd.c,41 :: 		
0x011B	0x2017      	CALL       _Delay_1us
;__Lib_Lcd.c,42 :: 		
0x011C	0x1108      	BCF        LCD_EN, BitPos(LCD_EN+0)
;__Lib_Lcd.c,44 :: 		
0x011D	0x1C2C      	BTFSS      __Lib_Lcd_cmd_status, BitPos(__Lib_Lcd_cmd_status+0)
0x011E	0x2921      	GOTO       L_Lcd_Cmd0
;__Lib_Lcd.c,45 :: 		
0x011F	0x2003      	CALL       _Delay_5500us
0x0120	0x2922      	GOTO       L_Lcd_Cmd1
L_Lcd_Cmd0:
;__Lib_Lcd.c,47 :: 		
0x0121	0x2010      	CALL       _Delay_50us
L_Lcd_Cmd1:
;__Lib_Lcd.c,48 :: 		
0x0122	0x0008      	RETURN
; end of _Lcd_Cmd
_Delay_22us:
;__Lib_Delays.c,15 :: 		void Delay_22us() {
;__Lib_Delays.c,16 :: 		Delay_us(22);
0x0123	0x300E      	MOVLW      14
0x0124	0x1283      	BCF        STATUS, 5
0x0125	0x1303      	BCF        STATUS, 6
0x0126	0x00FD      	MOVWF      R13
L_Delay_22us1:
0x0127	0x0BFD      	DECFSZ     R13, 1
0x0128	0x2927      	GOTO       L_Delay_22us1
0x0129	0x0000      	NOP
;__Lib_Delays.c,17 :: 		}
0x012A	0x0008      	RETURN
; end of _Delay_22us
_SETFDZ32:
;__Lib_MathDouble.c,102 :: 		
;__Lib_MathDouble.c,105 :: 		
0x012B	0x15FB      	BSF        R11, 3
;__Lib_MathDouble.c,106 :: 		
0x012C	0x30FF      	MOVLW      255
;__Lib_MathDouble.c,108 :: 		
0x012D	0x0008      	RETURN
; end of _SETFDZ32
_Lcd_Chr_CP:
;__Lib_Lcd.c,50 :: 		
;__Lib_Lcd.c,52 :: 		
0x012E	0x1283      	BCF        STATUS, 5
0x012F	0x1303      	BCF        STATUS, 6
0x0130	0x102C      	BCF        __Lib_Lcd_cmd_status, BitPos(__Lib_Lcd_cmd_status+0)
;__Lib_Lcd.c,53 :: 		
0x0131	0x084E      	MOVF       FARG_Lcd_Chr_CP_out_char, 0
0x0132	0x00D3      	MOVWF      FARG_Lcd_Cmd_out_char
0x0133	0x20E3      	CALL       _Lcd_Cmd
;__Lib_Lcd.c,54 :: 		
0x0134	0x142C      	BSF        __Lib_Lcd_cmd_status, BitPos(__Lib_Lcd_cmd_status+0)
;__Lib_Lcd.c,55 :: 		
0x0135	0x0008      	RETURN
; end of _Lcd_Chr_CP
_WordToStr:
;__Lib_Conversions.c,21 :: 		
;__Lib_Conversions.c,26 :: 		
0x0136	0x1283      	BCF        STATUS, 5
0x0137	0x1303      	BCF        STATUS, 6
0x0138	0x01D1      	CLRF       WordToStr_len_L0
L_WordToStr6:
0x0139	0x3005      	MOVLW      5
0x013A	0x0251      	SUBWF      WordToStr_len_L0, 0
0x013B	0x1803      	BTFSC      STATUS, 0
0x013C	0x2944      	GOTO       L_WordToStr7
;__Lib_Conversions.c,27 :: 		
0x013D	0x0851      	MOVF       WordToStr_len_L0, 0
0x013E	0x0750      	ADDWF      FARG_WordToStr_output, 0
0x013F	0x0084      	MOVWF      FSR
0x0140	0x3020      	MOVLW      32
0x0141	0x0080      	MOVWF      INDF
;__Lib_Conversions.c,26 :: 		
0x0142	0x0AD1      	INCF       WordToStr_len_L0, 1
;__Lib_Conversions.c,27 :: 		
0x0143	0x2939      	GOTO       L_WordToStr6
L_WordToStr7:
;__Lib_Conversions.c,28 :: 		
0x0144	0x0851      	MOVF       WordToStr_len_L0, 0
0x0145	0x0750      	ADDWF      FARG_WordToStr_output, 0
0x0146	0x0084      	MOVWF      FSR
0x0147	0x0180      	CLRF       INDF
0x0148	0x03D1      	DECF       WordToStr_len_L0, 1
;__Lib_Conversions.c,30 :: 		
L_WordToStr9:
;__Lib_Conversions.c,31 :: 		
0x0149	0x0851      	MOVF       WordToStr_len_L0, 0
0x014A	0x0750      	ADDWF      FARG_WordToStr_output, 0
0x014B	0x00D2      	MOVWF      FLOC__WordToStr
0x014C	0x300A      	MOVLW      10
0x014D	0x00F4      	MOVWF      R4
0x014E	0x01F5      	CLRF       R4+1
0x014F	0x084E      	MOVF       FARG_WordToStr_input, 0
0x0150	0x00F0      	MOVWF      R0
0x0151	0x084F      	MOVF       FARG_WordToStr_input+1, 0
0x0152	0x00F1      	MOVWF      R0+1
0x0153	0x20C6      	CALL       _Div_16x16_U
0x0154	0x0878      	MOVF       R8, 0
0x0155	0x00F0      	MOVWF      R0
0x0156	0x0879      	MOVF       R8+1, 0
0x0157	0x00F1      	MOVWF      R0+1
0x0158	0x3030      	MOVLW      48
0x0159	0x07F0      	ADDWF      R0, 1
0x015A	0x0852      	MOVF       FLOC__WordToStr, 0
0x015B	0x0084      	MOVWF      FSR
0x015C	0x0870      	MOVF       R0, 0
0x015D	0x0080      	MOVWF      INDF
;__Lib_Conversions.c,32 :: 		
0x015E	0x300A      	MOVLW      10
0x015F	0x00F4      	MOVWF      R4
0x0160	0x01F5      	CLRF       R4+1
0x0161	0x084E      	MOVF       FARG_WordToStr_input, 0
0x0162	0x00F0      	MOVWF      R0
0x0163	0x084F      	MOVF       FARG_WordToStr_input+1, 0
0x0164	0x00F1      	MOVWF      R0+1
0x0165	0x20C6      	CALL       _Div_16x16_U
0x0166	0x0870      	MOVF       R0, 0
0x0167	0x00CE      	MOVWF      FARG_WordToStr_input
0x0168	0x0871      	MOVF       R0+1, 0
0x0169	0x00CF      	MOVWF      FARG_WordToStr_input+1
;__Lib_Conversions.c,33 :: 		
0x016A	0x3000      	MOVLW      0
0x016B	0x0671      	XORWF      R0+1, 0
0x016C	0x1D03      	BTFSS      STATUS, 2
0x016D	0x2970      	GOTO       L__WordToStr63
0x016E	0x3000      	MOVLW      0
0x016F	0x0670      	XORWF      R0, 0
L__WordToStr63:
0x0170	0x1D03      	BTFSS      STATUS, 2
0x0171	0x2973      	GOTO       L_WordToStr11
;__Lib_Conversions.c,34 :: 		
0x0172	0x2975      	GOTO       L_WordToStr10
L_WordToStr11:
;__Lib_Conversions.c,35 :: 		
0x0173	0x03D1      	DECF       WordToStr_len_L0, 1
;__Lib_Conversions.c,36 :: 		
0x0174	0x2949      	GOTO       L_WordToStr9
L_WordToStr10:
;__Lib_Conversions.c,37 :: 		
0x0175	0x0008      	RETURN
; end of _WordToStr
_SETIOV3224:
;__Lib_MathDouble.c,1000 :: 		
;__Lib_MathDouble.c,1006 :: 		
0x0176	0x147B      	BSF        R11, 0
;__Lib_MathDouble.c,1007 :: 		
0x0177	0x1FFB      	BTFSS      R11, 7
;__Lib_MathDouble.c,1008 :: 		
0x0178	0x2981      	GOTO       SETIOV3224EEE
;__Lib_MathDouble.c,1010 :: 		
0x0179	0x01F2      	CLRF       R2
;__Lib_MathDouble.c,1011 :: 		
0x017A	0x1FFA      	BTFSS      R10, 7
;__Lib_MathDouble.c,1012 :: 		
0x017B	0x30FF      	MOVLW      255
;__Lib_MathDouble.c,1013 :: 		
0x017C	0x00F2      	MOVWF      R2
;__Lib_MathDouble.c,1014 :: 		
0x017D	0x00F1      	MOVWF      R1
;__Lib_MathDouble.c,1015 :: 		
0x017E	0x00F0      	MOVWF      R0
;__Lib_MathDouble.c,1016 :: 		
0x017F	0x0DFA      	RLF        R10, 1
;__Lib_MathDouble.c,1017 :: 		
0x0180	0x0CF2      	RRF        R2, 1
;__Lib_MathDouble.c,1018 :: 		
SETIOV3224EEE:
;__Lib_MathDouble.c,1019 :: 		
0x0181	0x30FF      	MOVLW      255
;__Lib_MathDouble.c,1021 :: 		
0x0182	0x0008      	RETURN
; end of _SETIOV3224
_____DoICP:
;__Lib_System.c,6 :: 		
;__Lib_System.c,9 :: 		
0x0183	0x1283      	BCF        STATUS, 5
0x0184	0x1303      	BCF        STATUS, 6
0x0185	0x082E      	MOVF       ___DoICPAddr+1, 0
0x0186	0x008A      	MOVWF      PCLATH
;__Lib_System.c,10 :: 		
0x0187	0x082D      	MOVF       ___DoICPAddr, 0
0x0188	0x0082      	MOVWF      PCL
;__Lib_System.c,12 :: 		
0x0189	0x0008      	RETURN
; end of _____DoICP
_Add_32x32_FP:
;__Lib_MathDouble.c,379 :: 		
;__Lib_MathDouble.c,390 :: 		
;__Lib_MathDouble.c,392 :: 		
0x018A	0x1283      	BCF        STATUS, 5
;__Lib_MathDouble.c,393 :: 		
0x018B	0x1303      	BCF        STATUS, 6
;__Lib_MathDouble.c,394 :: 		
0x018C	0x0872      	MOVF       R2, 0
;__Lib_MathDouble.c,395 :: 		
0x018D	0x0676      	XORWF      R6, 0
;__Lib_MathDouble.c,396 :: 		
0x018E	0x00A0      	MOVWF      __math_tempbD
;__Lib_MathDouble.c,398 :: 		
0x018F	0x01F8      	CLRF       R8
;__Lib_MathDouble.c,399 :: 		
0x0190	0x01F9      	CLRF       R9
;__Lib_MathDouble.c,401 :: 		
0x0191	0x0873      	MOVF       R3, 0
;__Lib_MathDouble.c,402 :: 		
0x0192	0x0277      	SUBWF      R7, 0
;__Lib_MathDouble.c,403 :: 		
0x0193	0x1C03      	BTFSS      STATUS, 0
;__Lib_MathDouble.c,404 :: 		
0x0194	0x29AD      	GOTO       USEA32
;__Lib_MathDouble.c,406 :: 		
0x0195	0x0877      	MOVF       R7, 0
;__Lib_MathDouble.c,407 :: 		
0x0196	0x00FD      	MOVWF      R13
;__Lib_MathDouble.c,408 :: 		
0x0197	0x0873      	MOVF       R3, 0
;__Lib_MathDouble.c,409 :: 		
0x0198	0x00F7      	MOVWF      R7
;__Lib_MathDouble.c,410 :: 		
0x0199	0x087D      	MOVF       R13, 0
;__Lib_MathDouble.c,411 :: 		
0x019A	0x00F3      	MOVWF      R3
;__Lib_MathDouble.c,413 :: 		
0x019B	0x0876      	MOVF       R6, 0
;__Lib_MathDouble.c,414 :: 		
0x019C	0x00FD      	MOVWF      R13
;__Lib_MathDouble.c,415 :: 		
0x019D	0x0872      	MOVF       R2, 0
;__Lib_MathDouble.c,416 :: 		
0x019E	0x00F6      	MOVWF      R6
;__Lib_MathDouble.c,417 :: 		
0x019F	0x087D      	MOVF       R13, 0
;__Lib_MathDouble.c,418 :: 		
0x01A0	0x00F2      	MOVWF      R2
;__Lib_MathDouble.c,420 :: 		
0x01A1	0x0875      	MOVF       R5, 0
;__Lib_MathDouble.c,421 :: 		
0x01A2	0x00FD      	MOVWF      R13
;__Lib_MathDouble.c,422 :: 		
0x01A3	0x0871      	MOVF       R1, 0
;__Lib_MathDouble.c,423 :: 		
0x01A4	0x00F5      	MOVWF      R5
;__Lib_MathDouble.c,424 :: 		
0x01A5	0x087D      	MOVF       R13, 0
;__Lib_MathDouble.c,425 :: 		
0x01A6	0x00F1      	MOVWF      R1
;__Lib_MathDouble.c,427 :: 		
0x01A7	0x0874      	MOVF       R4, 0
;__Lib_MathDouble.c,428 :: 		
0x01A8	0x00FD      	MOVWF      R13
;__Lib_MathDouble.c,429 :: 		
0x01A9	0x0870      	MOVF       R0, 0
;__Lib_MathDouble.c,430 :: 		
0x01AA	0x00F4      	MOVWF      R4
;__Lib_MathDouble.c,431 :: 		
0x01AB	0x087D      	MOVF       R13, 0
;__Lib_MathDouble.c,432 :: 		
0x01AC	0x00F0      	MOVWF      R0
;__Lib_MathDouble.c,433 :: 		
USEA32:
;__Lib_MathDouble.c,434 :: 		
0x01AD	0x0877      	MOVF       R7, 0
;__Lib_MathDouble.c,435 :: 		
0x01AE	0x1903      	BTFSC      STATUS, 2
;__Lib_MathDouble.c,436 :: 		
0x01AF	0x2A26      	GOTO       JMPEEE
;__Lib_MathDouble.c,437 :: 		
0x01B0	0x0872      	MOVF       R2, 0
;__Lib_MathDouble.c,438 :: 		
0x01B1	0x00FA      	MOVWF      R10
;__Lib_MathDouble.c,439 :: 		
0x01B2	0x17F2      	BSF        R2, 7
;__Lib_MathDouble.c,440 :: 		
0x01B3	0x17F6      	BSF        R6, 7
;__Lib_MathDouble.c,441 :: 		
0x01B4	0x0877      	MOVF       R7, 0
;__Lib_MathDouble.c,442 :: 		
0x01B5	0x0273      	SUBWF      R3, 0
;__Lib_MathDouble.c,443 :: 		
0x01B6	0x00F7      	MOVWF      R7
;__Lib_MathDouble.c,444 :: 		
0x01B7	0x1903      	BTFSC      STATUS, 2
;__Lib_MathDouble.c,445 :: 		
0x01B8	0x29E0      	GOTO       ALIGNED32
;__Lib_MathDouble.c,446 :: 		
0x01B9	0x3008      	MOVLW      8
;__Lib_MathDouble.c,447 :: 		
0x01BA	0x0277      	SUBWF      R7, 0
;__Lib_MathDouble.c,448 :: 		
0x01BB	0x1C03      	BTFSS      STATUS, 0
;__Lib_MathDouble.c,449 :: 		
0x01BC	0x29D6      	GOTO       ALIGNB32
;__Lib_MathDouble.c,450 :: 		
0x01BD	0x00F7      	MOVWF      R7
;__Lib_MathDouble.c,451 :: 		
0x01BE	0x0874      	MOVF       R4, 0
;__Lib_MathDouble.c,452 :: 		
0x01BF	0x00F9      	MOVWF      R9
;__Lib_MathDouble.c,453 :: 		
0x01C0	0x0875      	MOVF       R5, 0
;__Lib_MathDouble.c,454 :: 		
0x01C1	0x00F4      	MOVWF      R4
;__Lib_MathDouble.c,455 :: 		
0x01C2	0x0876      	MOVF       R6, 0
;__Lib_MathDouble.c,456 :: 		
0x01C3	0x00F5      	MOVWF      R5
;__Lib_MathDouble.c,457 :: 		
0x01C4	0x01F6      	CLRF       R6
;__Lib_MathDouble.c,458 :: 		
0x01C5	0x3008      	MOVLW      8
;__Lib_MathDouble.c,459 :: 		
0x01C6	0x0277      	SUBWF      R7, 0
;__Lib_MathDouble.c,460 :: 		
0x01C7	0x1C03      	BTFSS      STATUS, 0
;__Lib_MathDouble.c,461 :: 		
0x01C8	0x29D6      	GOTO       ALIGNB32
;__Lib_MathDouble.c,462 :: 		
0x01C9	0x00F7      	MOVWF      R7
;__Lib_MathDouble.c,463 :: 		
0x01CA	0x0874      	MOVF       R4, 0
;__Lib_MathDouble.c,464 :: 		
0x01CB	0x00F9      	MOVWF      R9
;__Lib_MathDouble.c,465 :: 		
0x01CC	0x0875      	MOVF       R5, 0
;__Lib_MathDouble.c,466 :: 		
0x01CD	0x00F4      	MOVWF      R4
;__Lib_MathDouble.c,467 :: 		
0x01CE	0x01F5      	CLRF       R5
;__Lib_MathDouble.c,468 :: 		
0x01CF	0x3008      	MOVLW      8
;__Lib_MathDouble.c,469 :: 		
0x01D0	0x0277      	SUBWF      R7, 0
;__Lib_MathDouble.c,470 :: 		
0x01D1	0x1C03      	BTFSS      STATUS, 0
;__Lib_MathDouble.c,471 :: 		
0x01D2	0x29D6      	GOTO       ALIGNB32
;__Lib_MathDouble.c,472 :: 		
0x01D3	0x087A      	MOVF       R10, 0
;__Lib_MathDouble.c,473 :: 		
0x01D4	0x00F2      	MOVWF      R2
;__Lib_MathDouble.c,474 :: 		
0x01D5	0x2A26      	GOTO       JMPEEE
;__Lib_MathDouble.c,475 :: 		
ALIGNB32:
;__Lib_MathDouble.c,476 :: 		
0x01D6	0x0877      	MOVF       R7, 0
;__Lib_MathDouble.c,477 :: 		
0x01D7	0x1903      	BTFSC      STATUS, 2
;__Lib_MathDouble.c,478 :: 		
0x01D8	0x29E0      	GOTO       ALIGNED32
;__Lib_MathDouble.c,479 :: 		
ALOOPB32:
;__Lib_MathDouble.c,480 :: 		
0x01D9	0x1003      	BCF        STATUS, 0
;__Lib_MathDouble.c,481 :: 		
0x01DA	0x0CF6      	RRF        R6, 1
;__Lib_MathDouble.c,482 :: 		
0x01DB	0x0CF5      	RRF        R5, 1
;__Lib_MathDouble.c,483 :: 		
0x01DC	0x0CF4      	RRF        R4, 1
;__Lib_MathDouble.c,484 :: 		
0x01DD	0x0CF9      	RRF        R9, 1
;__Lib_MathDouble.c,485 :: 		
0x01DE	0x0BF7      	DECFSZ     R7, 1
;__Lib_MathDouble.c,486 :: 		
0x01DF	0x29D9      	GOTO       ALOOPB32
;__Lib_MathDouble.c,487 :: 		
ALIGNED32:
;__Lib_MathDouble.c,488 :: 		
0x01E0	0x1FA0      	BTFSS      __math_tempbD, 7
;__Lib_MathDouble.c,489 :: 		
0x01E1	0x29ED      	GOTO       AOK32
;__Lib_MathDouble.c,490 :: 		
0x01E2	0x09F9      	COMF       R9, 1
;__Lib_MathDouble.c,491 :: 		
0x01E3	0x09F4      	COMF       R4, 1
;__Lib_MathDouble.c,492 :: 		
0x01E4	0x09F5      	COMF       R5, 1
;__Lib_MathDouble.c,493 :: 		
0x01E5	0x09F6      	COMF       R6, 1
;__Lib_MathDouble.c,494 :: 		
0x01E6	0x0AF9      	INCF       R9, 1
;__Lib_MathDouble.c,495 :: 		
0x01E7	0x1903      	BTFSC      STATUS, 2
;__Lib_MathDouble.c,496 :: 		
0x01E8	0x0AF4      	INCF       R4, 1
;__Lib_MathDouble.c,497 :: 		
0x01E9	0x1903      	BTFSC      STATUS, 2
;__Lib_MathDouble.c,498 :: 		
0x01EA	0x0AF5      	INCF       R5, 1
;__Lib_MathDouble.c,499 :: 		
0x01EB	0x1903      	BTFSC      STATUS, 2
;__Lib_MathDouble.c,500 :: 		
0x01EC	0x0AF6      	INCF       R6, 1
;__Lib_MathDouble.c,501 :: 		
AOK32:
;__Lib_MathDouble.c,502 :: 		
0x01ED	0x0879      	MOVF       R9, 0
;__Lib_MathDouble.c,503 :: 		
0x01EE	0x07F8      	ADDWF      R8, 1
;__Lib_MathDouble.c,504 :: 		
0x01EF	0x0874      	MOVF       R4, 0
;__Lib_MathDouble.c,505 :: 		
0x01F0	0x1803      	BTFSC      STATUS, 0
;__Lib_MathDouble.c,506 :: 		
0x01F1	0x0F74      	INCFSZ     R4, 0
;__Lib_MathDouble.c,507 :: 		
0x01F2	0x07F0      	ADDWF      R0, 1
;__Lib_MathDouble.c,508 :: 		
0x01F3	0x0875      	MOVF       R5, 0
;__Lib_MathDouble.c,509 :: 		
0x01F4	0x1803      	BTFSC      STATUS, 0
;__Lib_MathDouble.c,510 :: 		
0x01F5	0x0F75      	INCFSZ     R5, 0
;__Lib_MathDouble.c,511 :: 		
0x01F6	0x07F1      	ADDWF      R1, 1
;__Lib_MathDouble.c,512 :: 		
0x01F7	0x0876      	MOVF       R6, 0
;__Lib_MathDouble.c,513 :: 		
0x01F8	0x1803      	BTFSC      STATUS, 0
;__Lib_MathDouble.c,514 :: 		
0x01F9	0x0F76      	INCFSZ     R6, 0
;__Lib_MathDouble.c,515 :: 		
0x01FA	0x07F2      	ADDWF      R2, 1
;__Lib_MathDouble.c,516 :: 		
0x01FB	0x1BA0      	BTFSC      __math_tempbD, 7
;__Lib_MathDouble.c,517 :: 		
0x01FC	0x2A06      	GOTO       ACOMP32
;__Lib_MathDouble.c,518 :: 		
0x01FD	0x1C03      	BTFSS      STATUS, 0
;__Lib_MathDouble.c,519 :: 		
0x01FE	0x2A16      	GOTO       JMPNRMRND4032
;__Lib_MathDouble.c,520 :: 		
0x01FF	0x0CF2      	RRF        R2, 1
;__Lib_MathDouble.c,521 :: 		
0x0200	0x0CF1      	RRF        R1, 1
;__Lib_MathDouble.c,522 :: 		
0x0201	0x0CF0      	RRF        R0, 1
;__Lib_MathDouble.c,523 :: 		
0x0202	0x0CF8      	RRF        R8, 1
;__Lib_MathDouble.c,524 :: 		
0x0203	0x0FF3      	INCFSZ     R3, 1
;__Lib_MathDouble.c,525 :: 		
0x0204	0x2A16      	GOTO       JMPNRMRND4032
;__Lib_MathDouble.c,526 :: 		
0x0205	0x2A22      	GOTO       ADD_JMPSETFOV32
;__Lib_MathDouble.c,527 :: 		
ACOMP32:
;__Lib_MathDouble.c,528 :: 		
0x0206	0x1803      	BTFSC      STATUS, 0
;__Lib_MathDouble.c,529 :: 		
0x0207	0x2A1A      	GOTO       JMPNRM4032
;__Lib_MathDouble.c,530 :: 		
0x0208	0x09F8      	COMF       R8, 1
;__Lib_MathDouble.c,531 :: 		
0x0209	0x09F0      	COMF       R0, 1
;__Lib_MathDouble.c,532 :: 		
0x020A	0x09F1      	COMF       R1, 1
;__Lib_MathDouble.c,533 :: 		
0x020B	0x09F2      	COMF       R2, 1
;__Lib_MathDouble.c,534 :: 		
0x020C	0x0AF8      	INCF       R8, 1
;__Lib_MathDouble.c,535 :: 		
0x020D	0x1903      	BTFSC      STATUS, 2
;__Lib_MathDouble.c,536 :: 		
0x020E	0x0AF0      	INCF       R0, 1
;__Lib_MathDouble.c,537 :: 		
0x020F	0x1903      	BTFSC      STATUS, 2
;__Lib_MathDouble.c,538 :: 		
0x0210	0x0AF1      	INCF       R1, 1
;__Lib_MathDouble.c,539 :: 		
0x0211	0x1903      	BTFSC      STATUS, 2
;__Lib_MathDouble.c,540 :: 		
0x0212	0x0AF2      	INCF       R2, 1
;__Lib_MathDouble.c,541 :: 		
0x0213	0x3080      	MOVLW      128
;__Lib_MathDouble.c,542 :: 		
0x0214	0x06FA      	XORWF      R10, 1
;__Lib_MathDouble.c,543 :: 		
0x0215	0x2A1E      	GOTO       JMPNRM32
;__Lib_MathDouble.c,544 :: 		
JMPNRMRND4032:
;__Lib_MathDouble.c,545 :: 		
0x0216	0x3001      	MOVLW      1
;__Lib_MathDouble.c,546 :: 		
0x0217	0x00FC      	MOVWF      R12
;__Lib_MathDouble.c,548 :: 		
0x0218	0x203D      	CALL       _NRM4032
;__Lib_MathDouble.c,550 :: 		
0x0219	0x2A28      	GOTO       ADD32EEE
;__Lib_MathDouble.c,551 :: 		
JMPNRM4032:
;__Lib_MathDouble.c,552 :: 		
0x021A	0x3002      	MOVLW      2
;__Lib_MathDouble.c,553 :: 		
0x021B	0x00FC      	MOVWF      R12
;__Lib_MathDouble.c,555 :: 		
0x021C	0x203D      	CALL       _NRM4032
;__Lib_MathDouble.c,557 :: 		
0x021D	0x2A28      	GOTO       ADD32EEE
;__Lib_MathDouble.c,558 :: 		
JMPNRM32:
;__Lib_MathDouble.c,559 :: 		
0x021E	0x3004      	MOVLW      4
;__Lib_MathDouble.c,560 :: 		
0x021F	0x00FC      	MOVWF      R12
;__Lib_MathDouble.c,562 :: 		
0x0220	0x2097      	CALL       _NRM3232
;__Lib_MathDouble.c,564 :: 		
0x0221	0x2A28      	GOTO       ADD32EEE
;__Lib_MathDouble.c,565 :: 		
ADD_JMPSETFOV32:
;__Lib_MathDouble.c,566 :: 		
0x0222	0x3008      	MOVLW      8
;__Lib_MathDouble.c,567 :: 		
0x0223	0x00FC      	MOVWF      R12
;__Lib_MathDouble.c,569 :: 		
0x0224	0x201A      	CALL       _SETFOV32
;__Lib_MathDouble.c,571 :: 		
0x0225	0x2A28      	GOTO       ADD32EEE
;__Lib_MathDouble.c,572 :: 		
JMPEEE:
;__Lib_MathDouble.c,573 :: 		
0x0226	0x3000      	MOVLW      0
;__Lib_MathDouble.c,574 :: 		
0x0227	0x00FC      	MOVWF      R12
;__Lib_MathDouble.c,575 :: 		
ADD32EEE:
;__Lib_MathDouble.c,576 :: 		
0x0228	0x0000      	NOP
;__Lib_MathDouble.c,579 :: 		
0x0229	0x0008      	RETURN
; end of _Add_32x32_FP
_Double2Word:
;__Lib_MathDouble.c,1529 :: 		
;__Lib_MathDouble.c,1536 :: 		
0x022A	0x1283      	BCF        STATUS, 5
;__Lib_MathDouble.c,1537 :: 		
0x022B	0x1303      	BCF        STATUS, 6
;__Lib_MathDouble.c,1539 :: 		
0x022C	0x01FB      	CLRF       R11
;__Lib_MathDouble.c,1540 :: 		
0x022D	0x01FC      	CLRF       R12
;__Lib_MathDouble.c,1541 :: 		
0x022E	0x01FA      	CLRF       R10
;__Lib_MathDouble.c,1543 :: 		
0x022F	0x0873      	MOVF       R3, 0
;__Lib_MathDouble.c,1544 :: 		
0x0230	0x1903      	BTFSC      STATUS, 2
;__Lib_MathDouble.c,1545 :: 		
0x0231	0x2A69      	GOTO       IRES016U
;__Lib_MathDouble.c,1547 :: 		
0x0232	0x17F2      	BSF        R2, 7
;__Lib_MathDouble.c,1549 :: 		
0x0233	0x308E      	MOVLW      142
;__Lib_MathDouble.c,1550 :: 		
0x0234	0x02F3      	SUBWF      R3, 1
;__Lib_MathDouble.c,1551 :: 		
0x0235	0x1BF3      	BTFSC      R3, 7
;__Lib_MathDouble.c,1552 :: 		
0x0236	0x2A3A      	GOTO       SETEXP16U
;__Lib_MathDouble.c,1553 :: 		
0x0237	0x1903      	BTFSC      STATUS, 2
;__Lib_MathDouble.c,1554 :: 		
0x0238	0x2A3A      	GOTO       SETEXP16U
;__Lib_MathDouble.c,1555 :: 		
0x0239	0x2A6C      	GOTO       SETIOV16U
;__Lib_MathDouble.c,1556 :: 		
SETEXP16U:
;__Lib_MathDouble.c,1557 :: 		
0x023A	0x09F3      	COMF       R3, 1
;__Lib_MathDouble.c,1558 :: 		
0x023B	0x0AF3      	INCF       R3, 1
;__Lib_MathDouble.c,1560 :: 		
0x023C	0x3008      	MOVLW      8
;__Lib_MathDouble.c,1561 :: 		
0x023D	0x0273      	SUBWF      R3, 0
;__Lib_MathDouble.c,1562 :: 		
0x023E	0x1C03      	BTFSS      STATUS, 0
;__Lib_MathDouble.c,1563 :: 		
0x023F	0x2A4F      	GOTO       TSHIFT3216U
;__Lib_MathDouble.c,1564 :: 		
0x0240	0x00F3      	MOVWF      R3
;__Lib_MathDouble.c,1565 :: 		
0x0241	0x0DF1      	RLF        R1, 1
;__Lib_MathDouble.c,1566 :: 		
0x0242	0x0872      	MOVF       R2, 0
;__Lib_MathDouble.c,1567 :: 		
0x0243	0x00F1      	MOVWF      R1
;__Lib_MathDouble.c,1568 :: 		
0x0244	0x01F2      	CLRF       R2
;__Lib_MathDouble.c,1570 :: 		
0x0245	0x3008      	MOVLW      8
;__Lib_MathDouble.c,1571 :: 		
0x0246	0x0273      	SUBWF      R3, 0
;__Lib_MathDouble.c,1572 :: 		
0x0247	0x1C03      	BTFSS      STATUS, 0
;__Lib_MathDouble.c,1573 :: 		
0x0248	0x2A4F      	GOTO       TSHIFT3216U
;__Lib_MathDouble.c,1574 :: 		
0x0249	0x0DF1      	RLF        R1, 1
;__Lib_MathDouble.c,1575 :: 		
0x024A	0x01F1      	CLRF       R1
;__Lib_MathDouble.c,1577 :: 		
0x024B	0x0873      	MOVF       R3, 0
;__Lib_MathDouble.c,1578 :: 		
0x024C	0x1D03      	BTFSS      STATUS, 2
;__Lib_MathDouble.c,1579 :: 		
0x024D	0x1003      	BCF        STATUS, 0
;__Lib_MathDouble.c,1580 :: 		
0x024E	0x2A57      	GOTO       SHIFT3216UOK
;__Lib_MathDouble.c,1581 :: 		
TSHIFT3216U:
;__Lib_MathDouble.c,1582 :: 		
0x024F	0x0873      	MOVF       R3, 0
;__Lib_MathDouble.c,1583 :: 		
0x0250	0x1903      	BTFSC      STATUS, 2
;__Lib_MathDouble.c,1584 :: 		
0x0251	0x2A57      	GOTO       SHIFT3216UOK
;__Lib_MathDouble.c,1585 :: 		
SHIFT3216U:
;__Lib_MathDouble.c,1586 :: 		
0x0252	0x1003      	BCF        STATUS, 0
;__Lib_MathDouble.c,1587 :: 		
0x0253	0x0CF2      	RRF        R2, 1
;__Lib_MathDouble.c,1588 :: 		
0x0254	0x0CF1      	RRF        R1, 1
;__Lib_MathDouble.c,1589 :: 		
0x0255	0x0BF3      	DECFSZ     R3, 1
;__Lib_MathDouble.c,1590 :: 		
0x0256	0x2A52      	GOTO       SHIFT3216U
;__Lib_MathDouble.c,1591 :: 		
SHIFT3216UOK:
;__Lib_MathDouble.c,1592 :: 		
0x0257	0x1B7B      	BTFSC      R11, 6
;__Lib_MathDouble.c,1593 :: 		
0x0258	0x1C71      	BTFSS      R1, 0
;__Lib_MathDouble.c,1594 :: 		
0x0259	0x2A61      	GOTO       INT3216UOK
;__Lib_MathDouble.c,1595 :: 		
0x025A	0x1C03      	BTFSS      STATUS, 0
;__Lib_MathDouble.c,1596 :: 		
0x025B	0x2A61      	GOTO       INT3216UOK
;__Lib_MathDouble.c,1597 :: 		
0x025C	0x0AF1      	INCF       R1, 1
;__Lib_MathDouble.c,1598 :: 		
0x025D	0x1903      	BTFSC      STATUS, 2
;__Lib_MathDouble.c,1599 :: 		
0x025E	0x0AF2      	INCF       R2, 1
;__Lib_MathDouble.c,1600 :: 		
0x025F	0x1BF2      	BTFSC      R2, 7
;__Lib_MathDouble.c,1601 :: 		
0x0260	0x2A78      	GOTO       JPKSETIOV3224
;__Lib_MathDouble.c,1602 :: 		
INT3216UOK:
;__Lib_MathDouble.c,1603 :: 		
0x0261	0x1FFA      	BTFSS      R10, 7
;__Lib_MathDouble.c,1604 :: 		
0x0262	0x2A7B      	GOTO       INT3216UEOK
;__Lib_MathDouble.c,1606 :: 		
0x0263	0x09F2      	COMF       R2, 1
;__Lib_MathDouble.c,1607 :: 		
0x0264	0x09F1      	COMF       R1, 1
;__Lib_MathDouble.c,1608 :: 		
0x0265	0x0AF1      	INCF       R1, 1
;__Lib_MathDouble.c,1609 :: 		
0x0266	0x1903      	BTFSC      STATUS, 2
;__Lib_MathDouble.c,1610 :: 		
0x0267	0x0AF2      	INCF       R2, 1
;__Lib_MathDouble.c,1611 :: 		
0x0268	0x2A7B      	GOTO       INT3216UEOK
;__Lib_MathDouble.c,1613 :: 		
IRES016U:
;__Lib_MathDouble.c,1614 :: 		
0x0269	0x01F2      	CLRF       R2
;__Lib_MathDouble.c,1615 :: 		
0x026A	0x01F1      	CLRF       R1
;__Lib_MathDouble.c,1616 :: 		
0x026B	0x2A7B      	GOTO       INT3216UEOK
;__Lib_MathDouble.c,1617 :: 		
SETIOV16U:
;__Lib_MathDouble.c,1618 :: 		
0x026C	0x147B      	BSF        R11, 0
;__Lib_MathDouble.c,1619 :: 		
0x026D	0x1FFB      	BTFSS      R11, 7
;__Lib_MathDouble.c,1620 :: 		
0x026E	0x2A7E      	GOTO       INT3216UEER
;__Lib_MathDouble.c,1622 :: 		
0x026F	0x01F2      	CLRF       R2
;__Lib_MathDouble.c,1623 :: 		
0x0270	0x1FFA      	BTFSS      R10, 7
;__Lib_MathDouble.c,1624 :: 		
0x0271	0x2A7E      	GOTO       INT3216UEER
;__Lib_MathDouble.c,1625 :: 		
0x0272	0x30FF      	MOVLW      255
;__Lib_MathDouble.c,1626 :: 		
0x0273	0x00F2      	MOVWF      R2
;__Lib_MathDouble.c,1627 :: 		
0x0274	0x00F1      	MOVWF      R1
;__Lib_MathDouble.c,1628 :: 		
0x0275	0x0DFA      	RLF        R10, 1
;__Lib_MathDouble.c,1629 :: 		
0x0276	0x0CF2      	RRF        R2, 1
;__Lib_MathDouble.c,1630 :: 		
0x0277	0x2A7E      	GOTO       INT3216UEER
;__Lib_MathDouble.c,1632 :: 		
JPKSETIOV3224:
;__Lib_MathDouble.c,1633 :: 		
0x0278	0x3001      	MOVLW      1
;__Lib_MathDouble.c,1634 :: 		
0x0279	0x00FC      	MOVWF      R12
;__Lib_MathDouble.c,1635 :: 		
0x027A	0x2A80      	GOTO       INT3216UEEE
;__Lib_MathDouble.c,1636 :: 		
INT3216UEOK:
;__Lib_MathDouble.c,1637 :: 		
0x027B	0x3000      	MOVLW      0
;__Lib_MathDouble.c,1638 :: 		
0x027C	0x00FC      	MOVWF      R12
;__Lib_MathDouble.c,1639 :: 		
0x027D	0x2A80      	GOTO       INT3216UEEE
;__Lib_MathDouble.c,1640 :: 		
INT3216UEER:
;__Lib_MathDouble.c,1641 :: 		
0x027E	0x30FF      	MOVLW      255
;__Lib_MathDouble.c,1642 :: 		
0x027F	0x00FC      	MOVWF      R12
;__Lib_MathDouble.c,1643 :: 		
INT3216UEEE:
;__Lib_MathDouble.c,1646 :: 		
0x0280	0x08FC      	MOVF       R12, 1
;__Lib_MathDouble.c,1648 :: 		
0x0281	0x1903      	BTFSC      STATUS, 2
;__Lib_MathDouble.c,1649 :: 		
0x0282	0x2A84      	GOTO       L_Double2Word_0
;__Lib_MathDouble.c,1651 :: 		
0x0283	0x2176      	CALL       _SETIOV3224
;__Lib_MathDouble.c,1653 :: 		
L_Double2Word_0:
;__Lib_MathDouble.c,1654 :: 		
0x0284	0x0871      	MOVF       R1, 0
;__Lib_MathDouble.c,1655 :: 		
0x0285	0x00F0      	MOVWF      R0
;__Lib_MathDouble.c,1656 :: 		
0x0286	0x0872      	MOVF       R2, 0
;__Lib_MathDouble.c,1657 :: 		
0x0287	0x00F1      	MOVWF      R1
;__Lib_MathDouble.c,1660 :: 		
0x0288	0x0008      	RETURN
; end of _Double2Word
_Div_32x32_FP:
;__Lib_MathDouble.c,761 :: 		
;__Lib_MathDouble.c,773 :: 		
;__Lib_MathDouble.c,776 :: 		
0x0289	0x1283      	BCF        STATUS, 5
0x028A	0x1303      	BCF        STATUS, 6
0x028B	0x0874      	MOVF       R4, 0
0x028C	0x3A00      	XORLW      0
0x028D	0x1D03      	BTFSS      STATUS, 2
0x028E	0x2AA4      	GOTO       L_Div_32x32_FP7
;__Lib_MathDouble.c,777 :: 		
0x028F	0x0875      	MOVF       R5, 0
0x0290	0x3A00      	XORLW      0
0x0291	0x1D03      	BTFSS      STATUS, 2
0x0292	0x2AA4      	GOTO       L_Div_32x32_FP8
;__Lib_MathDouble.c,778 :: 		
0x0293	0x0876      	MOVF       R6, 0
0x0294	0x3A00      	XORLW      0
0x0295	0x1D03      	BTFSS      STATUS, 2
0x0296	0x2AA4      	GOTO       L_Div_32x32_FP9
;__Lib_MathDouble.c,779 :: 		
0x0297	0x0877      	MOVF       R7, 0
0x0298	0x3A00      	XORLW      0
0x0299	0x1D03      	BTFSS      STATUS, 2
0x029A	0x2AA4      	GOTO       L_Div_32x32_FP10
;__Lib_MathDouble.c,780 :: 		
0x029B	0x30FF      	MOVLW      255
0x029C	0x00F0      	MOVWF      R0
;__Lib_MathDouble.c,781 :: 		
0x029D	0x30FF      	MOVLW      255
0x029E	0x00F1      	MOVWF      R1
;__Lib_MathDouble.c,782 :: 		
0x029F	0x307F      	MOVLW      127
0x02A0	0x00F2      	MOVWF      R2
;__Lib_MathDouble.c,783 :: 		
0x02A1	0x30FF      	MOVLW      255
0x02A2	0x00F3      	MOVWF      R3
;__Lib_MathDouble.c,784 :: 		
0x02A3	0x0008      	RETURN
;__Lib_MathDouble.c,785 :: 		
L_Div_32x32_FP10:
L_Div_32x32_FP9:
L_Div_32x32_FP8:
L_Div_32x32_FP7:
;__Lib_MathDouble.c,788 :: 		
0x02A4	0x1283      	BCF        STATUS, 5
;__Lib_MathDouble.c,789 :: 		
0x02A5	0x1303      	BCF        STATUS, 6
;__Lib_MathDouble.c,791 :: 		
0x02A6	0x0877      	MOVF       R7, 0
;__Lib_MathDouble.c,792 :: 		
0x02A7	0x1903      	BTFSC      STATUS, 2
;__Lib_MathDouble.c,793 :: 		
0x02A8	0x2B33      	GOTO       JPDSETFDZ32
;__Lib_MathDouble.c,795 :: 		
0x02A9	0x0873      	MOVF       R3, 0
;__Lib_MathDouble.c,796 :: 		
0x02AA	0x1903      	BTFSC      STATUS, 2
;__Lib_MathDouble.c,797 :: 		
0x02AB	0x2B36      	GOTO       JPDRES032
;__Lib_MathDouble.c,799 :: 		
0x02AC	0x0872      	MOVF       R2, 0
;__Lib_MathDouble.c,800 :: 		
0x02AD	0x0676      	XORWF      R6, 0
;__Lib_MathDouble.c,801 :: 		
0x02AE	0x3980      	ANDLW      128
;__Lib_MathDouble.c,802 :: 		
0x02AF	0x00FA      	MOVWF      R10
;__Lib_MathDouble.c,803 :: 		
0x02B0	0x17F2      	BSF        R2, 7
;__Lib_MathDouble.c,804 :: 		
0x02B1	0x17F6      	BSF        R6, 7
;__Lib_MathDouble.c,806 :: 		
0x02B2	0x01A0      	CLRF       __math_tempbD
;__Lib_MathDouble.c,807 :: 		
0x02B3	0x0872      	MOVF       R2, 0
;__Lib_MathDouble.c,808 :: 		
0x02B4	0x00F8      	MOVWF      R8
;__Lib_MathDouble.c,809 :: 		
0x02B5	0x0871      	MOVF       R1, 0
;__Lib_MathDouble.c,810 :: 		
0x02B6	0x00FC      	MOVWF      R12
;__Lib_MathDouble.c,811 :: 		
0x02B7	0x0870      	MOVF       R0, 0
;__Lib_MathDouble.c,812 :: 		
0x02B8	0x00FD      	MOVWF      R13
;__Lib_MathDouble.c,814 :: 		
0x02B9	0x0874      	MOVF       R4, 0
;__Lib_MathDouble.c,815 :: 		
0x02BA	0x02FD      	SUBWF      R13, 1
;__Lib_MathDouble.c,816 :: 		
0x02BB	0x0875      	MOVF       R5, 0
;__Lib_MathDouble.c,817 :: 		
0x02BC	0x1C03      	BTFSS      STATUS, 0
;__Lib_MathDouble.c,818 :: 		
0x02BD	0x0F75      	INCFSZ     R5, 0
;__Lib_MathDouble.c,820 :: 		
0x02BE	0x02FC      	SUBWF      R12, 1
;__Lib_MathDouble.c,821 :: 		
0x02BF	0x0876      	MOVF       R6, 0
;__Lib_MathDouble.c,822 :: 		
0x02C0	0x1C03      	BTFSS      STATUS, 0
;__Lib_MathDouble.c,823 :: 		
0x02C1	0x0F76      	INCFSZ     R6, 0
;__Lib_MathDouble.c,825 :: 		
0x02C2	0x02F8      	SUBWF      R8, 1
;__Lib_MathDouble.c,826 :: 		
0x02C3	0x01F8      	CLRF       R8
;__Lib_MathDouble.c,827 :: 		
0x02C4	0x01FC      	CLRF       R12
;__Lib_MathDouble.c,828 :: 		
0x02C5	0x01FD      	CLRF       R13
;__Lib_MathDouble.c,829 :: 		
0x02C6	0x1C03      	BTFSS      STATUS, 0
;__Lib_MathDouble.c,830 :: 		
0x02C7	0x2ACF      	GOTO       DALIGN32OK
;__Lib_MathDouble.c,832 :: 		
0x02C8	0x1003      	BCF        STATUS, 0
;__Lib_MathDouble.c,833 :: 		
0x02C9	0x0CF2      	RRF        R2, 1
;__Lib_MathDouble.c,834 :: 		
0x02CA	0x0CF1      	RRF        R1, 1
;__Lib_MathDouble.c,835 :: 		
0x02CB	0x0CF0      	RRF        R0, 1
;__Lib_MathDouble.c,836 :: 		
0x02CC	0x0CF8      	RRF        R8, 1
;__Lib_MathDouble.c,837 :: 		
0x02CD	0x3001      	MOVLW      1
;__Lib_MathDouble.c,838 :: 		
0x02CE	0x00A0      	MOVWF      __math_tempbD
;__Lib_MathDouble.c,839 :: 		
DALIGN32OK:
;__Lib_MathDouble.c,840 :: 		
0x02CF	0x0877      	MOVF       R7, 0
;__Lib_MathDouble.c,841 :: 		
0x02D0	0x02F3      	SUBWF      R3, 1
;__Lib_MathDouble.c,842 :: 		
0x02D1	0x1C03      	BTFSS      STATUS, 0
;__Lib_MathDouble.c,843 :: 		
0x02D2	0x2AD9      	GOTO       ALTB32
;__Lib_MathDouble.c,845 :: 		
0x02D3	0x307E      	MOVLW      126
;__Lib_MathDouble.c,846 :: 		
0x02D4	0x0720      	ADDWF      __math_tempbD, 0
;__Lib_MathDouble.c,847 :: 		
0x02D5	0x07F3      	ADDWF      R3, 1
;__Lib_MathDouble.c,848 :: 		
0x02D6	0x1803      	BTFSC      STATUS, 0
;__Lib_MathDouble.c,849 :: 		
0x02D7	0x2B39      	GOTO       JPDSETFOV32
;__Lib_MathDouble.c,850 :: 		
0x02D8	0x2ADE      	GOTO       DARGOK32
;__Lib_MathDouble.c,851 :: 		
ALTB32:
;__Lib_MathDouble.c,852 :: 		
0x02D9	0x307E      	MOVLW      126
;__Lib_MathDouble.c,853 :: 		
0x02DA	0x0720      	ADDWF      __math_tempbD, 0
;__Lib_MathDouble.c,854 :: 		
0x02DB	0x07F3      	ADDWF      R3, 1
;__Lib_MathDouble.c,855 :: 		
0x02DC	0x1C03      	BTFSS      STATUS, 0
;__Lib_MathDouble.c,856 :: 		
0x02DD	0x2B3C      	GOTO       JPDSETFUN32
;__Lib_MathDouble.c,857 :: 		
DARGOK32:
;__Lib_MathDouble.c,858 :: 		
0x02DE	0x3018      	MOVLW      24
;__Lib_MathDouble.c,860 :: 		
0x02DF	0x07FA      	ADDWF      R10, 1
;__Lib_MathDouble.c,861 :: 		
DLOOP32:
;__Lib_MathDouble.c,862 :: 		
0x02E0	0x0DFD      	RLF        R13, 1
;__Lib_MathDouble.c,863 :: 		
0x02E1	0x0DFC      	RLF        R12, 1
;__Lib_MathDouble.c,864 :: 		
0x02E2	0x0DF8      	RLF        R8, 1
;__Lib_MathDouble.c,865 :: 		
0x02E3	0x0DF0      	RLF        R0, 1
;__Lib_MathDouble.c,866 :: 		
0x02E4	0x0DF1      	RLF        R1, 1
;__Lib_MathDouble.c,867 :: 		
0x02E5	0x0DF2      	RLF        R2, 1
;__Lib_MathDouble.c,868 :: 		
0x02E6	0x0DA0      	RLF        __math_tempbD, 1
;__Lib_MathDouble.c,870 :: 		
0x02E7	0x0874      	MOVF       R4, 0
;__Lib_MathDouble.c,871 :: 		
0x02E8	0x02F0      	SUBWF      R0, 1
;__Lib_MathDouble.c,872 :: 		
0x02E9	0x0875      	MOVF       R5, 0
;__Lib_MathDouble.c,873 :: 		
0x02EA	0x1C03      	BTFSS      STATUS, 0
;__Lib_MathDouble.c,874 :: 		
0x02EB	0x0F75      	INCFSZ     R5, 0
;__Lib_MathDouble.c,876 :: 		
0x02EC	0x02F1      	SUBWF      R1, 1
;__Lib_MathDouble.c,877 :: 		
0x02ED	0x0876      	MOVF       R6, 0
;__Lib_MathDouble.c,878 :: 		
0x02EE	0x1C03      	BTFSS      STATUS, 0
;__Lib_MathDouble.c,879 :: 		
0x02EF	0x0F76      	INCFSZ     R6, 0
;__Lib_MathDouble.c,881 :: 		
0x02F0	0x02F2      	SUBWF      R2, 1
;__Lib_MathDouble.c,882 :: 		
0x02F1	0x0D76      	RLF        R6, 0
;__Lib_MathDouble.c,883 :: 		
0x02F2	0x04A0      	IORWF      __math_tempbD, 1
;__Lib_MathDouble.c,884 :: 		
0x02F3	0x1C20      	BTFSS      __math_tempbD, 0
;__Lib_MathDouble.c,885 :: 		
0x02F4	0x2AF7      	GOTO       DREST32
;__Lib_MathDouble.c,886 :: 		
0x02F5	0x147D      	BSF        R13, 0
;__Lib_MathDouble.c,887 :: 		
0x02F6	0x2B02      	GOTO       DOK32
;__Lib_MathDouble.c,888 :: 		
DREST32:
;__Lib_MathDouble.c,889 :: 		
0x02F7	0x0874      	MOVF       R4, 0
;__Lib_MathDouble.c,890 :: 		
0x02F8	0x07F0      	ADDWF      R0, 1
;__Lib_MathDouble.c,891 :: 		
0x02F9	0x0875      	MOVF       R5, 0
;__Lib_MathDouble.c,892 :: 		
0x02FA	0x1803      	BTFSC      STATUS, 0
;__Lib_MathDouble.c,893 :: 		
0x02FB	0x0F75      	INCFSZ     R5, 0
;__Lib_MathDouble.c,895 :: 		
0x02FC	0x07F1      	ADDWF      R1, 1
;__Lib_MathDouble.c,896 :: 		
0x02FD	0x0876      	MOVF       R6, 0
;__Lib_MathDouble.c,897 :: 		
0x02FE	0x1803      	BTFSC      STATUS, 0
;__Lib_MathDouble.c,898 :: 		
0x02FF	0x0A76      	INCF       R6, 0
;__Lib_MathDouble.c,899 :: 		
0x0300	0x07F2      	ADDWF      R2, 1
;__Lib_MathDouble.c,900 :: 		
0x0301	0x107D      	BCF        R13, 0
;__Lib_MathDouble.c,901 :: 		
DOK32:
;__Lib_MathDouble.c,903 :: 		
0x0302	0x03FA      	DECF       R10, 1
;__Lib_MathDouble.c,904 :: 		
0x0303	0x301F      	MOVLW      31
;__Lib_MathDouble.c,905 :: 		
0x0304	0x057A      	ANDWF      R10, 0
;__Lib_MathDouble.c,906 :: 		
0x0305	0x1D03      	BTFSS      STATUS, 2
;__Lib_MathDouble.c,907 :: 		
0x0306	0x2AE0      	GOTO       DLOOP32
;__Lib_MathDouble.c,909 :: 		
0x0307	0x1B7B      	BTFSC      R11, 6
;__Lib_MathDouble.c,910 :: 		
0x0308	0x1C7D      	BTFSS      R13, 0
;__Lib_MathDouble.c,911 :: 		
0x0309	0x2B29      	GOTO       DIV32OK
;__Lib_MathDouble.c,912 :: 		
0x030A	0x1003      	BCF        STATUS, 0
;__Lib_MathDouble.c,913 :: 		
0x030B	0x0DF0      	RLF        R0, 1
;__Lib_MathDouble.c,914 :: 		
0x030C	0x0DF1      	RLF        R1, 1
;__Lib_MathDouble.c,915 :: 		
0x030D	0x0DF2      	RLF        R2, 1
;__Lib_MathDouble.c,916 :: 		
0x030E	0x0DA0      	RLF        __math_tempbD, 1
;__Lib_MathDouble.c,918 :: 		
0x030F	0x0874      	MOVF       R4, 0
;__Lib_MathDouble.c,919 :: 		
0x0310	0x02F0      	SUBWF      R0, 1
;__Lib_MathDouble.c,920 :: 		
0x0311	0x0875      	MOVF       R5, 0
;__Lib_MathDouble.c,921 :: 		
0x0312	0x1C03      	BTFSS      STATUS, 0
;__Lib_MathDouble.c,922 :: 		
0x0313	0x0F75      	INCFSZ     R5, 0
;__Lib_MathDouble.c,923 :: 		
0x0314	0x02F1      	SUBWF      R1, 1
;__Lib_MathDouble.c,924 :: 		
0x0315	0x0876      	MOVF       R6, 0
;__Lib_MathDouble.c,925 :: 		
0x0316	0x1C03      	BTFSS      STATUS, 0
;__Lib_MathDouble.c,926 :: 		
0x0317	0x0F76      	INCFSZ     R6, 0
;__Lib_MathDouble.c,927 :: 		
0x0318	0x02F2      	SUBWF      R2, 1
;__Lib_MathDouble.c,928 :: 		
0x0319	0x0D76      	RLF        R6, 0
;__Lib_MathDouble.c,929 :: 		
0x031A	0x0420      	IORWF      __math_tempbD, 0
;__Lib_MathDouble.c,930 :: 		
0x031B	0x3901      	ANDLW      1
;__Lib_MathDouble.c,931 :: 		
0x031C	0x07FD      	ADDWF      R13, 1
;__Lib_MathDouble.c,932 :: 		
0x031D	0x1803      	BTFSC      STATUS, 0
;__Lib_MathDouble.c,933 :: 		
0x031E	0x0AFC      	INCF       R12, 1
;__Lib_MathDouble.c,934 :: 		
0x031F	0x1903      	BTFSC      STATUS, 2
;__Lib_MathDouble.c,935 :: 		
0x0320	0x0AF8      	INCF       R8, 1
;__Lib_MathDouble.c,936 :: 		
0x0321	0x1D03      	BTFSS      STATUS, 2
;__Lib_MathDouble.c,937 :: 		
0x0322	0x2B29      	GOTO       DIV32OK
;__Lib_MathDouble.c,938 :: 		
0x0323	0x0CF8      	RRF        R8, 1
;__Lib_MathDouble.c,939 :: 		
0x0324	0x0CFC      	RRF        R12, 1
;__Lib_MathDouble.c,940 :: 		
0x0325	0x0CFD      	RRF        R13, 1
;__Lib_MathDouble.c,941 :: 		
0x0326	0x0AF3      	INCF       R3, 1
;__Lib_MathDouble.c,942 :: 		
0x0327	0x1903      	BTFSC      STATUS, 2
;__Lib_MathDouble.c,943 :: 		
0x0328	0x2B39      	GOTO       JPDSETFOV32
;__Lib_MathDouble.c,944 :: 		
DIV32OK:
;__Lib_MathDouble.c,945 :: 		
0x0329	0x1FFA      	BTFSS      R10, 7
;__Lib_MathDouble.c,946 :: 		
0x032A	0x13F8      	BCF        R8, 7
;__Lib_MathDouble.c,947 :: 		
0x032B	0x0878      	MOVF       R8, 0
;__Lib_MathDouble.c,948 :: 		
0x032C	0x00F2      	MOVWF      R2
;__Lib_MathDouble.c,949 :: 		
0x032D	0x087C      	MOVF       R12, 0
;__Lib_MathDouble.c,950 :: 		
0x032E	0x00F1      	MOVWF      R1
;__Lib_MathDouble.c,951 :: 		
0x032F	0x087D      	MOVF       R13, 0
;__Lib_MathDouble.c,952 :: 		
0x0330	0x00F0      	MOVWF      R0
;__Lib_MathDouble.c,954 :: 		
0x0331	0x3000      	MOVLW      0
;__Lib_MathDouble.c,956 :: 		
0x0332	0x2B3E      	GOTO       DIV32EEE
;__Lib_MathDouble.c,957 :: 		
JPDSETFDZ32:
;__Lib_MathDouble.c,958 :: 		
0x0333	0x3001      	MOVLW      1
;__Lib_MathDouble.c,961 :: 		
0x0334	0x212B      	CALL       _SETFDZ32
;__Lib_MathDouble.c,963 :: 		
0x0335	0x2B3E      	GOTO       DIV32EEE
;__Lib_MathDouble.c,964 :: 		
JPDRES032:
;__Lib_MathDouble.c,965 :: 		
0x0336	0x3002      	MOVLW      2
;__Lib_MathDouble.c,968 :: 		
0x0337	0x2036      	CALL       _RES032
;__Lib_MathDouble.c,970 :: 		
0x0338	0x2B3E      	GOTO       DIV32EEE
;__Lib_MathDouble.c,971 :: 		
JPDSETFOV32:
;__Lib_MathDouble.c,972 :: 		
0x0339	0x3004      	MOVLW      4
;__Lib_MathDouble.c,975 :: 		
0x033A	0x201A      	CALL       _SETFOV32
;__Lib_MathDouble.c,977 :: 		
0x033B	0x2B3E      	GOTO       DIV32EEE
;__Lib_MathDouble.c,978 :: 		
JPDSETFUN32:
;__Lib_MathDouble.c,979 :: 		
0x033C	0x3008      	MOVLW      8
;__Lib_MathDouble.c,982 :: 		
0x033D	0x202A      	CALL       _SETFUN32
;__Lib_MathDouble.c,984 :: 		
DIV32EEE:
;__Lib_MathDouble.c,985 :: 		
0x033E	0x0000      	NOP
;__Lib_MathDouble.c,994 :: 		
0x033F	0x0008      	RETURN
; end of _Div_32x32_FP
_ADC_Read:
;__Lib_ADC_88X.c,6 :: 		
;__Lib_ADC_88X.c,8 :: 		
0x0340	0x303C      	MOVLW      60
0x0341	0x1283      	BCF        STATUS, 5
0x0342	0x1303      	BCF        STATUS, 6
0x0343	0x059F      	ANDWF      ADCON0, 1
;__Lib_ADC_88X.c,12 :: 		
0x0344	0x30C0      	MOVLW      192
0x0345	0x009F      	MOVWF      ADCON0
;__Lib_ADC_88X.c,13 :: 		
0x0346	0x0845      	MOVF       FARG_ADC_Read_channel, 0
0x0347	0x00F0      	MOVWF      R0
0x0348	0x0DF0      	RLF        R0, 1
0x0349	0x1070      	BCF        R0, 0
0x034A	0x0DF0      	RLF        R0, 1
0x034B	0x1070      	BCF        R0, 0
0x034C	0x0870      	MOVF       R0, 0
0x034D	0x049F      	IORWF      ADCON0, 1
;__Lib_ADC_88X.c,14 :: 		
0x034E	0x1683      	BSF        STATUS, 5
0x034F	0x179F      	BSF        ADCON1, 7
;__Lib_ADC_88X.c,17 :: 		
0x0350	0x1283      	BCF        STATUS, 5
0x0351	0x141F      	BSF        ADCON0, 0
;__Lib_ADC_88X.c,20 :: 		
0x0352	0x2123      	CALL       _Delay_22us
;__Lib_ADC_88X.c,23 :: 		
0x0353	0x149F      	BSF        ADCON0, 1
;__Lib_ADC_88X.c,26 :: 		
L_ADC_Read0:
0x0354	0x1C9F      	BTFSS      ADCON0, 1
0x0355	0x2B58      	GOTO       L_ADC_Read1
;__Lib_ADC_88X.c,27 :: 		
0x0356	0x0000      	NOP
0x0357	0x2B54      	GOTO       L_ADC_Read0
L_ADC_Read1:
;__Lib_ADC_88X.c,30 :: 		
0x0358	0x101F      	BCF        ADCON0, 0
;__Lib_ADC_88X.c,33 :: 		
0x0359	0x081E      	MOVF       ADRESH, 0
0x035A	0x00F1      	MOVWF      R0+1
0x035B	0x01F0      	CLRF       R0
0x035C	0x1683      	BSF        STATUS, 5
0x035D	0x081E      	MOVF       ADRESL, 0
0x035E	0x04F0      	IORWF      R0, 1
0x035F	0x3000      	MOVLW      0
0x0360	0x04F1      	IORWF      R0+1, 1
;__Lib_ADC_88X.c,34 :: 		
0x0361	0x0008      	RETURN
; end of _ADC_Read
_Mul_32x32_FP:
;__Lib_MathDouble.c,610 :: 		
;__Lib_MathDouble.c,622 :: 		
;__Lib_MathDouble.c,624 :: 		
0x0362	0x1283      	BCF        STATUS, 5
;__Lib_MathDouble.c,625 :: 		
0x0363	0x1303      	BCF        STATUS, 6
;__Lib_MathDouble.c,627 :: 		
0x0364	0x01FB      	CLRF       R11
;__Lib_MathDouble.c,628 :: 		
0x0365	0x0873      	MOVF       R3, 0
;__Lib_MathDouble.c,629 :: 		
0x0366	0x1D03      	BTFSS      STATUS, 2
;__Lib_MathDouble.c,630 :: 		
0x0367	0x0877      	MOVF       R7, 0
;__Lib_MathDouble.c,631 :: 		
0x0368	0x1903      	BTFSC      STATUS, 2
;__Lib_MathDouble.c,632 :: 		
0x0369	0x2BB9      	GOTO       JPMRES032
;__Lib_MathDouble.c,634 :: 		
0x036A	0x0872      	MOVF       R2, 0
;__Lib_MathDouble.c,635 :: 		
0x036B	0x0676      	XORWF      R6, 0
;__Lib_MathDouble.c,636 :: 		
0x036C	0x00FA      	MOVWF      R10
;__Lib_MathDouble.c,637 :: 		
0x036D	0x0877      	MOVF       R7, 0
;__Lib_MathDouble.c,638 :: 		
0x036E	0x07F3      	ADDWF      R3, 1
;__Lib_MathDouble.c,639 :: 		
0x036F	0x307E      	MOVLW      126
;__Lib_MathDouble.c,640 :: 		
0x0370	0x1C03      	BTFSS      STATUS, 0
;__Lib_MathDouble.c,641 :: 		
0x0371	0x2B76      	GOTO       MTUN32
;__Lib_MathDouble.c,642 :: 		
0x0372	0x02F3      	SUBWF      R3, 1
;__Lib_MathDouble.c,643 :: 		
0x0373	0x1803      	BTFSC      STATUS, 0
;__Lib_MathDouble.c,644 :: 		
0x0374	0x2BBC      	GOTO       JPMSETFOV32
;__Lib_MathDouble.c,645 :: 		
0x0375	0x2B79      	GOTO       MOK32
;__Lib_MathDouble.c,646 :: 		
MTUN32:
;__Lib_MathDouble.c,647 :: 		
0x0376	0x02F3      	SUBWF      R3, 1
;__Lib_MathDouble.c,648 :: 		
0x0377	0x1C03      	BTFSS      STATUS, 0
;__Lib_MathDouble.c,649 :: 		
0x0378	0x2BBF      	GOTO       JPMSETFUN32
;__Lib_MathDouble.c,650 :: 		
MOK32:
;__Lib_MathDouble.c,651 :: 		
0x0379	0x0872      	MOVF       R2, 0
;__Lib_MathDouble.c,652 :: 		
0x037A	0x00F8      	MOVWF      R8
;__Lib_MathDouble.c,653 :: 		
0x037B	0x0871      	MOVF       R1, 0
;__Lib_MathDouble.c,654 :: 		
0x037C	0x00FC      	MOVWF      R12
;__Lib_MathDouble.c,655 :: 		
0x037D	0x0870      	MOVF       R0, 0
;__Lib_MathDouble.c,656 :: 		
0x037E	0x00FD      	MOVWF      R13
;__Lib_MathDouble.c,657 :: 		
0x037F	0x17F8      	BSF        R8, 7
;__Lib_MathDouble.c,658 :: 		
0x0380	0x17F6      	BSF        R6, 7
;__Lib_MathDouble.c,659 :: 		
0x0381	0x1003      	BCF        STATUS, 0
;__Lib_MathDouble.c,660 :: 		
0x0382	0x01F2      	CLRF       R2
;__Lib_MathDouble.c,661 :: 		
0x0383	0x01F1      	CLRF       R1
;__Lib_MathDouble.c,662 :: 		
0x0384	0x01F0      	CLRF       R0
;__Lib_MathDouble.c,663 :: 		
0x0385	0x3018      	MOVLW      24
;__Lib_MathDouble.c,664 :: 		
0x0386	0x00A0      	MOVWF      __math_tempbD
;__Lib_MathDouble.c,665 :: 		
MLOOP32:
;__Lib_MathDouble.c,666 :: 		
0x0387	0x1C7D      	BTFSS      R13, 0
;__Lib_MathDouble.c,667 :: 		
0x0388	0x2B93      	GOTO       MNOADD32
;__Lib_MathDouble.c,669 :: 		
0x0389	0x0874      	MOVF       R4, 0
;__Lib_MathDouble.c,670 :: 		
0x038A	0x07F0      	ADDWF      R0, 1
;__Lib_MathDouble.c,671 :: 		
0x038B	0x0875      	MOVF       R5, 0
;__Lib_MathDouble.c,672 :: 		
0x038C	0x1803      	BTFSC      STATUS, 0
;__Lib_MathDouble.c,673 :: 		
0x038D	0x0F75      	INCFSZ     R5, 0
;__Lib_MathDouble.c,674 :: 		
0x038E	0x07F1      	ADDWF      R1, 1
;__Lib_MathDouble.c,675 :: 		
0x038F	0x0876      	MOVF       R6, 0
;__Lib_MathDouble.c,676 :: 		
0x0390	0x1803      	BTFSC      STATUS, 0
;__Lib_MathDouble.c,677 :: 		
0x0391	0x0F76      	INCFSZ     R6, 0
;__Lib_MathDouble.c,678 :: 		
0x0392	0x07F2      	ADDWF      R2, 1
;__Lib_MathDouble.c,679 :: 		
MNOADD32:
;__Lib_MathDouble.c,680 :: 		
0x0393	0x0CF2      	RRF        R2, 1
;__Lib_MathDouble.c,681 :: 		
0x0394	0x0CF1      	RRF        R1, 1
;__Lib_MathDouble.c,682 :: 		
0x0395	0x0CF0      	RRF        R0, 1
;__Lib_MathDouble.c,683 :: 		
0x0396	0x0CF8      	RRF        R8, 1
;__Lib_MathDouble.c,684 :: 		
0x0397	0x0CFC      	RRF        R12, 1
;__Lib_MathDouble.c,685 :: 		
0x0398	0x0CFD      	RRF        R13, 1
;__Lib_MathDouble.c,686 :: 		
0x0399	0x1003      	BCF        STATUS, 0
;__Lib_MathDouble.c,687 :: 		
0x039A	0x0BA0      	DECFSZ     __math_tempbD, 1
;__Lib_MathDouble.c,688 :: 		
0x039B	0x2B87      	GOTO       MLOOP32
;__Lib_MathDouble.c,689 :: 		
0x039C	0x1BF2      	BTFSC      R2, 7
;__Lib_MathDouble.c,690 :: 		
0x039D	0x2BA3      	GOTO       MROUND32
;__Lib_MathDouble.c,691 :: 		
0x039E	0x0DF8      	RLF        R8, 1
;__Lib_MathDouble.c,692 :: 		
0x039F	0x0DF0      	RLF        R0, 1
;__Lib_MathDouble.c,693 :: 		
0x03A0	0x0DF1      	RLF        R1, 1
;__Lib_MathDouble.c,694 :: 		
0x03A1	0x0DF2      	RLF        R2, 1
;__Lib_MathDouble.c,695 :: 		
0x03A2	0x03F3      	DECF       R3, 1
;__Lib_MathDouble.c,696 :: 		
MROUND32:
;__Lib_MathDouble.c,697 :: 		
0x03A3	0x1B7B      	BTFSC      R11, 6
;__Lib_MathDouble.c,698 :: 		
0x03A4	0x1C70      	BTFSS      R0, 0
;__Lib_MathDouble.c,699 :: 		
0x03A5	0x2BB5      	GOTO       MUL32OK
;__Lib_MathDouble.c,700 :: 		
0x03A6	0x1FF8      	BTFSS      R8, 7
;__Lib_MathDouble.c,701 :: 		
0x03A7	0x2BB5      	GOTO       MUL32OK
;__Lib_MathDouble.c,702 :: 		
0x03A8	0x0AF0      	INCF       R0, 1
;__Lib_MathDouble.c,703 :: 		
0x03A9	0x1903      	BTFSC      STATUS, 2
;__Lib_MathDouble.c,704 :: 		
0x03AA	0x0AF1      	INCF       R1, 1
;__Lib_MathDouble.c,705 :: 		
0x03AB	0x1903      	BTFSC      STATUS, 2
;__Lib_MathDouble.c,706 :: 		
0x03AC	0x0AF2      	INCF       R2, 1
;__Lib_MathDouble.c,707 :: 		
0x03AD	0x1D03      	BTFSS      STATUS, 2
;__Lib_MathDouble.c,708 :: 		
0x03AE	0x2BB5      	GOTO       MUL32OK
;__Lib_MathDouble.c,709 :: 		
0x03AF	0x0CF2      	RRF        R2, 1
;__Lib_MathDouble.c,710 :: 		
0x03B0	0x0CF1      	RRF        R1, 1
;__Lib_MathDouble.c,711 :: 		
0x03B1	0x0CF0      	RRF        R0, 1
;__Lib_MathDouble.c,712 :: 		
0x03B2	0x0AF3      	INCF       R3, 1
;__Lib_MathDouble.c,713 :: 		
0x03B3	0x1903      	BTFSC      STATUS, 2
;__Lib_MathDouble.c,714 :: 		
0x03B4	0x2BBC      	GOTO       JPMSETFOV32
;__Lib_MathDouble.c,715 :: 		
MUL32OK:
;__Lib_MathDouble.c,716 :: 		
0x03B5	0x1FFA      	BTFSS      R10, 7
;__Lib_MathDouble.c,717 :: 		
0x03B6	0x13F2      	BCF        R2, 7
;__Lib_MathDouble.c,718 :: 		
0x03B7	0x3000      	MOVLW      0
;__Lib_MathDouble.c,720 :: 		
0x03B8	0x2BC1      	GOTO       MUL32EEE
;__Lib_MathDouble.c,721 :: 		
JPMRES032:
;__Lib_MathDouble.c,722 :: 		
0x03B9	0x3001      	MOVLW      1
;__Lib_MathDouble.c,725 :: 		
0x03BA	0x2036      	CALL       _RES032
;__Lib_MathDouble.c,727 :: 		
0x03BB	0x2BC1      	GOTO       MUL32EEE
;__Lib_MathDouble.c,728 :: 		
JPMSETFOV32:
;__Lib_MathDouble.c,729 :: 		
0x03BC	0x3002      	MOVLW      2
;__Lib_MathDouble.c,732 :: 		
0x03BD	0x201A      	CALL       _SETFOV32
;__Lib_MathDouble.c,734 :: 		
0x03BE	0x2BC1      	GOTO       MUL32EEE
;__Lib_MathDouble.c,735 :: 		
JPMSETFUN32:
;__Lib_MathDouble.c,736 :: 		
0x03BF	0x3004      	MOVLW      4
;__Lib_MathDouble.c,739 :: 		
0x03C0	0x202A      	CALL       _SETFUN32
;__Lib_MathDouble.c,741 :: 		
MUL32EEE:
;__Lib_MathDouble.c,742 :: 		
0x03C1	0x0000      	NOP
;__Lib_MathDouble.c,749 :: 		
0x03C2	0x0008      	RETURN
; end of _Mul_32x32_FP
_Word2Double:
;__Lib_MathDouble.c,1862 :: 		
;__Lib_MathDouble.c,1868 :: 		
0x03C3	0x1283      	BCF        STATUS, 5
;__Lib_MathDouble.c,1869 :: 		
0x03C4	0x1303      	BCF        STATUS, 6
;__Lib_MathDouble.c,1870 :: 		
0x03C5	0x0870      	MOVF       R0, 0
;__Lib_MathDouble.c,1871 :: 		
0x03C6	0x00F8      	MOVWF      R8
;__Lib_MathDouble.c,1872 :: 		
0x03C7	0x0871      	MOVF       R1, 0
;__Lib_MathDouble.c,1873 :: 		
0x03C8	0x00F0      	MOVWF      R0
;__Lib_MathDouble.c,1874 :: 		
0x03C9	0x01F1      	CLRF       R1
;__Lib_MathDouble.c,1875 :: 		
0x03CA	0x01F2      	CLRF       R2
;__Lib_MathDouble.c,1876 :: 		
0x03CB	0x01F3      	CLRF       R3
;__Lib_MathDouble.c,1879 :: 		
0x03CC	0x01FB      	CLRF       R11
;__Lib_MathDouble.c,1880 :: 		
0x03CD	0x01FC      	CLRF       R12
;__Lib_MathDouble.c,1882 :: 		
0x03CE	0x3096      	MOVLW      150
;__Lib_MathDouble.c,1883 :: 		
0x03CF	0x00F3      	MOVWF      R3
;__Lib_MathDouble.c,1884 :: 		
0x03D0	0x01FA      	CLRF       R10
;__Lib_MathDouble.c,1886 :: 		
0x03D1	0x0870      	MOVF       R0, 0
;__Lib_MathDouble.c,1887 :: 		
0x03D2	0x00F1      	MOVWF      R1
;__Lib_MathDouble.c,1888 :: 		
0x03D3	0x0878      	MOVF       R8, 0
;__Lib_MathDouble.c,1889 :: 		
0x03D4	0x00F0      	MOVWF      R0
;__Lib_MathDouble.c,1890 :: 		
0x03D5	0x01F8      	CLRF       R8
;__Lib_MathDouble.c,1891 :: 		
0x03D6	0x01F2      	CLRF       R2
;__Lib_MathDouble.c,1893 :: 		
0x03D7	0x2097      	CALL       _NRM3232
;__Lib_MathDouble.c,1894 :: 		
0x03D8	0x0008      	RETURN
; end of _Word2Double
___CC2DW:
;__Lib_System.c,24 :: 		
;__Lib_System.c,27 :: 		
_CC2D_Loop1:
;__Lib_System.c,29 :: 		
0x03D9	0x2183      	CALL       _____DoICP
0x03DA	0x118A      	BCF        PCLATH, 3
0x03DB	0x120A      	BCF        PCLATH, 4
;__Lib_System.c,31 :: 		
0x03DC	0x0080      	MOVWF      INDF
;__Lib_System.c,32 :: 		
0x03DD	0x0A84      	INCF       FSR, 1
;__Lib_System.c,33 :: 		
0x03DE	0x0AAD      	INCF       ___DoICPAddr, 1
;__Lib_System.c,35 :: 		
0x03DF	0x1903      	BTFSC      STATUS, 2
;__Lib_System.c,36 :: 		
0x03E0	0x0AAE      	INCF       ___DoICPAddr+1, 1
;__Lib_System.c,37 :: 		
0x03E1	0x03F0      	DECF       R0, 1
;__Lib_System.c,39 :: 		
0x03E2	0x1D03      	BTFSS      STATUS, 2
;__Lib_System.c,40 :: 		
0x03E3	0x2BD9      	GOTO       _CC2D_Loop1
;__Lib_System.c,42 :: 		
0x03E4	0x0008      	RETURN
; end of ___CC2DW
_Lcd_Out:
;__Lib_Lcd.c,184 :: 		
;__Lib_Lcd.c,187 :: 		
0x03E5	0x2BF7      	GOTO       L_Lcd_Out11
;__Lib_Lcd.c,188 :: 		
L_Lcd_Out13:
0x03E6	0x3080      	MOVLW      128
0x03E7	0x1283      	BCF        STATUS, 5
0x03E8	0x1303      	BCF        STATUS, 6
0x03E9	0x00C5      	MOVWF      FARG_Lcd_Out_row
0x03EA	0x2C0A      	GOTO       L_Lcd_Out12
;__Lib_Lcd.c,189 :: 		
L_Lcd_Out14:
0x03EB	0x30C0      	MOVLW      192
0x03EC	0x00C5      	MOVWF      FARG_Lcd_Out_row
0x03ED	0x2C0A      	GOTO       L_Lcd_Out12
;__Lib_Lcd.c,190 :: 		
L_Lcd_Out15:
0x03EE	0x3094      	MOVLW      148
0x03EF	0x00C5      	MOVWF      FARG_Lcd_Out_row
0x03F0	0x2C0A      	GOTO       L_Lcd_Out12
;__Lib_Lcd.c,191 :: 		
L_Lcd_Out16:
0x03F1	0x30D4      	MOVLW      212
0x03F2	0x00C5      	MOVWF      FARG_Lcd_Out_row
0x03F3	0x2C0A      	GOTO       L_Lcd_Out12
;__Lib_Lcd.c,192 :: 		
L_Lcd_Out17:
0x03F4	0x3080      	MOVLW      128
0x03F5	0x00C5      	MOVWF      FARG_Lcd_Out_row
;__Lib_Lcd.c,193 :: 		
0x03F6	0x2C0A      	GOTO       L_Lcd_Out12
L_Lcd_Out11:
0x03F7	0x1283      	BCF        STATUS, 5
0x03F8	0x1303      	BCF        STATUS, 6
0x03F9	0x0845      	MOVF       FARG_Lcd_Out_row, 0
0x03FA	0x3A01      	XORLW      1
0x03FB	0x1903      	BTFSC      STATUS, 2
0x03FC	0x2BE6      	GOTO       L_Lcd_Out13
0x03FD	0x0845      	MOVF       FARG_Lcd_Out_row, 0
0x03FE	0x3A02      	XORLW      2
0x03FF	0x1903      	BTFSC      STATUS, 2
0x0400	0x2BEB      	GOTO       L_Lcd_Out14
0x0401	0x0845      	MOVF       FARG_Lcd_Out_row, 0
0x0402	0x3A03      	XORLW      3
0x0403	0x1903      	BTFSC      STATUS, 2
0x0404	0x2BEE      	GOTO       L_Lcd_Out15
0x0405	0x0845      	MOVF       FARG_Lcd_Out_row, 0
0x0406	0x3A04      	XORLW      4
0x0407	0x1903      	BTFSC      STATUS, 2
0x0408	0x2BF1      	GOTO       L_Lcd_Out16
0x0409	0x2BF4      	GOTO       L_Lcd_Out17
L_Lcd_Out12:
;__Lib_Lcd.c,194 :: 		
0x040A	0x0346      	DECF       FARG_Lcd_Out_column, 0
0x040B	0x00F0      	MOVWF      R0
0x040C	0x0845      	MOVF       FARG_Lcd_Out_row, 0
0x040D	0x07F0      	ADDWF      R0, 1
0x040E	0x0870      	MOVF       R0, 0
0x040F	0x00C5      	MOVWF      FARG_Lcd_Out_row
;__Lib_Lcd.c,196 :: 		
0x0410	0x0870      	MOVF       R0, 0
0x0411	0x00D3      	MOVWF      FARG_Lcd_Cmd_out_char
0x0412	0x20E3      	CALL       _Lcd_Cmd
;__Lib_Lcd.c,197 :: 		
0x0413	0x102C      	BCF        __Lib_Lcd_cmd_status, BitPos(__Lib_Lcd_cmd_status+0)
;__Lib_Lcd.c,198 :: 		
0x0414	0x01C8      	CLRF       Lcd_Out_i_L0
;__Lib_Lcd.c,199 :: 		
L_Lcd_Out18:
0x0415	0x0848      	MOVF       Lcd_Out_i_L0, 0
0x0416	0x0747      	ADDWF      FARG_Lcd_Out_text, 0
0x0417	0x0084      	MOVWF      FSR
0x0418	0x0800      	MOVF       INDF, 0
0x0419	0x1903      	BTFSC      STATUS, 2
0x041A	0x2C23      	GOTO       L_Lcd_Out19
;__Lib_Lcd.c,200 :: 		
0x041B	0x0848      	MOVF       Lcd_Out_i_L0, 0
0x041C	0x0747      	ADDWF      FARG_Lcd_Out_text, 0
0x041D	0x0084      	MOVWF      FSR
0x041E	0x0800      	MOVF       INDF, 0
0x041F	0x00CE      	MOVWF      FARG_Lcd_Chr_CP_out_char
0x0420	0x212E      	CALL       _Lcd_Chr_CP
0x0421	0x0AC8      	INCF       Lcd_Out_i_L0, 1
0x0422	0x2C15      	GOTO       L_Lcd_Out18
L_Lcd_Out19:
;__Lib_Lcd.c,201 :: 		
0x0423	0x142C      	BSF        __Lib_Lcd_cmd_status, BitPos(__Lib_Lcd_cmd_status+0)
;__Lib_Lcd.c,202 :: 		
0x0424	0x0008      	RETURN
; end of _Lcd_Out
_Lcd_Init:
;__Lib_Lcd.c,84 :: 		
;__Lib_Lcd.c,86 :: 		
0x0425	0x1683      	BSF        STATUS, 5
0x0426	0x1303      	BCF        STATUS, 6
0x0427	0x1108      	BCF        LCD_EN_Direction, BitPos(LCD_EN_Direction+0)
;__Lib_Lcd.c,87 :: 		
0x0428	0x1088      	BCF        LCD_RS_Direction, BitPos(LCD_RS_Direction+0)
;__Lib_Lcd.c,88 :: 		
0x0429	0x1208      	BCF        LCD_D4_Direction, BitPos(LCD_D4_Direction+0)
;__Lib_Lcd.c,89 :: 		
0x042A	0x1288      	BCF        LCD_D5_Direction, BitPos(LCD_D5_Direction+0)
;__Lib_Lcd.c,90 :: 		
0x042B	0x1308      	BCF        LCD_D6_Direction, BitPos(LCD_D6_Direction+0)
;__Lib_Lcd.c,91 :: 		
0x042C	0x1388      	BCF        LCD_D7_Direction, BitPos(LCD_D7_Direction+0)
;__Lib_Lcd.c,93 :: 		
0x042D	0x1283      	BCF        STATUS, 5
0x042E	0x1108      	BCF        LCD_EN, BitPos(LCD_EN+0)
;__Lib_Lcd.c,94 :: 		
0x042F	0x1088      	BCF        LCD_RS, BitPos(LCD_RS+0)
;__Lib_Lcd.c,95 :: 		
0x0430	0x1388      	BCF        LCD_D7, BitPos(LCD_D7+0)
;__Lib_Lcd.c,96 :: 		
0x0431	0x1308      	BCF        LCD_D6, BitPos(LCD_D6+0)
;__Lib_Lcd.c,97 :: 		
0x0432	0x1288      	BCF        LCD_D5, BitPos(LCD_D5+0)
;__Lib_Lcd.c,98 :: 		
0x0433	0x1208      	BCF        LCD_D4, BitPos(LCD_D4+0)
;__Lib_Lcd.c,100 :: 		
0x0434	0x2003      	CALL       _Delay_5500us
;__Lib_Lcd.c,101 :: 		
0x0435	0x2003      	CALL       _Delay_5500us
;__Lib_Lcd.c,102 :: 		
0x0436	0x2003      	CALL       _Delay_5500us
;__Lib_Lcd.c,105 :: 		
0x0437	0x1688      	BSF        LCD_D5, BitPos(LCD_D5+0)
;__Lib_Lcd.c,106 :: 		
0x0438	0x1608      	BSF        LCD_D4, BitPos(LCD_D4+0)
;__Lib_Lcd.c,107 :: 		
0x0439	0x1508      	BSF        LCD_EN, BitPos(LCD_EN+0)
;__Lib_Lcd.c,108 :: 		
0x043A	0x2017      	CALL       _Delay_1us
;__Lib_Lcd.c,109 :: 		
0x043B	0x1108      	BCF        LCD_EN, BitPos(LCD_EN+0)
;__Lib_Lcd.c,110 :: 		
0x043C	0x2003      	CALL       _Delay_5500us
;__Lib_Lcd.c,112 :: 		
0x043D	0x1508      	BSF        LCD_EN, BitPos(LCD_EN+0)
;__Lib_Lcd.c,113 :: 		
0x043E	0x2017      	CALL       _Delay_1us
;__Lib_Lcd.c,114 :: 		
0x043F	0x1108      	BCF        LCD_EN, BitPos(LCD_EN+0)
;__Lib_Lcd.c,115 :: 		
0x0440	0x2003      	CALL       _Delay_5500us
;__Lib_Lcd.c,117 :: 		
0x0441	0x1508      	BSF        LCD_EN, BitPos(LCD_EN+0)
;__Lib_Lcd.c,118 :: 		
0x0442	0x2017      	CALL       _Delay_1us
;__Lib_Lcd.c,119 :: 		
0x0443	0x1108      	BCF        LCD_EN, BitPos(LCD_EN+0)
;__Lib_Lcd.c,120 :: 		
0x0444	0x2003      	CALL       _Delay_5500us
;__Lib_Lcd.c,123 :: 		
0x0445	0x1208      	BCF        LCD_D4, BitPos(LCD_D4+0)
;__Lib_Lcd.c,124 :: 		
0x0446	0x1508      	BSF        LCD_EN, BitPos(LCD_EN+0)
;__Lib_Lcd.c,125 :: 		
0x0447	0x2017      	CALL       _Delay_1us
;__Lib_Lcd.c,126 :: 		
0x0448	0x1108      	BCF        LCD_EN, BitPos(LCD_EN+0)
;__Lib_Lcd.c,127 :: 		
0x0449	0x2003      	CALL       _Delay_5500us
;__Lib_Lcd.c,130 :: 		
0x044A	0x1508      	BSF        LCD_EN, BitPos(LCD_EN+0)
;__Lib_Lcd.c,131 :: 		
0x044B	0x2017      	CALL       _Delay_1us
;__Lib_Lcd.c,132 :: 		
0x044C	0x1108      	BCF        LCD_EN, BitPos(LCD_EN+0)
;__Lib_Lcd.c,134 :: 		
0x044D	0x1288      	BCF        LCD_D5, BitPos(LCD_D5+0)
;__Lib_Lcd.c,135 :: 		
0x044E	0x1788      	BSF        LCD_D7, BitPos(LCD_D7+0)
;__Lib_Lcd.c,136 :: 		
0x044F	0x1508      	BSF        LCD_EN, BitPos(LCD_EN+0)
;__Lib_Lcd.c,137 :: 		
0x0450	0x2017      	CALL       _Delay_1us
;__Lib_Lcd.c,138 :: 		
0x0451	0x1108      	BCF        LCD_EN, BitPos(LCD_EN+0)
;__Lib_Lcd.c,139 :: 		
0x0452	0x2003      	CALL       _Delay_5500us
;__Lib_Lcd.c,142 :: 		
0x0453	0x1388      	BCF        LCD_D7, BitPos(LCD_D7+0)
;__Lib_Lcd.c,143 :: 		
0x0454	0x1608      	BSF        LCD_D4, BitPos(LCD_D4+0)
;__Lib_Lcd.c,144 :: 		
0x0455	0x1508      	BSF        LCD_EN, BitPos(LCD_EN+0)
;__Lib_Lcd.c,145 :: 		
0x0456	0x2017      	CALL       _Delay_1us
;__Lib_Lcd.c,146 :: 		
0x0457	0x1108      	BCF        LCD_EN, BitPos(LCD_EN+0)
;__Lib_Lcd.c,148 :: 		
0x0458	0x1208      	BCF        LCD_D4, BitPos(LCD_D4+0)
;__Lib_Lcd.c,149 :: 		
0x0459	0x1508      	BSF        LCD_EN, BitPos(LCD_EN+0)
;__Lib_Lcd.c,150 :: 		
0x045A	0x2017      	CALL       _Delay_1us
;__Lib_Lcd.c,151 :: 		
0x045B	0x1108      	BCF        LCD_EN, BitPos(LCD_EN+0)
;__Lib_Lcd.c,152 :: 		
0x045C	0x2003      	CALL       _Delay_5500us
;__Lib_Lcd.c,155 :: 		
0x045D	0x1508      	BSF        LCD_EN, BitPos(LCD_EN+0)
;__Lib_Lcd.c,156 :: 		
0x045E	0x2017      	CALL       _Delay_1us
;__Lib_Lcd.c,157 :: 		
0x045F	0x1108      	BCF        LCD_EN, BitPos(LCD_EN+0)
;__Lib_Lcd.c,159 :: 		
0x0460	0x1608      	BSF        LCD_D4, BitPos(LCD_D4+0)
;__Lib_Lcd.c,160 :: 		
0x0461	0x1508      	BSF        LCD_EN, BitPos(LCD_EN+0)
;__Lib_Lcd.c,161 :: 		
0x0462	0x2017      	CALL       _Delay_1us
;__Lib_Lcd.c,162 :: 		
0x0463	0x1108      	BCF        LCD_EN, BitPos(LCD_EN+0)
;__Lib_Lcd.c,163 :: 		
0x0464	0x2003      	CALL       _Delay_5500us
;__Lib_Lcd.c,166 :: 		
0x0465	0x1208      	BCF        LCD_D4, BitPos(LCD_D4+0)
;__Lib_Lcd.c,167 :: 		
0x0466	0x1508      	BSF        LCD_EN, BitPos(LCD_EN+0)
;__Lib_Lcd.c,168 :: 		
0x0467	0x2017      	CALL       _Delay_1us
;__Lib_Lcd.c,169 :: 		
0x0468	0x1108      	BCF        LCD_EN, BitPos(LCD_EN+0)
;__Lib_Lcd.c,171 :: 		
0x0469	0x1788      	BSF        LCD_D7, BitPos(LCD_D7+0)
;__Lib_Lcd.c,172 :: 		
0x046A	0x1708      	BSF        LCD_D6, BitPos(LCD_D6+0)
;__Lib_Lcd.c,173 :: 		
0x046B	0x1688      	BSF        LCD_D5, BitPos(LCD_D5+0)
;__Lib_Lcd.c,174 :: 		
0x046C	0x1608      	BSF        LCD_D4, BitPos(LCD_D4+0)
;__Lib_Lcd.c,175 :: 		
0x046D	0x1508      	BSF        LCD_EN, BitPos(LCD_EN+0)
;__Lib_Lcd.c,176 :: 		
0x046E	0x2017      	CALL       _Delay_1us
;__Lib_Lcd.c,177 :: 		
0x046F	0x1108      	BCF        LCD_EN, BitPos(LCD_EN+0)
;__Lib_Lcd.c,179 :: 		
0x0470	0x2003      	CALL       _Delay_5500us
;__Lib_Lcd.c,181 :: 		
0x0471	0x142C      	BSF        __Lib_Lcd_cmd_status, BitPos(__Lib_Lcd_cmd_status+0)
;__Lib_Lcd.c,182 :: 		
0x0472	0x0008      	RETURN
; end of _Lcd_Init
_Sub_32x32_FP:
;__Lib_MathDouble.c,593 :: 		
;__Lib_MathDouble.c,596 :: 		
0x0473	0x1283      	BCF        STATUS, 5
;__Lib_MathDouble.c,597 :: 		
0x0474	0x1303      	BCF        STATUS, 6
;__Lib_MathDouble.c,598 :: 		
0x0475	0x3080      	MOVLW      128
;__Lib_MathDouble.c,599 :: 		
0x0476	0x06F6      	XORWF      R6, 1
;__Lib_MathDouble.c,601 :: 		
0x0477	0x218A      	CALL       _Add_32x32_FP
;__Lib_MathDouble.c,602 :: 		
0x0478	0x0008      	RETURN
; end of _Sub_32x32_FP
_IntToStr:
;__Lib_Conversions.c,69 :: 		
;__Lib_Conversions.c,75 :: 		
0x0479	0x1283      	BCF        STATUS, 5
0x047A	0x1303      	BCF        STATUS, 6
0x047B	0x01CA      	CLRF       IntToStr_negative_L0
0x047C	0x01CB      	CLRF       IntToStr_negative_L0+1
;__Lib_Conversions.c,76 :: 		
0x047D	0x0845      	MOVF       FARG_IntToStr_input, 0
0x047E	0x00CC      	MOVWF      IntToStr_inword_L0
0x047F	0x0846      	MOVF       FARG_IntToStr_input+1, 0
0x0480	0x00CD      	MOVWF      IntToStr_inword_L0+1
;__Lib_Conversions.c,77 :: 		
0x0481	0x3080      	MOVLW      128
0x0482	0x0646      	XORWF      FARG_IntToStr_input+1, 0
0x0483	0x00F0      	MOVWF      R0
0x0484	0x3080      	MOVLW      128
0x0485	0x0270      	SUBWF      R0, 0
0x0486	0x1D03      	BTFSS      STATUS, 2
0x0487	0x2C8A      	GOTO       L__IntToStr65
0x0488	0x3000      	MOVLW      0
0x0489	0x0245      	SUBWF      FARG_IntToStr_input, 0
L__IntToStr65:
0x048A	0x1803      	BTFSC      STATUS, 0
0x048B	0x2C98      	GOTO       L_IntToStr18
;__Lib_Conversions.c,78 :: 		
0x048C	0x3001      	MOVLW      1
0x048D	0x00CA      	MOVWF      IntToStr_negative_L0
0x048E	0x3000      	MOVLW      0
0x048F	0x00CB      	MOVWF      IntToStr_negative_L0+1
;__Lib_Conversions.c,79 :: 		
0x0490	0x0845      	MOVF       FARG_IntToStr_input, 0
0x0491	0x3C00      	SUBLW      0
0x0492	0x00CC      	MOVWF      IntToStr_inword_L0
0x0493	0x0846      	MOVF       FARG_IntToStr_input+1, 0
0x0494	0x1C03      	BTFSS      STATUS, 0
0x0495	0x3E01      	ADDLW      1
0x0496	0x01CD      	CLRF       IntToStr_inword_L0+1
0x0497	0x02CD      	SUBWF      IntToStr_inword_L0+1, 1
;__Lib_Conversions.c,80 :: 		
L_IntToStr18:
;__Lib_Conversions.c,81 :: 		
0x0498	0x084C      	MOVF       IntToStr_inword_L0, 0
0x0499	0x00CE      	MOVWF      FARG_WordToStr_input
0x049A	0x084D      	MOVF       IntToStr_inword_L0+1, 0
0x049B	0x00CF      	MOVWF      FARG_WordToStr_input+1
0x049C	0x0847      	MOVF       FARG_IntToStr_output, 0
0x049D	0x00D0      	MOVWF      FARG_WordToStr_output
0x049E	0x2136      	CALL       _WordToStr
;__Lib_Conversions.c,83 :: 		
0x049F	0x3006      	MOVLW      6
0x04A0	0x00C8      	MOVWF      IntToStr_i_L0
0x04A1	0x3000      	MOVLW      0
0x04A2	0x00C9      	MOVWF      IntToStr_i_L0+1
;__Lib_Conversions.c,84 :: 		
L_IntToStr19:
0x04A3	0x0849      	MOVF       IntToStr_i_L0+1, 0
0x04A4	0x3C00      	SUBLW      0
0x04A5	0x1D03      	BTFSS      STATUS, 2
0x04A6	0x2CA9      	GOTO       L__IntToStr66
0x04A7	0x0848      	MOVF       IntToStr_i_L0, 0
0x04A8	0x3C00      	SUBLW      0
L__IntToStr66:
0x04A9	0x1803      	BTFSC      STATUS, 0
0x04AA	0x2CC4      	GOTO       L_IntToStr20
;__Lib_Conversions.c,85 :: 		
0x04AB	0x0848      	MOVF       IntToStr_i_L0, 0
0x04AC	0x0747      	ADDWF      FARG_IntToStr_output, 0
0x04AD	0x00F2      	MOVWF      R2
0x04AE	0x3001      	MOVLW      1
0x04AF	0x0248      	SUBWF      IntToStr_i_L0, 0
0x04B0	0x00F0      	MOVWF      R0
0x04B1	0x3000      	MOVLW      0
0x04B2	0x1C03      	BTFSS      STATUS, 0
0x04B3	0x3E01      	ADDLW      1
0x04B4	0x0249      	SUBWF      IntToStr_i_L0+1, 0
0x04B5	0x00F1      	MOVWF      R0+1
0x04B6	0x0870      	MOVF       R0, 0
0x04B7	0x0747      	ADDWF      FARG_IntToStr_output, 0
0x04B8	0x0084      	MOVWF      FSR
0x04B9	0x0800      	MOVF       INDF, 0
0x04BA	0x00F0      	MOVWF      R0
0x04BB	0x0872      	MOVF       R2, 0
0x04BC	0x0084      	MOVWF      FSR
0x04BD	0x0870      	MOVF       R0, 0
0x04BE	0x0080      	MOVWF      INDF
;__Lib_Conversions.c,86 :: 		
0x04BF	0x3001      	MOVLW      1
0x04C0	0x02C8      	SUBWF      IntToStr_i_L0, 1
0x04C1	0x1C03      	BTFSS      STATUS, 0
0x04C2	0x03C9      	DECF       IntToStr_i_L0+1, 1
;__Lib_Conversions.c,87 :: 		
0x04C3	0x2CA3      	GOTO       L_IntToStr19
L_IntToStr20:
;__Lib_Conversions.c,88 :: 		
0x04C4	0x0847      	MOVF       FARG_IntToStr_output, 0
0x04C5	0x0084      	MOVWF      FSR
0x04C6	0x3020      	MOVLW      32
0x04C7	0x0080      	MOVWF      INDF
;__Lib_Conversions.c,89 :: 		
0x04C8	0x084A      	MOVF       IntToStr_negative_L0, 0
0x04C9	0x044B      	IORWF      IntToStr_negative_L0+1, 0
0x04CA	0x1903      	BTFSC      STATUS, 2
0x04CB	0x2CE2      	GOTO       L_IntToStr21
;__Lib_Conversions.c,90 :: 		
0x04CC	0x01C8      	CLRF       IntToStr_i_L0
0x04CD	0x01C9      	CLRF       IntToStr_i_L0+1
;__Lib_Conversions.c,91 :: 		
L_IntToStr22:
0x04CE	0x0848      	MOVF       IntToStr_i_L0, 0
0x04CF	0x0747      	ADDWF      FARG_IntToStr_output, 0
0x04D0	0x0084      	MOVWF      FSR
0x04D1	0x0800      	MOVF       INDF, 0
0x04D2	0x3A20      	XORLW      32
0x04D3	0x1D03      	BTFSS      STATUS, 2
0x04D4	0x2CD9      	GOTO       L_IntToStr23
0x04D5	0x0AC8      	INCF       IntToStr_i_L0, 1
0x04D6	0x1903      	BTFSC      STATUS, 2
0x04D7	0x0AC9      	INCF       IntToStr_i_L0+1, 1
0x04D8	0x2CCE      	GOTO       L_IntToStr22
L_IntToStr23:
;__Lib_Conversions.c,92 :: 		
0x04D9	0x3001      	MOVLW      1
0x04DA	0x02C8      	SUBWF      IntToStr_i_L0, 1
0x04DB	0x1C03      	BTFSS      STATUS, 0
0x04DC	0x03C9      	DECF       IntToStr_i_L0+1, 1
;__Lib_Conversions.c,93 :: 		
0x04DD	0x0848      	MOVF       IntToStr_i_L0, 0
0x04DE	0x0747      	ADDWF      FARG_IntToStr_output, 0
0x04DF	0x0084      	MOVWF      FSR
0x04E0	0x302D      	MOVLW      45
0x04E1	0x0080      	MOVWF      INDF
L_IntToStr21:
;__Lib_Conversions.c,94 :: 		
0x04E2	0x0008      	RETURN
; end of _IntToStr
_main:
0x04E3	0x3052      	MOVLW      82
0x04E4	0x1283      	BCF        STATUS, 5
0x04E5	0x1303      	BCF        STATUS, 6
0x04E6	0x00A1      	MOVWF      ?lstr2_combinacion_32sensores_32_32foto_32y_32temperatura
0x04E7	0x3065      	MOVLW      101
0x04E8	0x00A2      	MOVWF      34
0x04E9	0x3073      	MOVLW      115
0x04EA	0x00A3      	MOVWF      35
0x04EB	0x303A      	MOVLW      58
0x04EC	0x00A4      	MOVWF      36
0x04ED	0x01A5      	CLRF       37
0x04EE	0x3054      	MOVLW      84
0x04EF	0x00A6      	MOVWF      ?lstr1_combinacion_32sensores_32_32foto_32y_32temperatura
0x04F0	0x3065      	MOVLW      101
0x04F1	0x00A7      	MOVWF      39
0x04F2	0x306D      	MOVLW      109
0x04F3	0x00A8      	MOVWF      40
0x04F4	0x3070      	MOVLW      112
0x04F5	0x00A9      	MOVWF      41
0x04F6	0x303A      	MOVLW      58
0x04F7	0x00AA      	MOVWF      42
0x04F8	0x01AB      	CLRF       43
;combinacion sensores  foto y temperatura.c,20 :: 		void main( void )
;combinacion sensores  foto y temperatura.c,25 :: 		ADCON1 = 0b11000001;
0x04F9	0x30C1      	MOVLW      193
0x04FA	0x1683      	BSF        STATUS, 5
0x04FB	0x009F      	MOVWF      ADCON1
;combinacion sensores  foto y temperatura.c,26 :: 		Lcd_Init();
0x04FC	0x2425      	CALL       _Lcd_Init
;combinacion sensores  foto y temperatura.c,27 :: 		Lcd_Cmd(_LCD_CURSOR_OFF);
0x04FD	0x300C      	MOVLW      12
0x04FE	0x00D3      	MOVWF      FARG_Lcd_Cmd_out_char
0x04FF	0x20E3      	CALL       _Lcd_Cmd
;combinacion sensores  foto y temperatura.c,28 :: 		Lcd_Out( 1, 1, "Temp:");
0x0500	0x3001      	MOVLW      1
0x0501	0x00C5      	MOVWF      FARG_Lcd_Out_row
0x0502	0x3001      	MOVLW      1
0x0503	0x00C6      	MOVWF      FARG_Lcd_Out_column
0x0504	0x3026      	MOVLW      ?lstr1_combinacion_32sensores_32_32foto_32y_32temperatura
0x0505	0x00C7      	MOVWF      FARG_Lcd_Out_text
0x0506	0x23E5      	CALL       _Lcd_Out
;combinacion sensores  foto y temperatura.c,29 :: 		Lcd_Out( 2, 1, "Res:");
0x0507	0x3002      	MOVLW      2
0x0508	0x00C5      	MOVWF      FARG_Lcd_Out_row
0x0509	0x3001      	MOVLW      1
0x050A	0x00C6      	MOVWF      FARG_Lcd_Out_column
0x050B	0x3021      	MOVLW      ?lstr2_combinacion_32sensores_32_32foto_32y_32temperatura
0x050C	0x00C7      	MOVWF      FARG_Lcd_Out_text
0x050D	0x23E5      	CALL       _Lcd_Out
;combinacion sensores  foto y temperatura.c,32 :: 		while(1)
L_main0:
;combinacion sensores  foto y temperatura.c,34 :: 		Radc = ADC_Read(0);
0x050E	0x01C5      	CLRF       FARG_ADC_Read_channel
0x050F	0x2340      	CALL       _ADC_Read
0x0510	0x0870      	MOVF       R0, 0
0x0511	0x1283      	BCF        STATUS, 5
0x0512	0x00AF      	MOVWF      main_Radc_L0
0x0513	0x0871      	MOVF       R0+1, 0
0x0514	0x00B0      	MOVWF      main_Radc_L0+1
;combinacion sensores  foto y temperatura.c,35 :: 		Tem = 0.244*Radc;
0x0515	0x23C3      	CALL       _Word2Double
0x0516	0x3023      	MOVLW      35
0x0517	0x00F4      	MOVWF      R4
0x0518	0x30DB      	MOVLW      219
0x0519	0x00F5      	MOVWF      R4+1
0x051A	0x3079      	MOVLW      121
0x051B	0x00F6      	MOVWF      R4+2
0x051C	0x307C      	MOVLW      124
0x051D	0x00F7      	MOVWF      R4+3
0x051E	0x2362      	CALL       _Mul_32x32_FP
;combinacion sensores  foto y temperatura.c,36 :: 		Temi=Tem;
0x051F	0x222A      	CALL       _Double2Word
;combinacion sensores  foto y temperatura.c,37 :: 		IntToStr( Temi, Text );
0x0520	0x0870      	MOVF       R0, 0
0x0521	0x00C5      	MOVWF      FARG_IntToStr_input
0x0522	0x0871      	MOVF       R0+1, 0
0x0523	0x00C6      	MOVWF      FARG_IntToStr_input+1
0x0524	0x3031      	MOVLW      main_Text_L0
0x0525	0x00C7      	MOVWF      FARG_IntToStr_output
0x0526	0x2479      	CALL       _IntToStr
;combinacion sensores  foto y temperatura.c,38 :: 		Lcd_Out( 1, 5, Text);
0x0527	0x3001      	MOVLW      1
0x0528	0x00C5      	MOVWF      FARG_Lcd_Out_row
0x0529	0x3005      	MOVLW      5
0x052A	0x00C6      	MOVWF      FARG_Lcd_Out_column
0x052B	0x3031      	MOVLW      main_Text_L0
0x052C	0x00C7      	MOVWF      FARG_Lcd_Out_text
0x052D	0x23E5      	CALL       _Lcd_Out
;combinacion sensores  foto y temperatura.c,39 :: 		Radc= ADC_Read(1);
0x052E	0x3001      	MOVLW      1
0x052F	0x00C5      	MOVWF      FARG_ADC_Read_channel
0x0530	0x2340      	CALL       _ADC_Read
0x0531	0x0870      	MOVF       R0, 0
0x0532	0x1283      	BCF        STATUS, 5
0x0533	0x00AF      	MOVWF      main_Radc_L0
0x0534	0x0871      	MOVF       R0+1, 0
0x0535	0x00B0      	MOVWF      main_Radc_L0+1
;combinacion sensores  foto y temperatura.c,40 :: 		DisI = (Radc*48.87585533)/(5.0-Radc*0.004887585);
0x0536	0x23C3      	CALL       _Word2Double
0x0537	0x30E0      	MOVLW      224
0x0538	0x00F4      	MOVWF      R4
0x0539	0x3080      	MOVLW      128
0x053A	0x00F5      	MOVWF      R4+1
0x053B	0x3043      	MOVLW      67
0x053C	0x00F6      	MOVWF      R4+2
0x053D	0x3084      	MOVLW      132
0x053E	0x00F7      	MOVWF      R4+3
0x053F	0x2362      	CALL       _Mul_32x32_FP
0x0540	0x0870      	MOVF       R0, 0
0x0541	0x00C1      	MOVWF      FLOC__main
0x0542	0x0871      	MOVF       R0+1, 0
0x0543	0x00C2      	MOVWF      FLOC__main+1
0x0544	0x0872      	MOVF       R0+2, 0
0x0545	0x00C3      	MOVWF      FLOC__main+2
0x0546	0x0873      	MOVF       R0+3, 0
0x0547	0x00C4      	MOVWF      FLOC__main+3
0x0548	0x082F      	MOVF       main_Radc_L0, 0
0x0549	0x00F0      	MOVWF      R0
0x054A	0x0830      	MOVF       main_Radc_L0+1, 0
0x054B	0x00F1      	MOVWF      R0+1
0x054C	0x23C3      	CALL       _Word2Double
0x054D	0x3009      	MOVLW      9
0x054E	0x00F4      	MOVWF      R4
0x054F	0x3028      	MOVLW      40
0x0550	0x00F5      	MOVWF      R4+1
0x0551	0x3020      	MOVLW      32
0x0552	0x00F6      	MOVWF      R4+2
0x0553	0x3077      	MOVLW      119
0x0554	0x00F7      	MOVWF      R4+3
0x0555	0x2362      	CALL       _Mul_32x32_FP
0x0556	0x0870      	MOVF       R0, 0
0x0557	0x00F4      	MOVWF      R4
0x0558	0x0871      	MOVF       R0+1, 0
0x0559	0x00F5      	MOVWF      R4+1
0x055A	0x0872      	MOVF       R0+2, 0
0x055B	0x00F6      	MOVWF      R4+2
0x055C	0x0873      	MOVF       R0+3, 0
0x055D	0x00F7      	MOVWF      R4+3
0x055E	0x3000      	MOVLW      0
0x055F	0x00F0      	MOVWF      R0
0x0560	0x3000      	MOVLW      0
0x0561	0x00F1      	MOVWF      R0+1
0x0562	0x3020      	MOVLW      32
0x0563	0x00F2      	MOVWF      R0+2
0x0564	0x3081      	MOVLW      129
0x0565	0x00F3      	MOVWF      R0+3
0x0566	0x2473      	CALL       _Sub_32x32_FP
0x0567	0x0870      	MOVF       R0, 0
0x0568	0x00F4      	MOVWF      R4
0x0569	0x0871      	MOVF       R0+1, 0
0x056A	0x00F5      	MOVWF      R4+1
0x056B	0x0872      	MOVF       R0+2, 0
0x056C	0x00F6      	MOVWF      R4+2
0x056D	0x0873      	MOVF       R0+3, 0
0x056E	0x00F7      	MOVWF      R4+3
0x056F	0x0841      	MOVF       FLOC__main, 0
0x0570	0x00F0      	MOVWF      R0
0x0571	0x0842      	MOVF       FLOC__main+1, 0
0x0572	0x00F1      	MOVWF      R0+1
0x0573	0x0843      	MOVF       FLOC__main+2, 0
0x0574	0x00F2      	MOVWF      R0+2
0x0575	0x0844      	MOVF       FLOC__main+3, 0
0x0576	0x00F3      	MOVWF      R0+3
0x0577	0x2289      	CALL       _Div_32x32_FP
;combinacion sensores  foto y temperatura.c,41 :: 		Diso=DisI   ;
0x0578	0x222A      	CALL       _Double2Word
;combinacion sensores  foto y temperatura.c,42 :: 		IntToStr( Diso, Text);
0x0579	0x0870      	MOVF       R0, 0
0x057A	0x00C5      	MOVWF      FARG_IntToStr_input
0x057B	0x0871      	MOVF       R0+1, 0
0x057C	0x00C6      	MOVWF      FARG_IntToStr_input+1
0x057D	0x3031      	MOVLW      main_Text_L0
0x057E	0x00C7      	MOVWF      FARG_IntToStr_output
0x057F	0x2479      	CALL       _IntToStr
;combinacion sensores  foto y temperatura.c,43 :: 		Lcd_Out( 2, 5, Text );
0x0580	0x3002      	MOVLW      2
0x0581	0x00C5      	MOVWF      FARG_Lcd_Out_row
0x0582	0x3005      	MOVLW      5
0x0583	0x00C6      	MOVWF      FARG_Lcd_Out_column
0x0584	0x3031      	MOVLW      main_Text_L0
0x0585	0x00C7      	MOVWF      FARG_Lcd_Out_text
0x0586	0x23E5      	CALL       _Lcd_Out
;combinacion sensores  foto y temperatura.c,44 :: 		delay_ms(100);
0x0587	0x3002      	MOVLW      2
0x0588	0x00FB      	MOVWF      R11
0x0589	0x3004      	MOVLW      4
0x058A	0x00FC      	MOVWF      R12
0x058B	0x30BA      	MOVLW      186
0x058C	0x00FD      	MOVWF      R13
L_main2:
0x058D	0x0BFD      	DECFSZ     R13, 1
0x058E	0x2D8D      	GOTO       L_main2
0x058F	0x0BFC      	DECFSZ     R12, 1
0x0590	0x2D8D      	GOTO       L_main2
0x0591	0x0BFB      	DECFSZ     R11, 1
0x0592	0x2D8D      	GOTO       L_main2
0x0593	0x0000      	NOP
;combinacion sensores  foto y temperatura.c,45 :: 		}
0x0594	0x2D0E      	GOTO       L_main0
;combinacion sensores  foto y temperatura.c,46 :: 		}
0x0595	0x2D95      	GOTO       $+0
; end of _main
Symbol List:
//** Routines locations **
//ADDRESS    SIZE    PROCEDURE
//----------------------------------------------
0x0003      [13]    _Delay_5500us
0x0010       [7]    _Delay_50us
0x0017       [3]    _Delay_1us
0x001A      [12]    _SETFOV32
0x0026       [4]    _FIXSIGN32
0x002A      [12]    _SETFUN32
0x0036       [7]    _RES032
0x003D      [90]    _NRM4032
0x0097      [47]    _NRM3232
0x00C6      [29]    _Div_16x16_U
0x00E3      [64]    _Lcd_Cmd
0x0123       [8]    _Delay_22us
0x012B       [3]    _SETFDZ32
0x012E       [8]    _Lcd_Chr_CP
0x0136      [64]    _WordToStr
0x0176      [13]    _SETIOV3224
0x0183       [7]    _____DoICP
0x018A     [160]    _Add_32x32_FP
0x022A      [95]    _Double2Word
0x0289     [183]    _Div_32x32_FP
0x0340      [34]    _ADC_Read
0x0362      [97]    _Mul_32x32_FP
0x03C3      [22]    _Word2Double
0x03D9      [12]    ___CC2DW
0x03E5      [64]    _Lcd_Out
0x0425      [78]    _Lcd_Init
0x0473       [6]    _Sub_32x32_FP
0x0479     [106]    _IntToStr
0x04E3     [179]    _main
//** Variables locations ** 
//ADDRESS    SIZE    VARIABLE
//----------------------------------------------
0x0000       [1]    INDF
0x0001       [1]    TMR0
0x0002       [1]    PCL
0x0003       [0]    NOT_PD_bit
0x0003       [0]    RP1_bit
0x0003       [0]    RP0_bit
0x0003       [0]    IRP_bit
0x0003       [1]    STATUS
0x0003       [0]    C_bit
0x0003       [0]    NOT_TO_bit
0x0003       [0]    Z_bit
0x0003       [0]    DC_bit
0x0004       [1]    FSR
0x0004       [1]    FSRPTR
0x0005       [1]    PORTA
0x0005       [0]    RA5_bit
0x0005       [0]    RA0_bit
0x0005       [0]    RA7_bit
0x0005       [0]    RA2_bit
0x0005       [0]    RA4_bit
0x0005       [0]    RA1_bit
0x0005       [0]    RA6_bit
0x0005       [0]    RA3_bit
0x0006       [0]    RB0_bit
0x0006       [0]    RB1_bit
0x0006       [0]    RB5_bit
0x0006       [0]    RB4_bit
0x0006       [0]    RB7_bit
0x0006       [0]    RB6_bit
0x0006       [0]    RB2_bit
0x0006       [1]    PORTB
0x0006       [0]    RB3_bit
0x0007       [1]    PORTC
0x0007       [0]    RC4_bit
0x0007       [0]    RC3_bit
0x0007       [0]    RC5_bit
0x0007       [0]    RC7_bit
0x0007       [0]    RC6_bit
0x0007       [0]    RC0_bit
0x0007       [0]    RC1_bit
0x0007       [0]    RC2_bit
0x0008       [0]    LCD_EN
0x0008       [0]    LCD_RS
0x0008       [0]    LCD_D7
0x0008       [0]    RD4_bit
0x0008       [0]    RD3_bit
0x0008       [0]    RD2_bit
0x0008       [0]    RD7_bit
0x0008       [0]    RD6_bit
0x0008       [0]    RD5_bit
0x0008       [0]    LCD_D5
0x0008       [1]    PORTD
0x0008       [0]    LCD_D6
0x0008       [0]    RD1_bit
0x0008       [0]    RD0_bit
0x0008       [0]    LCD_D4
0x0009       [0]    RE0_bit
0x0009       [0]    RE3_bit
0x0009       [1]    PORTE
0x0009       [0]    RE2_bit
0x0009       [0]    RE1_bit
0x000A       [1]    PCLATH
0x000B       [0]    T0IE_bit
0x000B       [0]    RBIE_bit
0x000B       [1]    INTCON
0x000B       [0]    TMR0IE_bit
0x000B       [0]    GIE_bit
0x000B       [0]    INTE_bit
0x000B       [0]    PEIE_bit
0x000B       [0]    TMR0IF_bit
0x000B       [0]    INTF_bit
0x000B       [0]    RBIF_bit
0x000B       [0]    T0IF_bit
0x000C       [0]    SSPIF_bit
0x000C       [0]    TXIF_bit
0x000C       [0]    ADIF_bit
0x000C       [0]    RCIF_bit
0x000C       [0]    TMR1IF_bit
0x000C       [1]    PIR1
0x000C       [0]    CCP1IF_bit
0x000C       [0]    TMR2IF_bit
0x000D       [1]    PIR2
0x000D       [0]    C1IF_bit
0x000D       [0]    C2IF_bit
0x000D       [0]    OSFIF_bit
0x000D       [0]    EEIF_bit
0x000D       [0]    CCP2IF_bit
0x000D       [0]    ULPWUIF_bit
0x000D       [0]    BCLIF_bit
0x000E       [1]    TMR1L
0x000F       [1]    TMR1H
0x0010       [0]    T1SYNC_bit
0x0010       [0]    T1INSYNC_bit
0x0010       [0]    NOT_T1SYNC_bit
0x0010       [1]    T1CON
0x0010       [0]    TMR1ON_bit
0x0010       [0]    TMR1CS_bit
0x0010       [0]    TMR1GE_bit
0x0010       [0]    T1GINV_bit
0x0010       [0]    T1OSCEN_bit
0x0010       [0]    T1CKPS0_bit
0x0010       [0]    T1CKPS1_bit
0x0011       [1]    TMR2
0x0012       [1]    T2CON
0x0012       [0]    T2CKPS1_bit
0x0012       [0]    T2CKPS0_bit
0x0012       [0]    TOUTPS2_bit
0x0012       [0]    TOUTPS3_bit
0x0012       [0]    TOUTPS1_bit
0x0012       [0]    TMR2ON_bit
0x0012       [0]    TOUTPS0_bit
0x0013       [1]    SSPBUF
0x0014       [0]    SSPM0_bit
0x0014       [1]    SSPCON
0x0014       [0]    SSPM2_bit
0x0014       [0]    SSPM1_bit
0x0014       [0]    SSPM3_bit
0x0014       [0]    CKP_bit
0x0014       [0]    WCOL_bit
0x0014       [0]    SSPOV_bit
0x0014       [0]    SSPEN_bit
0x0015       [2]    CCPR1
0x0015       [1]    CCPR1L
0x0016       [1]    CCPR1H
0x0017       [0]    CCP1M3_bit
0x0017       [0]    DC1B0_bit
0x0017       [0]    CCP1Y_bit
0x0017       [0]    CCP1M0_bit
0x0017       [0]    CCP1M1_bit
0x0017       [0]    CCP1M2_bit
0x0017       [0]    CCP1X_bit
0x0017       [1]    CCP1CON
0x0017       [0]    P1M1_bit
0x0017       [0]    DC1B1_bit
0x0017       [0]    P1M0_bit
0x0018       [0]    FERR_bit
0x0018       [0]    ADDEN_bit
0x0018       [0]    CREN_bit
0x0018       [0]    RCD8_bit
0x0018       [0]    RX9D_bit
0x0018       [0]    OERR_bit
0x0018       [0]    SREN_bit
0x0018       [0]    RX9_bit
0x0018       [0]    SPEN_bit
0x0018       [1]    RCSTA
0x0018       [0]    RC8_9_bit
0x0018       [0]    NOT_RC8_bit
0x0018       [0]    RC9_bit
0x0019       [1]    TXREG
0x001A       [1]    RCREG
0x001B       [1]    CCPR2L
0x001B       [2]    CCPR2
0x001C       [1]    CCPR2H
0x001D       [0]    CCP2M1_bit
0x001D       [0]    DC2B1_bit
0x001D       [0]    CCP2X_bit
0x001D       [0]    CCP2M0_bit
0x001D       [0]    CCP2M3_bit
0x001D       [0]    DC2B0_bit
0x001D       [0]    CCP2Y_bit
0x001D       [1]    CCP2CON
0x001D       [0]    CCP2M2_bit
0x001E       [1]    ADRESH
0x001F       [0]    CHS0_bit
0x001F       [0]    CHS1_bit
0x001F       [0]    CHS2_bit
0x001F       [0]    GO_bit
0x001F       [0]    ADON_bit
0x001F       [1]    ADCON0
0x001F       [0]    NOT_DONE_bit
0x001F       [0]    GO_DONE_bit
0x001F       [0]    ADCS1_bit
0x001F       [0]    ADCS0_bit
0x001F       [0]    CHS3_bit
0x0020       [1]    __math_tempbD
0x0021       [5]    ?lstr2_combinacion_32sensores_32_32foto_32y_32temperatura
0x0026       [6]    ?lstr1_combinacion_32sensores_32_32foto_32y_32temperatura
0x002C       [0]    __Lib_Lcd_cmd_status
0x002D       [2]    ___DoICPAddr
0x002F       [2]    main_Radc_L0
0x0031      [16]    main_Text_L0
0x0041       [4]    FLOC__main
0x0045       [1]    FARG_ADC_Read_channel
0x0045       [2]    FARG_IntToStr_input
0x0045       [1]    FARG_Lcd_Out_row
0x0046       [1]    FARG_Lcd_Out_column
0x0047       [1]    FARG_Lcd_Out_text
0x0047       [1]    FARG_IntToStr_output
0x0048       [2]    IntToStr_i_L0
0x0048       [1]    Lcd_Out_i_L0
0x004A       [2]    IntToStr_negative_L0
0x004C       [2]    IntToStr_inword_L0
0x004E       [1]    FARG_Lcd_Chr_CP_out_char
0x004E       [2]    FARG_WordToStr_input
0x0050       [1]    FARG_WordToStr_output
0x0051       [1]    WordToStr_len_L0
0x0052       [1]    FLOC__WordToStr
0x0053       [1]    FARG_Lcd_Cmd_out_char
0x0070       [1]    R0
0x0071       [1]    R1
0x0072       [1]    R2
0x0073       [1]    R3
0x0074       [1]    R4
0x0075       [1]    R5
0x0076       [1]    R6
0x0077       [1]    R7
0x0078       [1]    R8
0x0079       [1]    R9
0x007A       [1]    R10
0x007B       [1]    R11
0x007C       [1]    R12
0x007D       [1]    R13
0x007E       [1]    R14
0x007F       [1]    R15
0x0081       [0]    PS1_bit
0x0081       [0]    NOT_RBPU_bit
0x0081       [1]    OPTION_REG
0x0081       [0]    PS0_bit
0x0081       [0]    INTEDG_bit
0x0081       [0]    T0CS_bit
0x0081       [0]    T0SE_bit
0x0081       [0]    PSA_bit
0x0081       [0]    PS2_bit
0x0085       [1]    TRISA
0x0085       [0]    TRISA4_bit
0x0085       [0]    TRISA5_bit
0x0085       [0]    TRISA0_bit
0x0085       [0]    TRISA1_bit
0x0085       [0]    TRISA3_bit
0x0085       [0]    TRISA2_bit
0x0085       [0]    TRISA6_bit
0x0085       [0]    TRISA7_bit
0x0086       [0]    TRISB4_bit
0x0086       [0]    TRISB6_bit
0x0086       [0]    TRISB5_bit
0x0086       [0]    TRISB1_bit
0x0086       [0]    TRISB0_bit
0x0086       [0]    TRISB3_bit
0x0086       [0]    TRISB2_bit
0x0086       [1]    TRISB
0x0086       [0]    TRISB7_bit
0x0087       [0]    TRISC1_bit
0x0087       [0]    TRISC6_bit
0x0087       [0]    TRISC5_bit
0x0087       [0]    TRISC2_bit
0x0087       [0]    TRISC3_bit
0x0087       [0]    TRISC4_bit
0x0087       [0]    TRISC7_bit
0x0087       [0]    TRISC0_bit
0x0087       [1]    TRISC
0x0088       [0]    LCD_RS_Direction
0x0088       [0]    LCD_EN_Direction
0x0088       [0]    TRISD1_bit
0x0088       [0]    TRISD0_bit
0x0088       [0]    TRISD5_bit
0x0088       [0]    TRISD7_bit
0x0088       [0]    TRISD2_bit
0x0088       [0]    TRISD6_bit
0x0088       [0]    TRISD3_bit
0x0088       [0]    TRISD4_bit
0x0088       [0]    LCD_D7_Direction
0x0088       [0]    LCD_D5_Direction
0x0088       [0]    LCD_D4_Direction
0x0088       [1]    TRISD
0x0088       [0]    LCD_D6_Direction
0x0089       [0]    TRISE3_bit
0x0089       [1]    TRISE
0x0089       [0]    TRISE2_bit
0x0089       [0]    TRISE0_bit
0x0089       [0]    TRISE1_bit
0x008C       [0]    TXIE_bit
0x008C       [0]    RCIE_bit
0x008C       [1]    PIE1
0x008C       [0]    ADIE_bit
0x008C       [0]    TMR2IE_bit
0x008C       [0]    TMR1IE_bit
0x008C       [0]    SSPIE_bit
0x008C       [0]    CCP1IE_bit
0x008D       [0]    ULPWUIE_bit
0x008D       [0]    BCLIE_bit
0x008D       [0]    OSFIE_bit
0x008D       [0]    CCP2IE_bit
0x008D       [0]    C1IE_bit
0x008D       [0]    C2IE_bit
0x008D       [1]    PIE2
0x008D       [0]    EEIE_bit
0x008E       [0]    NOT_BO_bit
0x008E       [0]    NOT_BOR_bit
0x008E       [0]    ULPWUE_bit
0x008E       [0]    SBOREN_bit
0x008E       [0]    NOT_POR_bit
0x008E       [1]    PCON
0x008F       [0]    IRCF1_bit
0x008F       [0]    SCS_bit
0x008F       [0]    HTS_bit
0x008F       [0]    LTS_bit
0x008F       [0]    IRCF0_bit
0x008F       [1]    OSCCON
0x008F       [0]    OSTS_bit
0x008F       [0]    IRCF2_bit
0x0090       [0]    TUN0_bit
0x0090       [0]    TUN3_bit
0x0090       [0]    TUN4_bit
0x0090       [1]    OSCTUNE
0x0090       [0]    TUN1_bit
0x0090       [0]    TUN2_bit
0x0091       [0]    PEN_bit
0x0091       [0]    RSEN_bit
0x0091       [0]    ACKDT_bit
0x0091       [0]    GCEN_bit
0x0091       [1]    SSPCON2
0x0091       [0]    RCEN_bit
0x0091       [0]    SEN_bit
0x0091       [0]    ACKEN_bit
0x0091       [0]    ACKSTAT_bit
0x0092       [1]    PR2
0x0093       [1]    MSK
0x0093       [1]    SSPMSK
0x0093       [1]    SSPADD
0x0094       [0]    READ_WRITE_bit
0x0094       [0]    R_W_bit
0x0094       [0]    UA_bit
0x0094       [0]    BF_bit
0x0094       [0]    NOT_WRITE_bit
0x0094       [0]    NOT_W_bit
0x0094       [0]    NOT_ADDRESS_bit
0x0094       [0]    D_A_bit
0x0094       [1]    SSPSTAT
0x0094       [0]    CKE_bit
0x0094       [0]    D_bit
0x0094       [0]    I2C_DATA_bit
0x0094       [0]    NOT_A_bit
0x0094       [0]    DATA_ADDRESS_bit
0x0094       [0]    I2C_START__bit
0x0094       [0]    S_bit
0x0094       [0]    I2C_READ_bit
0x0094       [0]    R_bit
0x0094       [0]    SMP_bit
0x0094       [0]    P_bit
0x0094       [0]    I2C_STOP__bit
0x0095       [0]    WPUB6_bit
0x0095       [0]    WPUB2_bit
0x0095       [0]    WPUB7_bit
0x0095       [0]    WPUB4_bit
0x0095       [1]    WPUB
0x0095       [0]    WPUB3_bit
0x0095       [0]    WPUB5_bit
0x0095       [0]    WPUB1_bit
0x0095       [0]    WPUB0_bit
0x0096       [1]    IOCB
0x0096       [0]    IOCB2_bit
0x0096       [0]    IOCB3_bit
0x0096       [0]    IOCB0_bit
0x0096       [0]    IOCB1_bit
0x0096       [0]    IOCB6_bit
0x0096       [0]    IOCB7_bit
0x0096       [0]    IOCB4_bit
0x0096       [0]    IOCB5_bit
0x0097       [0]    VR1_bit
0x0097       [0]    VR2_bit
0x0097       [0]    VR0_bit
0x0097       [1]    VRCON
0x0097       [0]    VROE_bit
0x0097       [0]    VREN_bit
0x0097       [0]    VRR_bit
0x0097       [0]    VR3_bit
0x0097       [0]    VRSS_bit
0x0098       [1]    TXSTA
0x0098       [0]    BRGH_bit
0x0098       [0]    SENDB_bit
0x0098       [0]    TX9D_bit
0x0098       [0]    TRMT_bit
0x0098       [0]    TXD8_bit
0x0098       [0]    SYNC_bit
0x0098       [0]    NOT_TX8_bit
0x0098       [0]    TX8_9_bit
0x0098       [0]    CSRC_bit
0x0098       [0]    TX9_bit
0x0098       [0]    TXEN_bit
0x0099       [0]    BRG0_bit
0x0099       [0]    BRG5_bit
0x0099       [0]    BRG4_bit
0x0099       [0]    BRG3_bit
0x0099       [0]    BRG2_bit
0x0099       [0]    BRG1_bit
0x0099       [1]    SPBRG
0x0099       [0]    BRG7_bit
0x0099       [0]    BRG6_bit
0x009A       [0]    BRG11_bit
0x009A       [0]    BRG12_bit
0x009A       [0]    BRG10_bit
0x009A       [0]    BRG8_bit
0x009A       [0]    BRG9_bit
0x009A       [0]    BRG13_bit
0x009A       [1]    SPBRGH
0x009A       [0]    BRG15_bit
0x009A       [0]    BRG14_bit
0x009B       [0]    PDC3_bit
0x009B       [0]    PDC4_bit
0x009B       [0]    PDC2_bit
0x009B       [0]    PDC0_bit
0x009B       [0]    PDC1_bit
0x009B       [0]    PRSEN_bit
0x009B       [1]    PWM1CON
0x009B       [0]    PDC5_bit
0x009B       [0]    PDC6_bit
0x009C       [1]    ECCPAS
0x009C       [0]    PSSAC0_bit
0x009C       [0]    PSSAC1_bit
0x009C       [0]    PSSBD0_bit
0x009C       [0]    PSSBD1_bit
0x009C       [0]    ECCPAS2_bit
0x009C       [0]    ECCPASE_bit
0x009C       [0]    ECCPAS0_bit
0x009C       [0]    ECCPAS1_bit
0x009D       [0]    STRB_bit
0x009D       [0]    STRA_bit
0x009D       [1]    PSTRCON
0x009D       [0]    STRSYNC_bit
0x009D       [0]    STRD_bit
0x009D       [0]    STRC_bit
0x009E       [1]    ADRESL
0x009F       [0]    VCFG0_bit
0x009F       [1]    ADCON1
0x009F       [0]    VCFG1_bit
0x009F       [0]    ADFM_bit
0x0105       [1]    WDTCON
0x0105       [0]    SWDTEN_bit
0x0105       [0]    WDTPS2_bit
0x0105       [0]    WDTPS3_bit
0x0105       [0]    WDTPS1_bit
0x0105       [0]    WDTPS0_bit
0x0107       [0]    C1CH0_bit
0x0107       [1]    CM1CON0
0x0107       [0]    C1OE_bit
0x0107       [0]    C1OUT_bit
0x0107       [0]    C1ON_bit
0x0107       [0]    C1CH1_bit
0x0107       [0]    C1R_bit
0x0107       [0]    C1POL_bit
0x0108       [0]    C2OE_bit
0x0108       [0]    C2OUT_bit
0x0108       [0]    C2ON_bit
0x0108       [0]    C2POL_bit
0x0108       [0]    C2CH0_bit
0x0108       [0]    C2CH1_bit
0x0108       [0]    C2R_bit
0x0108       [1]    CM2CON0
0x0109       [0]    MC2OUT_bit
0x0109       [0]    MC1OUT_bit
0x0109       [1]    CM2CON1
0x0109       [0]    C1RSEL_bit
0x0109       [0]    C2SYNC_bit
0x0109       [0]    T1GSS_bit
0x0109       [0]    C2RSEL_bit
0x010C       [1]    EEDAT
0x010C       [1]    EEDATA
0x010D       [1]    EEADR
0x010E       [1]    EEDATH
0x010F       [1]    EEADRH
0x0185       [0]    C1SEN_bit
0x0185       [0]    C2REN_bit
0x0185       [0]    PULSR_bit
0x0185       [0]    PULSS_bit
0x0185       [0]    FVREN_bit
0x0185       [1]    SRCON
0x0185       [0]    SR1_bit
0x0185       [0]    SR0_bit
0x0187       [0]    BRG16_bit
0x0187       [0]    SCKP_bit
0x0187       [0]    WUE_bit
0x0187       [0]    ABDEN_bit
0x0187       [1]    BAUDCTL
0x0187       [0]    ABDOVF_bit
0x0187       [0]    RCIDL_bit
0x0188       [0]    ANS2_bit
0x0188       [0]    ANS3_bit
0x0188       [0]    ANS0_bit
0x0188       [0]    ANS1_bit
0x0188       [0]    ANS4_bit
0x0188       [0]    ANS7_bit
0x0188       [1]    ANSEL
0x0188       [0]    ANS5_bit
0x0188       [0]    ANS6_bit
0x0189       [0]    ANS9_bit
0x0189       [0]    ANS8_bit
0x0189       [1]    ANSELH
0x0189       [0]    ANS10_bit
0x0189       [0]    ANS13_bit
0x0189       [0]    ANS12_bit
0x0189       [0]    ANS11_bit
0x018C       [0]    RD_bit
0x018C       [1]    EECON1
0x018C       [0]    WRERR_bit
0x018C       [0]    WREN_bit
0x018C       [0]    WR_bit
0x018C       [0]    EEPGD_bit
0x018D       [1]    EECON2
//** Label List: ** 
//----------------------------------------------
  L_main0
  L_main1
  L_main2
  _main
  L_ADC_Read0
  L_ADC_Read1
  _ADC_Read
  L_ByteToStr0
  L_ByteToStr1
  L_ByteToStr2
  L_ByteToStr3
  L_ByteToStr4
  L_ByteToStr5
  L_WordToStr6
  L_WordToStr7
  L_WordToStr8
  L_WordToStr9
  L_WordToStr10
  L_WordToStr11
  L_ShortToStr12
  L_ShortToStr13
  L_ShortToStr14
  L_ShortToStr15
  L_ShortToStr16
  L_ShortToStr17
  L_IntToStr18
  L_IntToStr19
  L_IntToStr20
  L_IntToStr21
  L_IntToStr22
  L_IntToStr23
  L_LongWordToStr24
  L_LongWordToStr25
  L_LongWordToStr26
  L_LongWordToStr27
  L_LongWordToStr28
  L_LongWordToStr29
  L_LongToStr30
  L_LongToStr31
  L_LongToStr32
  L_LongToStr33
  L_LongToStr34
  L_LongToStr35
  L_Dec2Bcd36
  L_Dec2Bcd37
  L_rtrim38
  L_rtrim39
  L_FloatToStr40
  L_FloatToStr41
  L_FloatToStr42
  L_FloatToStr43
  L_FloatToStr44
  L_FloatToStr45
  L_FloatToStr46
  L_FloatToStr47
  L_FloatToStr48
  L_FloatToStr49
  L_FloatToStr50
  L_FloatToStr51
  L_FloatToStr52
  L_FloatToStr53
  L_FloatToStr54
  L_FloatToStr55
  L_FloatToStr56
  L_FloatToStr57
  L_FloatToStr58
  L_FloatToStr59
  L_FloatToStr60
  L_FloatToStr61
  L__FloatToStr62
  _ByteToStr
  _WordToStr
  L__WordToStr63
  _ShortToStr
  L__ShortToStr64
  _IntToStr
  L__IntToStr65
  L__IntToStr66
  _LongWordToStr
  L__LongWordToStr67
  L__LongWordToStr68
  _LongToStr
  L__LongToStr69
  L__LongToStr70
  _Dec2Bcd
  _Bcd2Dec16
  L__Bcd2Dec1671
  L__Bcd2Dec1672
  _Dec2Bcd16
  L__Dec2Bcd1673
  L__Dec2Bcd1674
  _rtrim
  _FloatToStr
  L__FloatToStr75
  L__FloatToStr76
  L__FloatToStr77
  L__FloatToStr78
  L__FloatToStr79
  L_Delay_10us0
  L_Delay_22us1
  L_Delay_50us2
  L_Delay_80us3
  L_Delay_500us4
  L_Delay_5500us5
  L_Delay_8ms6
  L_Delay_5ms7
  L_Delay_100ms8
  L_Delay_1sec9
  L_boot16_Delay_5ms10
  L_Delay_Cyc11
  L_Delay_Cyc12
  L_VDelay_ms13
  L_VDelay_ms14
  L_VDelay_ms15
  L_VDelay_Advanced_ms16
  L_VDelay_Advanced_ms17
  L_VDelay_Advanced_ms18
  _Get_Fosc_kHz
  _Delay_1us
  _Delay_10us
  _Delay_22us
  _Delay_50us
  _Delay_80us
  _Delay_500us
  _Delay_5500us
  _Delay_8ms
  _Delay_5ms
  _Delay_100ms
  _Delay_1sec
  _boot16_Delay_5ms
  _Delay_Cyc
  _VDelay_ms
  L__VDelay_ms19
  L__VDelay_ms20
  L__VDelay_ms21
  _VDelay_Advanced_ms
  L__VDelay_Advanced_ms22
  L__VDelay_Advanced_ms23
  L__VDelay_Advanced_ms24
  L_Lcd_Cmd0
  L_Lcd_Cmd1
  L_Lcd_Out_CP2
  L_Lcd_Out_CP3
  L_Lcd_Chr4
  L_Lcd_Chr5
  L_Lcd_Chr6
  L_Lcd_Chr7
  L_Lcd_Chr8
  L_Lcd_Chr9
  L_Lcd_Chr10
  L_Lcd_Out11
  L_Lcd_Out12
  L_Lcd_Out13
  L_Lcd_Out14
  L_Lcd_Out15
  L_Lcd_Out16
  L_Lcd_Out17
  L_Lcd_Out18
  L_Lcd_Out19
  _Lcd_Cmd
  L__Lcd_Cmd20
  L__Lcd_Cmd21
  L__Lcd_Cmd22
  L__Lcd_Cmd23
  L__Lcd_Cmd24
  L__Lcd_Cmd25
  L__Lcd_Cmd26
  L__Lcd_Cmd27
  L__Lcd_Cmd28
  L__Lcd_Cmd29
  L__Lcd_Cmd30
  L__Lcd_Cmd31
  L__Lcd_Cmd32
  L__Lcd_Cmd33
  L__Lcd_Cmd34
  L__Lcd_Cmd35
  L__Lcd_Cmd36
  L__Lcd_Cmd37
  L__Lcd_Cmd38
  L__Lcd_Cmd39
  _Lcd_Chr_CP
  _Lcd_Out_CP
  _Lcd_Chr
  _Lcd_Init
  _Lcd_Out
  L_Div_16x16_S0
  L_Div_16x16_S1
  LOOPS3232A
  SADD22LA
  SOK22LA
  SADD22L8
  SOK22L8
  LOOPS3232B
  SADD22LB
  SOK22LB
  SADD22L16
  SOK22L16
  LOOPS3232C
  SADD22LC
  SOK22LC
  SADD22L24
  SOK22L24
  LOOPS3232D
  SADD22LD
  SOK22LD
  SOK22L
  L_Div_32x32_S6
  L_Div_32x32_S7
  L_Div_32x32_S8
  L_Div_32x32_S9
  FXD3232S
  END_ALL
  CA3232S
  C3232SX
  C3232SX1
  C3232S
  C3232S2
  C3232SX4
  C3232SOK
  C3232SX3
  C3232SX2
  avoid_comfrem
  LOOPU3232A
  UADD22LA
  UOK22LA
  UADD22L8
  UOK22L8
  LOOPU3232B
  UADD22LB
  UOK22LB
  UADD22L16
  UOK22L16
  LOOPU3232C
  UADD22LC
  UOK22LC
  UADD22L24
  UOK22L24
  LOOPU3232D
  UADD22LD
  UOK22LD
  UOK22L
  _NEXT
  _EXIT2
  _LOOP
  _EXIT1
  _IF_FIRST
  _IF_SECOND
  _INVERCE_FIRST
  _MULT
  _INBERSE_SECOND
  _EXIT
  _Mul_8x8_U
  _Mul_16x16_U
  _Div_8x8_U
  _Div_16x16_U
  _Mul_8x8_S
  _Mul_16x16_S
  _Div_16x16_S_L
  _Div_16x16_S
  _Div_8x8_S
  _SDIV3232L
  _COMFREM
  _Div_32x32_S
  _Div_32x32_U
  _Mul_32x32_U
  _Mul_32x32_S
  SETFOV32EEE
  SETFUN32EEE
  NORM3232
  JPNRES032
  JPNSETFUN32
  NORM3232A
  JMPNFIXSIGN32
  NORM32EEE
  NRMRND4032
  NRM4032
  JMPSETFOV32
  NORM4032
  JMPRES032
  JMPSETFUN32
  NORM4032A
  JMPFIXSIGN32
  NRM4032EEE
  USEA32
  JMPEEE
  ALIGNED32
  ALIGNB32
  ALOOPB32
  AOK32
  ACOMP32
  JMPNRMRND4032
  ADD_JMPSETFOV32
  JMPNRM4032
  JMPNRM32
  ADD32EEE
  FPM32
  JPMRES032
  M32BNE0
  MTUN32
  JPMSETFOV32
  MOK32
  JPMSETFUN32
  MLOOP32
  MNOADD32
  MADD32
  MROUND32
  MUL32OK
  MUL32EEE
  L_Div_32x32_FP7
  L_Div_32x32_FP8
  L_Div_32x32_FP9
  L_Div_32x32_FP10
  FPD32
  JPDSETFDZ32
  JPDRES032
  D32BNE0
  TALIGN32
  TS1ALIGN32
  TS2ALIGN32
  DALIGN32OK
  ALTB32
  AGEB32
  JPDSETFOV32
  DARGOK32
  JPDSETFUN32
  DLOOP32
  DS132
  DS232
  DREST32
  DOK32
  DAREST32
  DROUND32
  DIV32OK
  DIV32EEE
  SETIOV3224EEE
  INT3232U
  INT3232UEOK
  SETEXP32U
  SETIOV32U
  TSHIFT3232U
  SHIFT3232UOK
  SHIFT3232U
  INT3232UOK
  JPLSETIOV3224
  IRES032U
  INT3232UEER
  INT3232UEEE
  L_Double2Longword_0
  INT3232
  INT3232EOK
  SETIOV32
  TSHIFT3232
  SHIFT3232OK
  SHIFT3232
  INT3232OK
  JPISETIOV3224
  IRES032
  INT3232EER
  INT3232EEE
  L_Double2Longint_0
  INT3216
  IRES016
  SETIOV16
  TSHIFT3216
  SHIFT3216OK
  SHIFT3216
  INT3216OK
  JPJSETIOV3224
  INT3216EOK
  INT3216EER
  INT3216EEE
  L_Double2Int_0
  INT3216U
  IRES016U
  SETEXP16U
  SETIOV16U
  TSHIFT3216U
  SHIFT3216UOK
  SHIFT3216U
  INT3216UOK
  JPKSETIOV3224
  INT3216UEOK
  INT3216UEER
  INT3216UEEE
  L_Double2Word_0
  INT32U08
  IRES008
  SETEXP08
  SETIOV08
  TSHIFT3208
  SHIFT3208OK
  SHIFT3208
  INT3208OK
  D2B_JPKSETIOV3224
  INT3208EOK
  INT3208EER
  INT3208EEE
  L_Double2Byte_0
  FLO08U32
  FLO1632
  FLO1632EEE
  FLO16U32
  FLO3232
  FLO3232EEE
  FLO32U32
  EQU_FALSE
  COMPARE_EQU
  COMPARE_NOTZERO
  COMPARE_XNOTZERO
  COMPARE_YNOTZERO
  COMPARE_LT
  COMPARE_GT
  COMPARE_TESTALL
  COMPARE_C1
  GT_FALSE
  GT_TRUE
  COMPARE_C2
  COMPARE_C3
  _SETFOV32
  _SETFDZ32
  _FIXSIGN32
  _RES032
  _SETFUN32
  _NRM3232
  _NRM4032
  _Add_32x32_FP
  _Sub_32x32_FP
  _Mul_32x32_FP
  _Div_32x32_FP
  _SETIOV3224
  _Double2Longword
  _Double2Longint
  _Double2Int
  _Double2Word
  _Double2Byte
  _Byte2Double
  _Int2Double
  _Word2Double
  _Longint2Double
  _Longword2Double
  _Equals_Double
  _Compare_Double
  _CC2D_Loop1
  _____DoICP
  _____DoIFC
  ___CC2DW
  _Swap
