;  LST file generated by mikroListExporter - v.2.0 
; Date/Time: 10/04/2013 06:21:30 p.m.
;----------------------------------------------

;Address Opcode 	ASM
0x0000	0x2BC6      	GOTO       966
_Delay_50us:
;__Lib_Delays.c,19 :: 		void Delay_50us() {
;__Lib_Delays.c,20 :: 		Delay_us(50);
0x0003	0x3010      	MOVLW      16
0x0004	0x1283      	BCF        STATUS, 5
0x0005	0x1303      	BCF        STATUS, 6
0x0006	0x00FD      	MOVWF      R13
L_Delay_50us2:
0x0007	0x0BFD      	DECFSZ     R13, 1
0x0008	0x2807      	GOTO       L_Delay_50us2
0x0009	0x0000      	NOP
;__Lib_Delays.c,21 :: 		}
0x000A	0x0008      	RETURN
; end of _Delay_50us
_Delay_1us:
;__Lib_Delays.c,7 :: 		void Delay_1us() {
;__Lib_Delays.c,8 :: 		Delay_us(1);
0x000B	0x0000      	NOP
;__Lib_Delays.c,9 :: 		}
0x000C	0x0008      	RETURN
; end of _Delay_1us
_Delay_5500us:
;__Lib_Delays.c,31 :: 		void Delay_5500us() {
;__Lib_Delays.c,32 :: 		Delay_us(5500);
0x000D	0x3008      	MOVLW      8
0x000E	0x1283      	BCF        STATUS, 5
0x000F	0x1303      	BCF        STATUS, 6
0x0010	0x00FC      	MOVWF      R12
0x0011	0x3023      	MOVLW      35
0x0012	0x00FD      	MOVWF      R13
L_Delay_5500us5:
0x0013	0x0BFD      	DECFSZ     R13, 1
0x0014	0x2813      	GOTO       L_Delay_5500us5
0x0015	0x0BFC      	DECFSZ     R12, 1
0x0016	0x2813      	GOTO       L_Delay_5500us5
;__Lib_Delays.c,33 :: 		}
0x0017	0x0008      	RETURN
; end of _Delay_5500us
_Div_16x16_U:
;__Lib_Math.c,215 :: 		
;__Lib_Math.c,222 :: 		
0x0018	0x1283      	BCF        STATUS, 5
;__Lib_Math.c,223 :: 		
0x0019	0x1303      	BCF        STATUS, 6
;__Lib_Math.c,224 :: 		
0x001A	0x01F8      	CLRF       R8
;__Lib_Math.c,225 :: 		
0x001B	0x01F9      	CLRF       R9
;__Lib_Math.c,226 :: 		
0x001C	0x3010      	MOVLW      16
;__Lib_Math.c,227 :: 		
0x001D	0x00FC      	MOVWF      R12
;__Lib_Math.c,228 :: 		
0x001E	0x0D71      	RLF        R1, 0
;__Lib_Math.c,229 :: 		
0x001F	0x0DF8      	RLF        R8, 1
;__Lib_Math.c,230 :: 		
0x0020	0x0DF9      	RLF        R9, 1
;__Lib_Math.c,231 :: 		
0x0021	0x0874      	MOVF       R4, 0
;__Lib_Math.c,232 :: 		
0x0022	0x02F8      	SUBWF      R8, 1
;__Lib_Math.c,233 :: 		
0x0023	0x0875      	MOVF       R5, 0
;__Lib_Math.c,234 :: 		
0x0024	0x1C03      	BTFSS      STATUS, 0
;__Lib_Math.c,235 :: 		
0x0025	0x0F75      	INCFSZ     R5, 0
;__Lib_Math.c,236 :: 		
0x0026	0x02F9      	SUBWF      R9, 1
;__Lib_Math.c,237 :: 		
0x0027	0x1803      	BTFSC      STATUS, 0
;__Lib_Math.c,238 :: 		
0x0028	0x2830      	GOTO       $+8
;__Lib_Math.c,239 :: 		
0x0029	0x0874      	MOVF       R4, 0
;__Lib_Math.c,240 :: 		
0x002A	0x07F8      	ADDWF      R8, 1
;__Lib_Math.c,241 :: 		
0x002B	0x0875      	MOVF       R5, 0
;__Lib_Math.c,242 :: 		
0x002C	0x1803      	BTFSC      STATUS, 0
;__Lib_Math.c,243 :: 		
0x002D	0x0F75      	INCFSZ     R5, 0
;__Lib_Math.c,244 :: 		
0x002E	0x07F9      	ADDWF      R9, 1
;__Lib_Math.c,245 :: 		
0x002F	0x1003      	BCF        STATUS, 0
;__Lib_Math.c,246 :: 		
0x0030	0x0DF0      	RLF        R0, 1
;__Lib_Math.c,247 :: 		
0x0031	0x0DF1      	RLF        R1, 1
;__Lib_Math.c,248 :: 		
0x0032	0x0BFC      	DECFSZ     R12, 1
;__Lib_Math.c,249 :: 		
0x0033	0x281E      	GOTO       $-21
;__Lib_Math.c,251 :: 		
0x0034	0x0008      	RETURN
; end of _Div_16x16_U
_Lcd_Cmd:
;__Lib_Lcd.c,18 :: 		
;__Lib_Lcd.c,20 :: 		
0x0035	0x1283      	BCF        STATUS, 5
0x0036	0x1303      	BCF        STATUS, 6
0x0037	0x1BEB      	BTFSC      FARG_Lcd_Cmd_out_char, 7
0x0038	0x283B      	GOTO       L__Lcd_Cmd20
0x0039	0x1388      	BCF        LCD_D7, BitPos(LCD_D7+0)
0x003A	0x283C      	GOTO       L__Lcd_Cmd21
L__Lcd_Cmd20:
0x003B	0x1788      	BSF        LCD_D7, BitPos(LCD_D7+0)
L__Lcd_Cmd21:
;__Lib_Lcd.c,21 :: 		
0x003C	0x1B6B      	BTFSC      FARG_Lcd_Cmd_out_char, 6
0x003D	0x2840      	GOTO       L__Lcd_Cmd22
0x003E	0x1308      	BCF        LCD_D6, BitPos(LCD_D6+0)
0x003F	0x2841      	GOTO       L__Lcd_Cmd23
L__Lcd_Cmd22:
0x0040	0x1708      	BSF        LCD_D6, BitPos(LCD_D6+0)
L__Lcd_Cmd23:
;__Lib_Lcd.c,22 :: 		
0x0041	0x1AEB      	BTFSC      FARG_Lcd_Cmd_out_char, 5
0x0042	0x2845      	GOTO       L__Lcd_Cmd24
0x0043	0x1288      	BCF        LCD_D5, BitPos(LCD_D5+0)
0x0044	0x2846      	GOTO       L__Lcd_Cmd25
L__Lcd_Cmd24:
0x0045	0x1688      	BSF        LCD_D5, BitPos(LCD_D5+0)
L__Lcd_Cmd25:
;__Lib_Lcd.c,23 :: 		
0x0046	0x1A6B      	BTFSC      FARG_Lcd_Cmd_out_char, 4
0x0047	0x284A      	GOTO       L__Lcd_Cmd26
0x0048	0x1208      	BCF        LCD_D4, BitPos(LCD_D4+0)
0x0049	0x284B      	GOTO       L__Lcd_Cmd27
L__Lcd_Cmd26:
0x004A	0x1608      	BSF        LCD_D4, BitPos(LCD_D4+0)
L__Lcd_Cmd27:
;__Lib_Lcd.c,25 :: 		
0x004B	0x1842      	BTFSC      __Lib_Lcd_cmd_status, BitPos(__Lib_Lcd_cmd_status+0)
0x004C	0x284F      	GOTO       L__Lcd_Cmd28
0x004D	0x1488      	BSF        LCD_RS, BitPos(LCD_RS+0)
0x004E	0x2850      	GOTO       L__Lcd_Cmd29
L__Lcd_Cmd28:
0x004F	0x1088      	BCF        LCD_RS, BitPos(LCD_RS+0)
L__Lcd_Cmd29:
;__Lib_Lcd.c,28 :: 		
0x0050	0x1508      	BSF        LCD_EN, BitPos(LCD_EN+0)
;__Lib_Lcd.c,29 :: 		
0x0051	0x200B      	CALL       _Delay_1us
;__Lib_Lcd.c,30 :: 		
0x0052	0x1108      	BCF        LCD_EN, BitPos(LCD_EN+0)
;__Lib_Lcd.c,33 :: 		
0x0053	0x19EB      	BTFSC      FARG_Lcd_Cmd_out_char, 3
0x0054	0x2857      	GOTO       L__Lcd_Cmd30
0x0055	0x1388      	BCF        LCD_D7, BitPos(LCD_D7+0)
0x0056	0x2858      	GOTO       L__Lcd_Cmd31
L__Lcd_Cmd30:
0x0057	0x1788      	BSF        LCD_D7, BitPos(LCD_D7+0)
L__Lcd_Cmd31:
;__Lib_Lcd.c,34 :: 		
0x0058	0x196B      	BTFSC      FARG_Lcd_Cmd_out_char, 2
0x0059	0x285C      	GOTO       L__Lcd_Cmd32
0x005A	0x1308      	BCF        LCD_D6, BitPos(LCD_D6+0)
0x005B	0x285D      	GOTO       L__Lcd_Cmd33
L__Lcd_Cmd32:
0x005C	0x1708      	BSF        LCD_D6, BitPos(LCD_D6+0)
L__Lcd_Cmd33:
;__Lib_Lcd.c,35 :: 		
0x005D	0x18EB      	BTFSC      FARG_Lcd_Cmd_out_char, 1
0x005E	0x2861      	GOTO       L__Lcd_Cmd34
0x005F	0x1288      	BCF        LCD_D5, BitPos(LCD_D5+0)
0x0060	0x2862      	GOTO       L__Lcd_Cmd35
L__Lcd_Cmd34:
0x0061	0x1688      	BSF        LCD_D5, BitPos(LCD_D5+0)
L__Lcd_Cmd35:
;__Lib_Lcd.c,36 :: 		
0x0062	0x186B      	BTFSC      FARG_Lcd_Cmd_out_char, 0
0x0063	0x2866      	GOTO       L__Lcd_Cmd36
0x0064	0x1208      	BCF        LCD_D4, BitPos(LCD_D4+0)
0x0065	0x2867      	GOTO       L__Lcd_Cmd37
L__Lcd_Cmd36:
0x0066	0x1608      	BSF        LCD_D4, BitPos(LCD_D4+0)
L__Lcd_Cmd37:
;__Lib_Lcd.c,38 :: 		
0x0067	0x1842      	BTFSC      __Lib_Lcd_cmd_status, BitPos(__Lib_Lcd_cmd_status+0)
0x0068	0x286B      	GOTO       L__Lcd_Cmd38
0x0069	0x1488      	BSF        LCD_RS, BitPos(LCD_RS+0)
0x006A	0x286C      	GOTO       L__Lcd_Cmd39
L__Lcd_Cmd38:
0x006B	0x1088      	BCF        LCD_RS, BitPos(LCD_RS+0)
L__Lcd_Cmd39:
;__Lib_Lcd.c,40 :: 		
0x006C	0x1508      	BSF        LCD_EN, BitPos(LCD_EN+0)
;__Lib_Lcd.c,41 :: 		
0x006D	0x200B      	CALL       _Delay_1us
;__Lib_Lcd.c,42 :: 		
0x006E	0x1108      	BCF        LCD_EN, BitPos(LCD_EN+0)
;__Lib_Lcd.c,44 :: 		
0x006F	0x1C42      	BTFSS      __Lib_Lcd_cmd_status, BitPos(__Lib_Lcd_cmd_status+0)
0x0070	0x2873      	GOTO       L_Lcd_Cmd0
;__Lib_Lcd.c,45 :: 		
0x0071	0x200D      	CALL       _Delay_5500us
0x0072	0x2874      	GOTO       L_Lcd_Cmd1
L_Lcd_Cmd0:
;__Lib_Lcd.c,47 :: 		
0x0073	0x2003      	CALL       _Delay_50us
L_Lcd_Cmd1:
;__Lib_Lcd.c,48 :: 		
0x0074	0x0008      	RETURN
; end of _Lcd_Cmd
_RES032:
;__Lib_MathDouble.c,123 :: 		
;__Lib_MathDouble.c,128 :: 		
0x0075	0x01F2      	CLRF       R2
;__Lib_MathDouble.c,129 :: 		
0x0076	0x01F1      	CLRF       R1
;__Lib_MathDouble.c,130 :: 		
0x0077	0x01F0      	CLRF       R0
;__Lib_MathDouble.c,131 :: 		
0x0078	0x01F8      	CLRF       R8
;__Lib_MathDouble.c,132 :: 		
0x0079	0x01F3      	CLRF       R3
;__Lib_MathDouble.c,133 :: 		
0x007A	0x3000      	MOVLW      0
;__Lib_MathDouble.c,135 :: 		
0x007B	0x0008      	RETURN
; end of _RES032
_FIXSIGN32:
;__Lib_MathDouble.c,112 :: 		
;__Lib_MathDouble.c,116 :: 		
0x007C	0x1FFA      	BTFSS      R10, 7
;__Lib_MathDouble.c,117 :: 		
0x007D	0x13F2      	BCF        R2, 7
;__Lib_MathDouble.c,118 :: 		
0x007E	0x3000      	MOVLW      0
;__Lib_MathDouble.c,120 :: 		
0x007F	0x0008      	RETURN
; end of _FIXSIGN32
_SETFUN32:
;__Lib_MathDouble.c,138 :: 		
;__Lib_MathDouble.c,145 :: 		
0x0080	0x157B      	BSF        R11, 2
;__Lib_MathDouble.c,146 :: 		
0x0081	0x1FFB      	BTFSS      R11, 7
;__Lib_MathDouble.c,147 :: 		
0x0082	0x288A      	GOTO       SETFUN32EEE
;__Lib_MathDouble.c,148 :: 		
0x0083	0x3001      	MOVLW      1
;__Lib_MathDouble.c,149 :: 		
0x0084	0x00F3      	MOVWF      R3
;__Lib_MathDouble.c,150 :: 		
0x0085	0x01F2      	CLRF       R2
;__Lib_MathDouble.c,151 :: 		
0x0086	0x01F1      	CLRF       R1
;__Lib_MathDouble.c,152 :: 		
0x0087	0x01F0      	CLRF       R0
;__Lib_MathDouble.c,153 :: 		
0x0088	0x0DFA      	RLF        R10, 1
;__Lib_MathDouble.c,154 :: 		
0x0089	0x0CF2      	RRF        R2, 1
;__Lib_MathDouble.c,155 :: 		
SETFUN32EEE:
;__Lib_MathDouble.c,156 :: 		
0x008A	0x30FF      	MOVLW      255
;__Lib_MathDouble.c,158 :: 		
0x008B	0x0008      	RETURN
; end of _SETFUN32
_____DoICP:
;__Lib_System.c,6 :: 		
;__Lib_System.c,9 :: 		
0x008C	0x1283      	BCF        STATUS, 5
0x008D	0x1303      	BCF        STATUS, 6
0x008E	0x0841      	MOVF       ___DoICPAddr+1, 0
0x008F	0x008A      	MOVWF      PCLATH
;__Lib_System.c,10 :: 		
0x0090	0x0840      	MOVF       ___DoICPAddr, 0
0x0091	0x0082      	MOVWF      PCL
;__Lib_System.c,12 :: 		
0x0092	0x0008      	RETURN
; end of _____DoICP
_WordToStr:
;__Lib_Conversions.c,21 :: 		
;__Lib_Conversions.c,26 :: 		
0x0093	0x1283      	BCF        STATUS, 5
0x0094	0x1303      	BCF        STATUS, 6
0x0095	0x01E9      	CLRF       WordToStr_len_L0
L_WordToStr6:
0x0096	0x3005      	MOVLW      5
0x0097	0x0269      	SUBWF      WordToStr_len_L0, 0
0x0098	0x1803      	BTFSC      STATUS, 0
0x0099	0x28A1      	GOTO       L_WordToStr7
;__Lib_Conversions.c,27 :: 		
0x009A	0x0869      	MOVF       WordToStr_len_L0, 0
0x009B	0x0768      	ADDWF      FARG_WordToStr_output, 0
0x009C	0x0084      	MOVWF      FSR
0x009D	0x3020      	MOVLW      32
0x009E	0x0080      	MOVWF      INDF
;__Lib_Conversions.c,26 :: 		
0x009F	0x0AE9      	INCF       WordToStr_len_L0, 1
;__Lib_Conversions.c,27 :: 		
0x00A0	0x2896      	GOTO       L_WordToStr6
L_WordToStr7:
;__Lib_Conversions.c,28 :: 		
0x00A1	0x0869      	MOVF       WordToStr_len_L0, 0
0x00A2	0x0768      	ADDWF      FARG_WordToStr_output, 0
0x00A3	0x0084      	MOVWF      FSR
0x00A4	0x0180      	CLRF       INDF
0x00A5	0x03E9      	DECF       WordToStr_len_L0, 1
;__Lib_Conversions.c,30 :: 		
L_WordToStr9:
;__Lib_Conversions.c,31 :: 		
0x00A6	0x0869      	MOVF       WordToStr_len_L0, 0
0x00A7	0x0768      	ADDWF      FARG_WordToStr_output, 0
0x00A8	0x00EA      	MOVWF      FLOC__WordToStr
0x00A9	0x300A      	MOVLW      10
0x00AA	0x00F4      	MOVWF      R4
0x00AB	0x01F5      	CLRF       R4+1
0x00AC	0x0866      	MOVF       FARG_WordToStr_input, 0
0x00AD	0x00F0      	MOVWF      R0
0x00AE	0x0867      	MOVF       FARG_WordToStr_input+1, 0
0x00AF	0x00F1      	MOVWF      R0+1
0x00B0	0x2018      	CALL       _Div_16x16_U
0x00B1	0x0878      	MOVF       R8, 0
0x00B2	0x00F0      	MOVWF      R0
0x00B3	0x0879      	MOVF       R8+1, 0
0x00B4	0x00F1      	MOVWF      R0+1
0x00B5	0x3030      	MOVLW      48
0x00B6	0x07F0      	ADDWF      R0, 1
0x00B7	0x086A      	MOVF       FLOC__WordToStr, 0
0x00B8	0x0084      	MOVWF      FSR
0x00B9	0x0870      	MOVF       R0, 0
0x00BA	0x0080      	MOVWF      INDF
;__Lib_Conversions.c,32 :: 		
0x00BB	0x300A      	MOVLW      10
0x00BC	0x00F4      	MOVWF      R4
0x00BD	0x01F5      	CLRF       R4+1
0x00BE	0x0866      	MOVF       FARG_WordToStr_input, 0
0x00BF	0x00F0      	MOVWF      R0
0x00C0	0x0867      	MOVF       FARG_WordToStr_input+1, 0
0x00C1	0x00F1      	MOVWF      R0+1
0x00C2	0x2018      	CALL       _Div_16x16_U
0x00C3	0x0870      	MOVF       R0, 0
0x00C4	0x00E6      	MOVWF      FARG_WordToStr_input
0x00C5	0x0871      	MOVF       R0+1, 0
0x00C6	0x00E7      	MOVWF      FARG_WordToStr_input+1
;__Lib_Conversions.c,33 :: 		
0x00C7	0x3000      	MOVLW      0
0x00C8	0x0671      	XORWF      R0+1, 0
0x00C9	0x1D03      	BTFSS      STATUS, 2
0x00CA	0x28CD      	GOTO       L__WordToStr63
0x00CB	0x3000      	MOVLW      0
0x00CC	0x0670      	XORWF      R0, 0
L__WordToStr63:
0x00CD	0x1D03      	BTFSS      STATUS, 2
0x00CE	0x28D0      	GOTO       L_WordToStr11
;__Lib_Conversions.c,34 :: 		
0x00CF	0x28D2      	GOTO       L_WordToStr10
L_WordToStr11:
;__Lib_Conversions.c,35 :: 		
0x00D0	0x03E9      	DECF       WordToStr_len_L0, 1
;__Lib_Conversions.c,36 :: 		
0x00D1	0x28A6      	GOTO       L_WordToStr9
L_WordToStr10:
;__Lib_Conversions.c,37 :: 		
0x00D2	0x0008      	RETURN
; end of _WordToStr
_NRM3232:
;__Lib_MathDouble.c,167 :: 		
;__Lib_MathDouble.c,173 :: 		
;__Lib_MathDouble.c,175 :: 		
0x00D3	0x01A0      	CLRF       __math_tempbD
;__Lib_MathDouble.c,176 :: 		
0x00D4	0x0872      	MOVF       R2, 0
;__Lib_MathDouble.c,177 :: 		
0x00D5	0x1D03      	BTFSS      STATUS, 2
;__Lib_MathDouble.c,178 :: 		
0x00D6	0x28E8      	GOTO       NORM3232
;__Lib_MathDouble.c,179 :: 		
0x00D7	0x0871      	MOVF       R1, 0
;__Lib_MathDouble.c,180 :: 		
0x00D8	0x00F2      	MOVWF      R2
;__Lib_MathDouble.c,181 :: 		
0x00D9	0x0870      	MOVF       R0, 0
;__Lib_MathDouble.c,182 :: 		
0x00DA	0x00F1      	MOVWF      R1
;__Lib_MathDouble.c,183 :: 		
0x00DB	0x01F0      	CLRF       R0
;__Lib_MathDouble.c,184 :: 		
0x00DC	0x15A0      	BSF        __math_tempbD, 3
;__Lib_MathDouble.c,186 :: 		
0x00DD	0x0872      	MOVF       R2, 0
;__Lib_MathDouble.c,187 :: 		
0x00DE	0x1D03      	BTFSS      STATUS, 2
;__Lib_MathDouble.c,188 :: 		
0x00DF	0x28E8      	GOTO       NORM3232
;__Lib_MathDouble.c,189 :: 		
0x00E0	0x0871      	MOVF       R1, 0
;__Lib_MathDouble.c,190 :: 		
0x00E1	0x00F2      	MOVWF      R2
;__Lib_MathDouble.c,191 :: 		
0x00E2	0x01F1      	CLRF       R1
;__Lib_MathDouble.c,192 :: 		
0x00E3	0x11A0      	BCF        __math_tempbD, 3
;__Lib_MathDouble.c,193 :: 		
0x00E4	0x1620      	BSF        __math_tempbD, 4
;__Lib_MathDouble.c,195 :: 		
0x00E5	0x0872      	MOVF       R2, 0
;__Lib_MathDouble.c,196 :: 		
0x00E6	0x1903      	BTFSC      STATUS, 2
;__Lib_MathDouble.c,197 :: 		
0x00E7	0x28F6      	GOTO       JPNRES032
;__Lib_MathDouble.c,198 :: 		
NORM3232:
;__Lib_MathDouble.c,199 :: 		
0x00E8	0x0820      	MOVF       __math_tempbD, 0
;__Lib_MathDouble.c,200 :: 		
0x00E9	0x02F3      	SUBWF      R3, 1
;__Lib_MathDouble.c,201 :: 		
0x00EA	0x1D03      	BTFSS      STATUS, 2
;__Lib_MathDouble.c,202 :: 		
0x00EB	0x1C03      	BTFSS      STATUS, 0
;__Lib_MathDouble.c,203 :: 		
0x00EC	0x28FA      	GOTO       JPNSETFUN32
;__Lib_MathDouble.c,204 :: 		
0x00ED	0x1003      	BCF        STATUS, 0
;__Lib_MathDouble.c,205 :: 		
NORM3232A:
;__Lib_MathDouble.c,206 :: 		
0x00EE	0x1BF2      	BTFSC      R2, 7
;__Lib_MathDouble.c,207 :: 		
0x00EF	0x28FE      	GOTO       JMPNFIXSIGN32
;__Lib_MathDouble.c,208 :: 		
0x00F0	0x0DF0      	RLF        R0, 1
;__Lib_MathDouble.c,209 :: 		
0x00F1	0x0DF1      	RLF        R1, 1
;__Lib_MathDouble.c,210 :: 		
0x00F2	0x0DF2      	RLF        R2, 1
;__Lib_MathDouble.c,211 :: 		
0x00F3	0x0BF3      	DECFSZ     R3, 1
;__Lib_MathDouble.c,212 :: 		
0x00F4	0x28EE      	GOTO       NORM3232A
;__Lib_MathDouble.c,213 :: 		
0x00F5	0x28FA      	GOTO       JPNSETFUN32
;__Lib_MathDouble.c,214 :: 		
JPNRES032:
;__Lib_MathDouble.c,215 :: 		
0x00F6	0x3001      	MOVLW      1
;__Lib_MathDouble.c,216 :: 		
0x00F7	0x00FC      	MOVWF      R12
;__Lib_MathDouble.c,218 :: 		
0x00F8	0x2075      	CALL       _RES032
;__Lib_MathDouble.c,220 :: 		
0x00F9	0x2901      	GOTO       NORM32EEE
;__Lib_MathDouble.c,221 :: 		
JPNSETFUN32:
;__Lib_MathDouble.c,222 :: 		
0x00FA	0x3002      	MOVLW      2
;__Lib_MathDouble.c,223 :: 		
0x00FB	0x00FC      	MOVWF      R12
;__Lib_MathDouble.c,225 :: 		
0x00FC	0x2080      	CALL       _SETFUN32
;__Lib_MathDouble.c,227 :: 		
0x00FD	0x2901      	GOTO       NORM32EEE
;__Lib_MathDouble.c,228 :: 		
JMPNFIXSIGN32:
;__Lib_MathDouble.c,229 :: 		
0x00FE	0x3004      	MOVLW      4
;__Lib_MathDouble.c,230 :: 		
0x00FF	0x00FC      	MOVWF      R12
;__Lib_MathDouble.c,232 :: 		
0x0100	0x207C      	CALL       _FIXSIGN32
;__Lib_MathDouble.c,234 :: 		
NORM32EEE:
;__Lib_MathDouble.c,236 :: 		
0x0101	0x0008      	RETURN
; end of _NRM3232
_SETIOV3224:
;__Lib_MathDouble.c,1000 :: 		
;__Lib_MathDouble.c,1006 :: 		
0x0102	0x147B      	BSF        R11, 0
;__Lib_MathDouble.c,1007 :: 		
0x0103	0x1FFB      	BTFSS      R11, 7
;__Lib_MathDouble.c,1008 :: 		
0x0104	0x290D      	GOTO       SETIOV3224EEE
;__Lib_MathDouble.c,1010 :: 		
0x0105	0x01F2      	CLRF       R2
;__Lib_MathDouble.c,1011 :: 		
0x0106	0x1FFA      	BTFSS      R10, 7
;__Lib_MathDouble.c,1012 :: 		
0x0107	0x30FF      	MOVLW      255
;__Lib_MathDouble.c,1013 :: 		
0x0108	0x00F2      	MOVWF      R2
;__Lib_MathDouble.c,1014 :: 		
0x0109	0x00F1      	MOVWF      R1
;__Lib_MathDouble.c,1015 :: 		
0x010A	0x00F0      	MOVWF      R0
;__Lib_MathDouble.c,1016 :: 		
0x010B	0x0DFA      	RLF        R10, 1
;__Lib_MathDouble.c,1017 :: 		
0x010C	0x0CF2      	RRF        R2, 1
;__Lib_MathDouble.c,1018 :: 		
SETIOV3224EEE:
;__Lib_MathDouble.c,1019 :: 		
0x010D	0x30FF      	MOVLW      255
;__Lib_MathDouble.c,1021 :: 		
0x010E	0x0008      	RETURN
; end of _SETIOV3224
_Delay_22us:
;__Lib_Delays.c,15 :: 		void Delay_22us() {
;__Lib_Delays.c,16 :: 		Delay_us(22);
0x010F	0x3007      	MOVLW      7
0x0110	0x1283      	BCF        STATUS, 5
0x0111	0x1303      	BCF        STATUS, 6
0x0112	0x00FD      	MOVWF      R13
L_Delay_22us1:
0x0113	0x0BFD      	DECFSZ     R13, 1
0x0114	0x2913      	GOTO       L_Delay_22us1
;__Lib_Delays.c,17 :: 		}
0x0115	0x0008      	RETURN
; end of _Delay_22us
_Lcd_Chr_CP:
;__Lib_Lcd.c,50 :: 		
;__Lib_Lcd.c,52 :: 		
0x0116	0x1283      	BCF        STATUS, 5
0x0117	0x1303      	BCF        STATUS, 6
0x0118	0x1042      	BCF        __Lib_Lcd_cmd_status, BitPos(__Lib_Lcd_cmd_status+0)
;__Lib_Lcd.c,53 :: 		
0x0119	0x0866      	MOVF       FARG_Lcd_Chr_CP_out_char, 0
0x011A	0x00EB      	MOVWF      FARG_Lcd_Cmd_out_char
0x011B	0x2035      	CALL       _Lcd_Cmd
;__Lib_Lcd.c,54 :: 		
0x011C	0x1442      	BSF        __Lib_Lcd_cmd_status, BitPos(__Lib_Lcd_cmd_status+0)
;__Lib_Lcd.c,55 :: 		
0x011D	0x0008      	RETURN
; end of _Lcd_Chr_CP
_Mul_16x16_U:
;__Lib_Math.c,136 :: 		
;__Lib_Math.c,143 :: 		
0x011E	0x1283      	BCF        STATUS, 5
;__Lib_Math.c,144 :: 		
0x011F	0x1303      	BCF        STATUS, 6
;__Lib_Math.c,145 :: 		
0x0120	0x01FB      	CLRF       R11
;__Lib_Math.c,146 :: 		
0x0121	0x01FA      	CLRF       R10
;__Lib_Math.c,147 :: 		
0x0122	0x01F9      	CLRF       R9
;__Lib_Math.c,148 :: 		
0x0123	0x3080      	MOVLW      128
;__Lib_Math.c,149 :: 		
0x0124	0x00F8      	MOVWF      R8
;__Lib_Math.c,150 :: 		
0x0125	0x0CF1      	RRF        R1, 1
;__Lib_Math.c,151 :: 		
0x0126	0x0CF0      	RRF        R0, 1
;__Lib_Math.c,152 :: 		
0x0127	0x1C03      	BTFSS      STATUS, 0
;__Lib_Math.c,153 :: 		
0x0128	0x2932      	GOTO       $+10
;__Lib_Math.c,154 :: 		
0x0129	0x0874      	MOVF       R4, 0
;__Lib_Math.c,155 :: 		
0x012A	0x07F9      	ADDWF      R9, 1
;__Lib_Math.c,156 :: 		
0x012B	0x0875      	MOVF       R5, 0
;__Lib_Math.c,157 :: 		
0x012C	0x1803      	BTFSC      STATUS, 0
;__Lib_Math.c,158 :: 		
0x012D	0x0F75      	INCFSZ     R5, 0
;__Lib_Math.c,159 :: 		
0x012E	0x07FA      	ADDWF      R10, 1
;__Lib_Math.c,160 :: 		
0x012F	0x1803      	BTFSC      STATUS, 0
;__Lib_Math.c,161 :: 		
0x0130	0x0AFB      	INCF       R11, 1
;__Lib_Math.c,162 :: 		
0x0131	0x1003      	BCF        STATUS, 0
;__Lib_Math.c,163 :: 		
0x0132	0x1FF0      	BTFSS      R0, 7
;__Lib_Math.c,164 :: 		
0x0133	0x293A      	GOTO       $+7
;__Lib_Math.c,165 :: 		
0x0134	0x0874      	MOVF       R4, 0
;__Lib_Math.c,166 :: 		
0x0135	0x07FA      	ADDWF      R10, 1
;__Lib_Math.c,167 :: 		
0x0136	0x0875      	MOVF       R5, 0
;__Lib_Math.c,168 :: 		
0x0137	0x1803      	BTFSC      STATUS, 0
;__Lib_Math.c,169 :: 		
0x0138	0x0F75      	INCFSZ     R5, 0
;__Lib_Math.c,170 :: 		
0x0139	0x07FB      	ADDWF      R11, 1
;__Lib_Math.c,171 :: 		
0x013A	0x0CFB      	RRF        R11, 1
;__Lib_Math.c,172 :: 		
0x013B	0x0CFA      	RRF        R10, 1
;__Lib_Math.c,173 :: 		
0x013C	0x0CF9      	RRF        R9, 1
;__Lib_Math.c,174 :: 		
0x013D	0x0CF8      	RRF        R8, 1
;__Lib_Math.c,175 :: 		
0x013E	0x1C03      	BTFSS      STATUS, 0
;__Lib_Math.c,176 :: 		
0x013F	0x2925      	GOTO       $-26
;__Lib_Math.c,177 :: 		
0x0140	0x087B      	MOVF       R11, 0
;__Lib_Math.c,178 :: 		
0x0141	0x00F3      	MOVWF      R3
;__Lib_Math.c,179 :: 		
0x0142	0x087A      	MOVF       R10, 0
;__Lib_Math.c,180 :: 		
0x0143	0x00F2      	MOVWF      R2
;__Lib_Math.c,181 :: 		
0x0144	0x0879      	MOVF       R9, 0
;__Lib_Math.c,182 :: 		
0x0145	0x00F1      	MOVWF      R1
;__Lib_Math.c,183 :: 		
0x0146	0x0878      	MOVF       R8, 0
;__Lib_Math.c,184 :: 		
0x0147	0x00F0      	MOVWF      R0
;__Lib_Math.c,187 :: 		
0x0148	0x0008      	RETURN
; end of _Mul_16x16_U
_PWM1_Set_Duty:
;__Lib_PWM_c21.c,40 :: 		
;__Lib_PWM_c21.c,44 :: 		
0x0149	0x1683      	BSF        STATUS, 5
0x014A	0x1303      	BCF        STATUS, 6
0x014B	0x0812      	MOVF       PR2, 0
0x014C	0x3E01      	ADDLW      1
0x014D	0x00F0      	MOVWF      R0
0x014E	0x01F1      	CLRF       R0+1
0x014F	0x1803      	BTFSC      STATUS, 0
0x0150	0x0AF1      	INCF       R0+1, 1
0x0151	0x1283      	BCF        STATUS, 5
0x0152	0x085D      	MOVF       FARG_PWM1_Set_Duty_new_duty, 0
0x0153	0x00F4      	MOVWF      R4
0x0154	0x01F5      	CLRF       R4+1
0x0155	0x211E      	CALL       _Mul_16x16_U
0x0156	0x3006      	MOVLW      6
0x0157	0x00F2      	MOVWF      R2
0x0158	0x0870      	MOVF       R0, 0
0x0159	0x00F4      	MOVWF      R4
0x015A	0x0871      	MOVF       R0+1, 0
0x015B	0x00F5      	MOVWF      R4+1
0x015C	0x0872      	MOVF       R2, 0
L__PWM1_Set_Duty4:
0x015D	0x1903      	BTFSC      STATUS, 2
0x015E	0x2964      	GOTO       L__PWM1_Set_Duty5
0x015F	0x0CF5      	RRF        R4+1, 1
0x0160	0x0CF4      	RRF        R4, 1
0x0161	0x13F5      	BCF        R4+1, 7
0x0162	0x3EFF      	ADDLW      255
0x0163	0x295D      	GOTO       L__PWM1_Set_Duty4
L__PWM1_Set_Duty5:
;__Lib_PWM_c21.c,45 :: 		
0x0164	0x3004      	MOVLW      4
0x0165	0x00F1      	MOVWF      R1
0x0166	0x0874      	MOVF       R4, 0
0x0167	0x00F0      	MOVWF      R0
0x0168	0x0871      	MOVF       R1, 0
L__PWM1_Set_Duty6:
0x0169	0x1903      	BTFSC      STATUS, 2
0x016A	0x296F      	GOTO       L__PWM1_Set_Duty7
0x016B	0x0DF0      	RLF        R0, 1
0x016C	0x1070      	BCF        R0, 0
0x016D	0x3EFF      	ADDLW      255
0x016E	0x2969      	GOTO       L__PWM1_Set_Duty6
L__PWM1_Set_Duty7:
0x016F	0x1283      	BCF        STATUS, 5
0x0170	0x1303      	BCF        STATUS, 6
0x0171	0x3030      	MOVLW      48
0x0172	0x0570      	ANDWF      R0, 0
0x0173	0x00F3      	MOVWF      R3
;__Lib_PWM_c21.c,46 :: 		
0x0174	0x0874      	MOVF       R4, 0
0x0175	0x00F0      	MOVWF      R0
0x0176	0x0875      	MOVF       R4+1, 0
0x0177	0x00F1      	MOVWF      R0+1
0x0178	0x0CF1      	RRF        R0+1, 1
0x0179	0x0CF0      	RRF        R0, 1
0x017A	0x13F1      	BCF        R0+1, 7
0x017B	0x0CF1      	RRF        R0+1, 1
0x017C	0x0CF0      	RRF        R0, 1
0x017D	0x13F1      	BCF        R0+1, 7
0x017E	0x0870      	MOVF       R0, 0
0x017F	0x0095      	MOVWF      CCPR1L
;__Lib_PWM_c21.c,47 :: 		
0x0180	0x300F      	MOVLW      15
0x0181	0x0597      	ANDWF      CCP1CON, 1
;__Lib_PWM_c21.c,48 :: 		
0x0182	0x0873      	MOVF       R3, 0
0x0183	0x0497      	IORWF      CCP1CON, 1
;__Lib_PWM_c21.c,49 :: 		
0x0184	0x0008      	RETURN
; end of _PWM1_Set_Duty
_IntToStr:
;__Lib_Conversions.c,69 :: 		
;__Lib_Conversions.c,75 :: 		
0x0185	0x1283      	BCF        STATUS, 5
0x0186	0x1303      	BCF        STATUS, 6
0x0187	0x01E2      	CLRF       IntToStr_negative_L0
0x0188	0x01E3      	CLRF       IntToStr_negative_L0+1
;__Lib_Conversions.c,76 :: 		
0x0189	0x085D      	MOVF       FARG_IntToStr_input, 0
0x018A	0x00E4      	MOVWF      IntToStr_inword_L0
0x018B	0x085E      	MOVF       FARG_IntToStr_input+1, 0
0x018C	0x00E5      	MOVWF      IntToStr_inword_L0+1
;__Lib_Conversions.c,77 :: 		
0x018D	0x3080      	MOVLW      128
0x018E	0x065E      	XORWF      FARG_IntToStr_input+1, 0
0x018F	0x00F0      	MOVWF      R0
0x0190	0x3080      	MOVLW      128
0x0191	0x0270      	SUBWF      R0, 0
0x0192	0x1D03      	BTFSS      STATUS, 2
0x0193	0x2996      	GOTO       L__IntToStr65
0x0194	0x3000      	MOVLW      0
0x0195	0x025D      	SUBWF      FARG_IntToStr_input, 0
L__IntToStr65:
0x0196	0x1803      	BTFSC      STATUS, 0
0x0197	0x29A4      	GOTO       L_IntToStr18
;__Lib_Conversions.c,78 :: 		
0x0198	0x3001      	MOVLW      1
0x0199	0x00E2      	MOVWF      IntToStr_negative_L0
0x019A	0x3000      	MOVLW      0
0x019B	0x00E3      	MOVWF      IntToStr_negative_L0+1
;__Lib_Conversions.c,79 :: 		
0x019C	0x085D      	MOVF       FARG_IntToStr_input, 0
0x019D	0x3C00      	SUBLW      0
0x019E	0x00E4      	MOVWF      IntToStr_inword_L0
0x019F	0x085E      	MOVF       FARG_IntToStr_input+1, 0
0x01A0	0x1C03      	BTFSS      STATUS, 0
0x01A1	0x3E01      	ADDLW      1
0x01A2	0x01E5      	CLRF       IntToStr_inword_L0+1
0x01A3	0x02E5      	SUBWF      IntToStr_inword_L0+1, 1
;__Lib_Conversions.c,80 :: 		
L_IntToStr18:
;__Lib_Conversions.c,81 :: 		
0x01A4	0x0864      	MOVF       IntToStr_inword_L0, 0
0x01A5	0x00E6      	MOVWF      FARG_WordToStr_input
0x01A6	0x0865      	MOVF       IntToStr_inword_L0+1, 0
0x01A7	0x00E7      	MOVWF      FARG_WordToStr_input+1
0x01A8	0x085F      	MOVF       FARG_IntToStr_output, 0
0x01A9	0x00E8      	MOVWF      FARG_WordToStr_output
0x01AA	0x2093      	CALL       _WordToStr
;__Lib_Conversions.c,83 :: 		
0x01AB	0x3006      	MOVLW      6
0x01AC	0x00E0      	MOVWF      IntToStr_i_L0
0x01AD	0x3000      	MOVLW      0
0x01AE	0x00E1      	MOVWF      IntToStr_i_L0+1
;__Lib_Conversions.c,84 :: 		
L_IntToStr19:
0x01AF	0x0861      	MOVF       IntToStr_i_L0+1, 0
0x01B0	0x3C00      	SUBLW      0
0x01B1	0x1D03      	BTFSS      STATUS, 2
0x01B2	0x29B5      	GOTO       L__IntToStr66
0x01B3	0x0860      	MOVF       IntToStr_i_L0, 0
0x01B4	0x3C00      	SUBLW      0
L__IntToStr66:
0x01B5	0x1803      	BTFSC      STATUS, 0
0x01B6	0x29D0      	GOTO       L_IntToStr20
;__Lib_Conversions.c,85 :: 		
0x01B7	0x0860      	MOVF       IntToStr_i_L0, 0
0x01B8	0x075F      	ADDWF      FARG_IntToStr_output, 0
0x01B9	0x00F2      	MOVWF      R2
0x01BA	0x3001      	MOVLW      1
0x01BB	0x0260      	SUBWF      IntToStr_i_L0, 0
0x01BC	0x00F0      	MOVWF      R0
0x01BD	0x3000      	MOVLW      0
0x01BE	0x1C03      	BTFSS      STATUS, 0
0x01BF	0x3E01      	ADDLW      1
0x01C0	0x0261      	SUBWF      IntToStr_i_L0+1, 0
0x01C1	0x00F1      	MOVWF      R0+1
0x01C2	0x0870      	MOVF       R0, 0
0x01C3	0x075F      	ADDWF      FARG_IntToStr_output, 0
0x01C4	0x0084      	MOVWF      FSR
0x01C5	0x0800      	MOVF       INDF, 0
0x01C6	0x00F0      	MOVWF      R0
0x01C7	0x0872      	MOVF       R2, 0
0x01C8	0x0084      	MOVWF      FSR
0x01C9	0x0870      	MOVF       R0, 0
0x01CA	0x0080      	MOVWF      INDF
;__Lib_Conversions.c,86 :: 		
0x01CB	0x3001      	MOVLW      1
0x01CC	0x02E0      	SUBWF      IntToStr_i_L0, 1
0x01CD	0x1C03      	BTFSS      STATUS, 0
0x01CE	0x03E1      	DECF       IntToStr_i_L0+1, 1
;__Lib_Conversions.c,87 :: 		
0x01CF	0x29AF      	GOTO       L_IntToStr19
L_IntToStr20:
;__Lib_Conversions.c,88 :: 		
0x01D0	0x085F      	MOVF       FARG_IntToStr_output, 0
0x01D1	0x0084      	MOVWF      FSR
0x01D2	0x3020      	MOVLW      32
0x01D3	0x0080      	MOVWF      INDF
;__Lib_Conversions.c,89 :: 		
0x01D4	0x0862      	MOVF       IntToStr_negative_L0, 0
0x01D5	0x0463      	IORWF      IntToStr_negative_L0+1, 0
0x01D6	0x1903      	BTFSC      STATUS, 2
0x01D7	0x29EE      	GOTO       L_IntToStr21
;__Lib_Conversions.c,90 :: 		
0x01D8	0x01E0      	CLRF       IntToStr_i_L0
0x01D9	0x01E1      	CLRF       IntToStr_i_L0+1
;__Lib_Conversions.c,91 :: 		
L_IntToStr22:
0x01DA	0x0860      	MOVF       IntToStr_i_L0, 0
0x01DB	0x075F      	ADDWF      FARG_IntToStr_output, 0
0x01DC	0x0084      	MOVWF      FSR
0x01DD	0x0800      	MOVF       INDF, 0
0x01DE	0x3A20      	XORLW      32
0x01DF	0x1D03      	BTFSS      STATUS, 2
0x01E0	0x29E5      	GOTO       L_IntToStr23
0x01E1	0x0AE0      	INCF       IntToStr_i_L0, 1
0x01E2	0x1903      	BTFSC      STATUS, 2
0x01E3	0x0AE1      	INCF       IntToStr_i_L0+1, 1
0x01E4	0x29DA      	GOTO       L_IntToStr22
L_IntToStr23:
;__Lib_Conversions.c,92 :: 		
0x01E5	0x3001      	MOVLW      1
0x01E6	0x02E0      	SUBWF      IntToStr_i_L0, 1
0x01E7	0x1C03      	BTFSS      STATUS, 0
0x01E8	0x03E1      	DECF       IntToStr_i_L0+1, 1
;__Lib_Conversions.c,93 :: 		
0x01E9	0x0860      	MOVF       IntToStr_i_L0, 0
0x01EA	0x075F      	ADDWF      FARG_IntToStr_output, 0
0x01EB	0x0084      	MOVWF      FSR
0x01EC	0x302D      	MOVLW      45
0x01ED	0x0080      	MOVWF      INDF
L_IntToStr21:
;__Lib_Conversions.c,94 :: 		
0x01EE	0x0008      	RETURN
; end of _IntToStr
_Compare_Double:
;__Lib_MathDouble.c,2053 :: 		
;__Lib_MathDouble.c,2062 :: 		
;__Lib_MathDouble.c,2064 :: 		
0x01EF	0x1283      	BCF        STATUS, 5
;__Lib_MathDouble.c,2065 :: 		
0x01F0	0x1303      	BCF        STATUS, 6
;__Lib_MathDouble.c,2067 :: 		
0x01F1	0x01FA      	CLRF       R10
;__Lib_MathDouble.c,2068 :: 		
0x01F2	0x0873      	MOVF       R3, 0
;__Lib_MathDouble.c,2069 :: 		
0x01F3	0x1D03      	BTFSS      STATUS, 2
;__Lib_MathDouble.c,2070 :: 		
0x01F4	0x147A      	BSF        R10, 0
;__Lib_MathDouble.c,2071 :: 		
0x01F5	0x0877      	MOVF       R7, 0
;__Lib_MathDouble.c,2072 :: 		
0x01F6	0x1D03      	BTFSS      STATUS, 2
;__Lib_MathDouble.c,2073 :: 		
0x01F7	0x14FA      	BSF        R10, 1
;__Lib_MathDouble.c,2075 :: 		
0x01F8	0x087A      	MOVF       R10, 0
;__Lib_MathDouble.c,2076 :: 		
0x01F9	0x1903      	BTFSC      STATUS, 2
;__Lib_MathDouble.c,2077 :: 		
0x01FA	0x2A3B      	GOTO       COMPARE_EQU
;__Lib_MathDouble.c,2078 :: 		
0x01FB	0x3A03      	XORLW      3
;__Lib_MathDouble.c,2079 :: 		
0x01FC	0x1903      	BTFSC      STATUS, 2
;__Lib_MathDouble.c,2080 :: 		
0x01FD	0x2A06      	GOTO       COMPARE_NOTZERO
;__Lib_MathDouble.c,2082 :: 		
0x01FE	0x187A      	BTFSC      R10, 0
;__Lib_MathDouble.c,2083 :: 		
0x01FF	0x2A03      	GOTO       COMPARE_XNOTZERO
;__Lib_MathDouble.c,2085 :: 		
0x0200	0x1FF6      	BTFSS      R6, 7
;__Lib_MathDouble.c,2086 :: 		
0x0201	0x2A39      	GOTO       COMPARE_LT
;__Lib_MathDouble.c,2087 :: 		
0x0202	0x2A37      	GOTO       COMPARE_GT
;__Lib_MathDouble.c,2088 :: 		
COMPARE_XNOTZERO:
;__Lib_MathDouble.c,2089 :: 		
0x0203	0x1FF2      	BTFSS      R2, 7
;__Lib_MathDouble.c,2090 :: 		
0x0204	0x2A37      	GOTO       COMPARE_GT
;__Lib_MathDouble.c,2091 :: 		
0x0205	0x2A39      	GOTO       COMPARE_LT
;__Lib_MathDouble.c,2093 :: 		
COMPARE_NOTZERO:
;__Lib_MathDouble.c,2094 :: 		
0x0206	0x0872      	MOVF       R2, 0
;__Lib_MathDouble.c,2095 :: 		
0x0207	0x3980      	ANDLW      128
;__Lib_MathDouble.c,2096 :: 		
0x0208	0x00FA      	MOVWF      R10
;__Lib_MathDouble.c,2097 :: 		
0x0209	0x13F2      	BCF        R2, 7
;__Lib_MathDouble.c,2099 :: 		
0x020A	0x0876      	MOVF       R6, 0
;__Lib_MathDouble.c,2100 :: 		
0x020B	0x3980      	ANDLW      128
;__Lib_MathDouble.c,2101 :: 		
0x020C	0x13F6      	BCF        R6, 7
;__Lib_MathDouble.c,2103 :: 		
0x020D	0x067A      	XORWF      R10, 0
;__Lib_MathDouble.c,2104 :: 		
0x020E	0x1903      	BTFSC      STATUS, 2
;__Lib_MathDouble.c,2105 :: 		
0x020F	0x2A14      	GOTO       COMPARE_TESTALL
;__Lib_MathDouble.c,2107 :: 		
0x0210	0x087A      	MOVF       R10, 0
;__Lib_MathDouble.c,2108 :: 		
0x0211	0x1903      	BTFSC      STATUS, 2
;__Lib_MathDouble.c,2109 :: 		
0x0212	0x2A37      	GOTO       COMPARE_GT
;__Lib_MathDouble.c,2110 :: 		
0x0213	0x2A39      	GOTO       COMPARE_LT
;__Lib_MathDouble.c,2112 :: 		
COMPARE_TESTALL:
;__Lib_MathDouble.c,2113 :: 		
0x0214	0x0877      	MOVF       R7, 0
;__Lib_MathDouble.c,2114 :: 		
0x0215	0x0273      	SUBWF      R3, 0
;__Lib_MathDouble.c,2115 :: 		
0x0216	0x1903      	BTFSC      STATUS, 2
;__Lib_MathDouble.c,2116 :: 		
0x0217	0x2A1B      	GOTO       COMPARE_C1
;__Lib_MathDouble.c,2117 :: 		
0x0218	0x1C03      	BTFSS      STATUS, 0
;__Lib_MathDouble.c,2118 :: 		
0x0219	0x2A2F      	GOTO       GT_FALSE
;__Lib_MathDouble.c,2119 :: 		
0x021A	0x2A33      	GOTO       GT_TRUE
;__Lib_MathDouble.c,2120 :: 		
COMPARE_C1:
;__Lib_MathDouble.c,2121 :: 		
0x021B	0x0876      	MOVF       R6, 0
;__Lib_MathDouble.c,2122 :: 		
0x021C	0x0272      	SUBWF      R2, 0
;__Lib_MathDouble.c,2123 :: 		
0x021D	0x1903      	BTFSC      STATUS, 2
;__Lib_MathDouble.c,2124 :: 		
0x021E	0x2A22      	GOTO       COMPARE_C2
;__Lib_MathDouble.c,2125 :: 		
0x021F	0x1C03      	BTFSS      STATUS, 0
;__Lib_MathDouble.c,2126 :: 		
0x0220	0x2A2F      	GOTO       GT_FALSE
;__Lib_MathDouble.c,2127 :: 		
0x0221	0x2A33      	GOTO       GT_TRUE
;__Lib_MathDouble.c,2128 :: 		
COMPARE_C2:
;__Lib_MathDouble.c,2129 :: 		
0x0222	0x0875      	MOVF       R5, 0
;__Lib_MathDouble.c,2130 :: 		
0x0223	0x0271      	SUBWF      R1, 0
;__Lib_MathDouble.c,2131 :: 		
0x0224	0x1903      	BTFSC      STATUS, 2
;__Lib_MathDouble.c,2132 :: 		
0x0225	0x2A29      	GOTO       COMPARE_C3
;__Lib_MathDouble.c,2133 :: 		
0x0226	0x1C03      	BTFSS      STATUS, 0
;__Lib_MathDouble.c,2134 :: 		
0x0227	0x2A2F      	GOTO       GT_FALSE
;__Lib_MathDouble.c,2135 :: 		
0x0228	0x2A33      	GOTO       GT_TRUE
;__Lib_MathDouble.c,2136 :: 		
COMPARE_C3:
;__Lib_MathDouble.c,2137 :: 		
0x0229	0x0874      	MOVF       R4, 0
;__Lib_MathDouble.c,2138 :: 		
0x022A	0x0270      	SUBWF      R0, 0
;__Lib_MathDouble.c,2139 :: 		
0x022B	0x1903      	BTFSC      STATUS, 2
;__Lib_MathDouble.c,2140 :: 		
0x022C	0x2A3B      	GOTO       COMPARE_EQU
;__Lib_MathDouble.c,2141 :: 		
0x022D	0x1803      	BTFSC      STATUS, 0
;__Lib_MathDouble.c,2142 :: 		
0x022E	0x2A33      	GOTO       GT_TRUE
;__Lib_MathDouble.c,2144 :: 		
GT_FALSE:
;__Lib_MathDouble.c,2145 :: 		
0x022F	0x08FA      	MOVF       R10, 1
;__Lib_MathDouble.c,2146 :: 		
0x0230	0x1903      	BTFSC      STATUS, 2
;__Lib_MathDouble.c,2147 :: 		
0x0231	0x2A39      	GOTO       COMPARE_LT
;__Lib_MathDouble.c,2148 :: 		
0x0232	0x2A37      	GOTO       COMPARE_GT
;__Lib_MathDouble.c,2149 :: 		
GT_TRUE:
;__Lib_MathDouble.c,2150 :: 		
0x0233	0x08FA      	MOVF       R10, 1
;__Lib_MathDouble.c,2151 :: 		
0x0234	0x1903      	BTFSC      STATUS, 2
;__Lib_MathDouble.c,2152 :: 		
0x0235	0x2A37      	GOTO       COMPARE_GT
;__Lib_MathDouble.c,2153 :: 		
0x0236	0x2A39      	GOTO       COMPARE_LT
;__Lib_MathDouble.c,2155 :: 		
COMPARE_GT:
;__Lib_MathDouble.c,2158 :: 		
0x0237	0x1403      	BSF        STATUS, 0
;__Lib_MathDouble.c,2159 :: 		
0x0238	0x0008      	RETURN
;__Lib_MathDouble.c,2160 :: 		
COMPARE_LT:
;__Lib_MathDouble.c,2163 :: 		
0x0239	0x1003      	BCF        STATUS, 0
;__Lib_MathDouble.c,2164 :: 		
0x023A	0x0008      	RETURN
;__Lib_MathDouble.c,2165 :: 		
COMPARE_EQU:
;__Lib_MathDouble.c,2168 :: 		
0x023B	0x1403      	BSF        STATUS, 0
;__Lib_MathDouble.c,2169 :: 		
0x023C	0x1503      	BSF        STATUS, 2
;__Lib_MathDouble.c,2170 :: 		
0x023D	0x0008      	RETURN
;__Lib_MathDouble.c,2172 :: 		
0x023E	0x0008      	RETURN
; end of _Compare_Double
_PWM1_Start:
;__Lib_PWM_c21.c,51 :: 		
;__Lib_PWM_c21.c,52 :: 		
0x023F	0x1683      	BSF        STATUS, 5
0x0240	0x1303      	BCF        STATUS, 6
0x0241	0x1107      	BCF        TRISC2_bit, 2
;__Lib_PWM_c21.c,53 :: 		
0x0242	0x1283      	BCF        STATUS, 5
0x0243	0x1512      	BSF        T2CON, 2
;__Lib_PWM_c21.c,54 :: 		
0x0244	0x300C      	MOVLW      12
0x0245	0x0497      	IORWF      CCP1CON, 1
;__Lib_PWM_c21.c,55 :: 		
0x0246	0x0008      	RETURN
; end of _PWM1_Start
_PWM2_Start:
;__Lib_PWM_c21.c,19 :: 		
;__Lib_PWM_c21.c,20 :: 		
0x0247	0x1683      	BSF        STATUS, 5
0x0248	0x1303      	BCF        STATUS, 6
0x0249	0x1087      	BCF        TRISC1_bit, 1
;__Lib_PWM_c21.c,21 :: 		
0x024A	0x1283      	BCF        STATUS, 5
0x024B	0x1512      	BSF        T2CON, 2
;__Lib_PWM_c21.c,22 :: 		
0x024C	0x300C      	MOVLW      12
0x024D	0x049D      	IORWF      CCP2CON, 1
;__Lib_PWM_c21.c,23 :: 		
0x024E	0x0008      	RETURN
; end of _PWM2_Start
_PWM2_Set_Duty:
;__Lib_PWM_c21.c,8 :: 		
;__Lib_PWM_c21.c,12 :: 		
0x024F	0x1683      	BSF        STATUS, 5
0x0250	0x1303      	BCF        STATUS, 6
0x0251	0x0812      	MOVF       PR2, 0
0x0252	0x3E01      	ADDLW      1
0x0253	0x00F0      	MOVWF      R0
0x0254	0x01F1      	CLRF       R0+1
0x0255	0x1803      	BTFSC      STATUS, 0
0x0256	0x0AF1      	INCF       R0+1, 1
0x0257	0x1283      	BCF        STATUS, 5
0x0258	0x085D      	MOVF       FARG_PWM2_Set_Duty_new_duty, 0
0x0259	0x00F4      	MOVWF      R4
0x025A	0x01F5      	CLRF       R4+1
0x025B	0x211E      	CALL       _Mul_16x16_U
0x025C	0x3006      	MOVLW      6
0x025D	0x00F2      	MOVWF      R2
0x025E	0x0870      	MOVF       R0, 0
0x025F	0x00F4      	MOVWF      R4
0x0260	0x0871      	MOVF       R0+1, 0
0x0261	0x00F5      	MOVWF      R4+1
0x0262	0x0872      	MOVF       R2, 0
L__PWM2_Set_Duty0:
0x0263	0x1903      	BTFSC      STATUS, 2
0x0264	0x2A6A      	GOTO       L__PWM2_Set_Duty1
0x0265	0x0CF5      	RRF        R4+1, 1
0x0266	0x0CF4      	RRF        R4, 1
0x0267	0x13F5      	BCF        R4+1, 7
0x0268	0x3EFF      	ADDLW      255
0x0269	0x2A63      	GOTO       L__PWM2_Set_Duty0
L__PWM2_Set_Duty1:
;__Lib_PWM_c21.c,13 :: 		
0x026A	0x3004      	MOVLW      4
0x026B	0x00F1      	MOVWF      R1
0x026C	0x0874      	MOVF       R4, 0
0x026D	0x00F0      	MOVWF      R0
0x026E	0x0871      	MOVF       R1, 0
L__PWM2_Set_Duty2:
0x026F	0x1903      	BTFSC      STATUS, 2
0x0270	0x2A75      	GOTO       L__PWM2_Set_Duty3
0x0271	0x0DF0      	RLF        R0, 1
0x0272	0x1070      	BCF        R0, 0
0x0273	0x3EFF      	ADDLW      255
0x0274	0x2A6F      	GOTO       L__PWM2_Set_Duty2
L__PWM2_Set_Duty3:
0x0275	0x1283      	BCF        STATUS, 5
0x0276	0x1303      	BCF        STATUS, 6
0x0277	0x3030      	MOVLW      48
0x0278	0x0570      	ANDWF      R0, 0
0x0279	0x00F3      	MOVWF      R3
;__Lib_PWM_c21.c,14 :: 		
0x027A	0x0874      	MOVF       R4, 0
0x027B	0x00F0      	MOVWF      R0
0x027C	0x0875      	MOVF       R4+1, 0
0x027D	0x00F1      	MOVWF      R0+1
0x027E	0x0CF1      	RRF        R0+1, 1
0x027F	0x0CF0      	RRF        R0, 1
0x0280	0x13F1      	BCF        R0+1, 7
0x0281	0x0CF1      	RRF        R0+1, 1
0x0282	0x0CF0      	RRF        R0, 1
0x0283	0x13F1      	BCF        R0+1, 7
0x0284	0x0870      	MOVF       R0, 0
0x0285	0x009B      	MOVWF      CCPR2L
;__Lib_PWM_c21.c,15 :: 		
0x0286	0x300F      	MOVLW      15
0x0287	0x059D      	ANDWF      CCP2CON, 1
;__Lib_PWM_c21.c,16 :: 		
0x0288	0x0873      	MOVF       R3, 0
0x0289	0x049D      	IORWF      CCP2CON, 1
;__Lib_PWM_c21.c,17 :: 		
0x028A	0x0008      	RETURN
; end of _PWM2_Set_Duty
_PWM2_Init:
;__Lib_PWM_c21.c,1 :: 		
;__Lib_PWM_c21.c,2 :: 		
;__Lib_PWM_c21.c,3 :: 		
0x028B	0x1283      	BCF        STATUS, 5
0x028C	0x1303      	BCF        STATUS, 6
0x028D	0x019B      	CLRF       CCPR2L
;__Lib_PWM_c21.c,4 :: 		
0x028E	0x121D      	BCF        CCP2CON, 4
;__Lib_PWM_c21.c,5 :: 		
0x028F	0x129D      	BCF        CCP2CON, 5
;__Lib_PWM_c21.c,6 :: 		
0x0290	0x0008      	RETURN
; end of _PWM2_Init
_Lcd_Init:
;__Lib_Lcd.c,84 :: 		
;__Lib_Lcd.c,86 :: 		
0x0291	0x1683      	BSF        STATUS, 5
0x0292	0x1303      	BCF        STATUS, 6
0x0293	0x1108      	BCF        LCD_EN_Direction, BitPos(LCD_EN_Direction+0)
;__Lib_Lcd.c,87 :: 		
0x0294	0x1088      	BCF        LCD_RS_Direction, BitPos(LCD_RS_Direction+0)
;__Lib_Lcd.c,88 :: 		
0x0295	0x1208      	BCF        LCD_D4_Direction, BitPos(LCD_D4_Direction+0)
;__Lib_Lcd.c,89 :: 		
0x0296	0x1288      	BCF        LCD_D5_Direction, BitPos(LCD_D5_Direction+0)
;__Lib_Lcd.c,90 :: 		
0x0297	0x1308      	BCF        LCD_D6_Direction, BitPos(LCD_D6_Direction+0)
;__Lib_Lcd.c,91 :: 		
0x0298	0x1388      	BCF        LCD_D7_Direction, BitPos(LCD_D7_Direction+0)
;__Lib_Lcd.c,93 :: 		
0x0299	0x1283      	BCF        STATUS, 5
0x029A	0x1108      	BCF        LCD_EN, BitPos(LCD_EN+0)
;__Lib_Lcd.c,94 :: 		
0x029B	0x1088      	BCF        LCD_RS, BitPos(LCD_RS+0)
;__Lib_Lcd.c,95 :: 		
0x029C	0x1388      	BCF        LCD_D7, BitPos(LCD_D7+0)
;__Lib_Lcd.c,96 :: 		
0x029D	0x1308      	BCF        LCD_D6, BitPos(LCD_D6+0)
;__Lib_Lcd.c,97 :: 		
0x029E	0x1288      	BCF        LCD_D5, BitPos(LCD_D5+0)
;__Lib_Lcd.c,98 :: 		
0x029F	0x1208      	BCF        LCD_D4, BitPos(LCD_D4+0)
;__Lib_Lcd.c,100 :: 		
0x02A0	0x200D      	CALL       _Delay_5500us
;__Lib_Lcd.c,101 :: 		
0x02A1	0x200D      	CALL       _Delay_5500us
;__Lib_Lcd.c,102 :: 		
0x02A2	0x200D      	CALL       _Delay_5500us
;__Lib_Lcd.c,105 :: 		
0x02A3	0x1688      	BSF        LCD_D5, BitPos(LCD_D5+0)
;__Lib_Lcd.c,106 :: 		
0x02A4	0x1608      	BSF        LCD_D4, BitPos(LCD_D4+0)
;__Lib_Lcd.c,107 :: 		
0x02A5	0x1508      	BSF        LCD_EN, BitPos(LCD_EN+0)
;__Lib_Lcd.c,108 :: 		
0x02A6	0x200B      	CALL       _Delay_1us
;__Lib_Lcd.c,109 :: 		
0x02A7	0x1108      	BCF        LCD_EN, BitPos(LCD_EN+0)
;__Lib_Lcd.c,110 :: 		
0x02A8	0x200D      	CALL       _Delay_5500us
;__Lib_Lcd.c,112 :: 		
0x02A9	0x1508      	BSF        LCD_EN, BitPos(LCD_EN+0)
;__Lib_Lcd.c,113 :: 		
0x02AA	0x200B      	CALL       _Delay_1us
;__Lib_Lcd.c,114 :: 		
0x02AB	0x1108      	BCF        LCD_EN, BitPos(LCD_EN+0)
;__Lib_Lcd.c,115 :: 		
0x02AC	0x200D      	CALL       _Delay_5500us
;__Lib_Lcd.c,117 :: 		
0x02AD	0x1508      	BSF        LCD_EN, BitPos(LCD_EN+0)
;__Lib_Lcd.c,118 :: 		
0x02AE	0x200B      	CALL       _Delay_1us
;__Lib_Lcd.c,119 :: 		
0x02AF	0x1108      	BCF        LCD_EN, BitPos(LCD_EN+0)
;__Lib_Lcd.c,120 :: 		
0x02B0	0x200D      	CALL       _Delay_5500us
;__Lib_Lcd.c,123 :: 		
0x02B1	0x1208      	BCF        LCD_D4, BitPos(LCD_D4+0)
;__Lib_Lcd.c,124 :: 		
0x02B2	0x1508      	BSF        LCD_EN, BitPos(LCD_EN+0)
;__Lib_Lcd.c,125 :: 		
0x02B3	0x200B      	CALL       _Delay_1us
;__Lib_Lcd.c,126 :: 		
0x02B4	0x1108      	BCF        LCD_EN, BitPos(LCD_EN+0)
;__Lib_Lcd.c,127 :: 		
0x02B5	0x200D      	CALL       _Delay_5500us
;__Lib_Lcd.c,130 :: 		
0x02B6	0x1508      	BSF        LCD_EN, BitPos(LCD_EN+0)
;__Lib_Lcd.c,131 :: 		
0x02B7	0x200B      	CALL       _Delay_1us
;__Lib_Lcd.c,132 :: 		
0x02B8	0x1108      	BCF        LCD_EN, BitPos(LCD_EN+0)
;__Lib_Lcd.c,134 :: 		
0x02B9	0x1288      	BCF        LCD_D5, BitPos(LCD_D5+0)
;__Lib_Lcd.c,135 :: 		
0x02BA	0x1788      	BSF        LCD_D7, BitPos(LCD_D7+0)
;__Lib_Lcd.c,136 :: 		
0x02BB	0x1508      	BSF        LCD_EN, BitPos(LCD_EN+0)
;__Lib_Lcd.c,137 :: 		
0x02BC	0x200B      	CALL       _Delay_1us
;__Lib_Lcd.c,138 :: 		
0x02BD	0x1108      	BCF        LCD_EN, BitPos(LCD_EN+0)
;__Lib_Lcd.c,139 :: 		
0x02BE	0x200D      	CALL       _Delay_5500us
;__Lib_Lcd.c,142 :: 		
0x02BF	0x1388      	BCF        LCD_D7, BitPos(LCD_D7+0)
;__Lib_Lcd.c,143 :: 		
0x02C0	0x1608      	BSF        LCD_D4, BitPos(LCD_D4+0)
;__Lib_Lcd.c,144 :: 		
0x02C1	0x1508      	BSF        LCD_EN, BitPos(LCD_EN+0)
;__Lib_Lcd.c,145 :: 		
0x02C2	0x200B      	CALL       _Delay_1us
;__Lib_Lcd.c,146 :: 		
0x02C3	0x1108      	BCF        LCD_EN, BitPos(LCD_EN+0)
;__Lib_Lcd.c,148 :: 		
0x02C4	0x1208      	BCF        LCD_D4, BitPos(LCD_D4+0)
;__Lib_Lcd.c,149 :: 		
0x02C5	0x1508      	BSF        LCD_EN, BitPos(LCD_EN+0)
;__Lib_Lcd.c,150 :: 		
0x02C6	0x200B      	CALL       _Delay_1us
;__Lib_Lcd.c,151 :: 		
0x02C7	0x1108      	BCF        LCD_EN, BitPos(LCD_EN+0)
;__Lib_Lcd.c,152 :: 		
0x02C8	0x200D      	CALL       _Delay_5500us
;__Lib_Lcd.c,155 :: 		
0x02C9	0x1508      	BSF        LCD_EN, BitPos(LCD_EN+0)
;__Lib_Lcd.c,156 :: 		
0x02CA	0x200B      	CALL       _Delay_1us
;__Lib_Lcd.c,157 :: 		
0x02CB	0x1108      	BCF        LCD_EN, BitPos(LCD_EN+0)
;__Lib_Lcd.c,159 :: 		
0x02CC	0x1608      	BSF        LCD_D4, BitPos(LCD_D4+0)
;__Lib_Lcd.c,160 :: 		
0x02CD	0x1508      	BSF        LCD_EN, BitPos(LCD_EN+0)
;__Lib_Lcd.c,161 :: 		
0x02CE	0x200B      	CALL       _Delay_1us
;__Lib_Lcd.c,162 :: 		
0x02CF	0x1108      	BCF        LCD_EN, BitPos(LCD_EN+0)
;__Lib_Lcd.c,163 :: 		
0x02D0	0x200D      	CALL       _Delay_5500us
;__Lib_Lcd.c,166 :: 		
0x02D1	0x1208      	BCF        LCD_D4, BitPos(LCD_D4+0)
;__Lib_Lcd.c,167 :: 		
0x02D2	0x1508      	BSF        LCD_EN, BitPos(LCD_EN+0)
;__Lib_Lcd.c,168 :: 		
0x02D3	0x200B      	CALL       _Delay_1us
;__Lib_Lcd.c,169 :: 		
0x02D4	0x1108      	BCF        LCD_EN, BitPos(LCD_EN+0)
;__Lib_Lcd.c,171 :: 		
0x02D5	0x1788      	BSF        LCD_D7, BitPos(LCD_D7+0)
;__Lib_Lcd.c,172 :: 		
0x02D6	0x1708      	BSF        LCD_D6, BitPos(LCD_D6+0)
;__Lib_Lcd.c,173 :: 		
0x02D7	0x1688      	BSF        LCD_D5, BitPos(LCD_D5+0)
;__Lib_Lcd.c,174 :: 		
0x02D8	0x1608      	BSF        LCD_D4, BitPos(LCD_D4+0)
;__Lib_Lcd.c,175 :: 		
0x02D9	0x1508      	BSF        LCD_EN, BitPos(LCD_EN+0)
;__Lib_Lcd.c,176 :: 		
0x02DA	0x200B      	CALL       _Delay_1us
;__Lib_Lcd.c,177 :: 		
0x02DB	0x1108      	BCF        LCD_EN, BitPos(LCD_EN+0)
;__Lib_Lcd.c,179 :: 		
0x02DC	0x200D      	CALL       _Delay_5500us
;__Lib_Lcd.c,181 :: 		
0x02DD	0x1442      	BSF        __Lib_Lcd_cmd_status, BitPos(__Lib_Lcd_cmd_status+0)
;__Lib_Lcd.c,182 :: 		
0x02DE	0x0008      	RETURN
; end of _Lcd_Init
_PWM1_Init:
;__Lib_PWM_c21.c,33 :: 		
;__Lib_PWM_c21.c,34 :: 		
;__Lib_PWM_c21.c,35 :: 		
0x02DF	0x1283      	BCF        STATUS, 5
0x02E0	0x1303      	BCF        STATUS, 6
0x02E1	0x0195      	CLRF       CCPR1L
;__Lib_PWM_c21.c,36 :: 		
0x02E2	0x1217      	BCF        CCP1CON, 4
;__Lib_PWM_c21.c,37 :: 		
0x02E3	0x1297      	BCF        CCP1CON, 5
;__Lib_PWM_c21.c,38 :: 		
0x02E4	0x0008      	RETURN
; end of _PWM1_Init
___CC2DW:
;__Lib_System.c,24 :: 		
;__Lib_System.c,27 :: 		
_CC2D_Loop1:
;__Lib_System.c,29 :: 		
0x02E5	0x208C      	CALL       _____DoICP
0x02E6	0x118A      	BCF        PCLATH, 3
0x02E7	0x120A      	BCF        PCLATH, 4
;__Lib_System.c,31 :: 		
0x02E8	0x0080      	MOVWF      INDF
;__Lib_System.c,32 :: 		
0x02E9	0x0A84      	INCF       FSR, 1
;__Lib_System.c,33 :: 		
0x02EA	0x0AC0      	INCF       ___DoICPAddr, 1
;__Lib_System.c,35 :: 		
0x02EB	0x1903      	BTFSC      STATUS, 2
;__Lib_System.c,36 :: 		
0x02EC	0x0AC1      	INCF       ___DoICPAddr+1, 1
;__Lib_System.c,37 :: 		
0x02ED	0x03F0      	DECF       R0, 1
;__Lib_System.c,39 :: 		
0x02EE	0x1D03      	BTFSS      STATUS, 2
;__Lib_System.c,40 :: 		
0x02EF	0x2AE5      	GOTO       _CC2D_Loop1
;__Lib_System.c,42 :: 		
0x02F0	0x0008      	RETURN
; end of ___CC2DW
_Lcd_Out:
;__Lib_Lcd.c,184 :: 		
;__Lib_Lcd.c,187 :: 		
0x02F1	0x2B03      	GOTO       L_Lcd_Out11
;__Lib_Lcd.c,188 :: 		
L_Lcd_Out13:
0x02F2	0x3080      	MOVLW      128
0x02F3	0x1283      	BCF        STATUS, 5
0x02F4	0x1303      	BCF        STATUS, 6
0x02F5	0x00DD      	MOVWF      FARG_Lcd_Out_row
0x02F6	0x2B16      	GOTO       L_Lcd_Out12
;__Lib_Lcd.c,189 :: 		
L_Lcd_Out14:
0x02F7	0x30C0      	MOVLW      192
0x02F8	0x00DD      	MOVWF      FARG_Lcd_Out_row
0x02F9	0x2B16      	GOTO       L_Lcd_Out12
;__Lib_Lcd.c,190 :: 		
L_Lcd_Out15:
0x02FA	0x3094      	MOVLW      148
0x02FB	0x00DD      	MOVWF      FARG_Lcd_Out_row
0x02FC	0x2B16      	GOTO       L_Lcd_Out12
;__Lib_Lcd.c,191 :: 		
L_Lcd_Out16:
0x02FD	0x30D4      	MOVLW      212
0x02FE	0x00DD      	MOVWF      FARG_Lcd_Out_row
0x02FF	0x2B16      	GOTO       L_Lcd_Out12
;__Lib_Lcd.c,192 :: 		
L_Lcd_Out17:
0x0300	0x3080      	MOVLW      128
0x0301	0x00DD      	MOVWF      FARG_Lcd_Out_row
;__Lib_Lcd.c,193 :: 		
0x0302	0x2B16      	GOTO       L_Lcd_Out12
L_Lcd_Out11:
0x0303	0x1283      	BCF        STATUS, 5
0x0304	0x1303      	BCF        STATUS, 6
0x0305	0x085D      	MOVF       FARG_Lcd_Out_row, 0
0x0306	0x3A01      	XORLW      1
0x0307	0x1903      	BTFSC      STATUS, 2
0x0308	0x2AF2      	GOTO       L_Lcd_Out13
0x0309	0x085D      	MOVF       FARG_Lcd_Out_row, 0
0x030A	0x3A02      	XORLW      2
0x030B	0x1903      	BTFSC      STATUS, 2
0x030C	0x2AF7      	GOTO       L_Lcd_Out14
0x030D	0x085D      	MOVF       FARG_Lcd_Out_row, 0
0x030E	0x3A03      	XORLW      3
0x030F	0x1903      	BTFSC      STATUS, 2
0x0310	0x2AFA      	GOTO       L_Lcd_Out15
0x0311	0x085D      	MOVF       FARG_Lcd_Out_row, 0
0x0312	0x3A04      	XORLW      4
0x0313	0x1903      	BTFSC      STATUS, 2
0x0314	0x2AFD      	GOTO       L_Lcd_Out16
0x0315	0x2B00      	GOTO       L_Lcd_Out17
L_Lcd_Out12:
;__Lib_Lcd.c,194 :: 		
0x0316	0x035E      	DECF       FARG_Lcd_Out_column, 0
0x0317	0x00F0      	MOVWF      R0
0x0318	0x085D      	MOVF       FARG_Lcd_Out_row, 0
0x0319	0x07F0      	ADDWF      R0, 1
0x031A	0x0870      	MOVF       R0, 0
0x031B	0x00DD      	MOVWF      FARG_Lcd_Out_row
;__Lib_Lcd.c,196 :: 		
0x031C	0x0870      	MOVF       R0, 0
0x031D	0x00EB      	MOVWF      FARG_Lcd_Cmd_out_char
0x031E	0x2035      	CALL       _Lcd_Cmd
;__Lib_Lcd.c,197 :: 		
0x031F	0x1042      	BCF        __Lib_Lcd_cmd_status, BitPos(__Lib_Lcd_cmd_status+0)
;__Lib_Lcd.c,198 :: 		
0x0320	0x01E0      	CLRF       Lcd_Out_i_L0
;__Lib_Lcd.c,199 :: 		
L_Lcd_Out18:
0x0321	0x0860      	MOVF       Lcd_Out_i_L0, 0
0x0322	0x075F      	ADDWF      FARG_Lcd_Out_text, 0
0x0323	0x0084      	MOVWF      FSR
0x0324	0x0800      	MOVF       INDF, 0
0x0325	0x1903      	BTFSC      STATUS, 2
0x0326	0x2B2F      	GOTO       L_Lcd_Out19
;__Lib_Lcd.c,200 :: 		
0x0327	0x0860      	MOVF       Lcd_Out_i_L0, 0
0x0328	0x075F      	ADDWF      FARG_Lcd_Out_text, 0
0x0329	0x0084      	MOVWF      FSR
0x032A	0x0800      	MOVF       INDF, 0
0x032B	0x00E6      	MOVWF      FARG_Lcd_Chr_CP_out_char
0x032C	0x2116      	CALL       _Lcd_Chr_CP
0x032D	0x0AE0      	INCF       Lcd_Out_i_L0, 1
0x032E	0x2B21      	GOTO       L_Lcd_Out18
L_Lcd_Out19:
;__Lib_Lcd.c,201 :: 		
0x032F	0x1442      	BSF        __Lib_Lcd_cmd_status, BitPos(__Lib_Lcd_cmd_status+0)
;__Lib_Lcd.c,202 :: 		
0x0330	0x0008      	RETURN
; end of _Lcd_Out
_Double2Int:
;__Lib_MathDouble.c,1391 :: 		
;__Lib_MathDouble.c,1399 :: 		
0x0331	0x1283      	BCF        STATUS, 5
;__Lib_MathDouble.c,1400 :: 		
0x0332	0x1303      	BCF        STATUS, 6
;__Lib_MathDouble.c,1402 :: 		
0x0333	0x01FB      	CLRF       R11
;__Lib_MathDouble.c,1403 :: 		
0x0334	0x0873      	MOVF       R3, 0
;__Lib_MathDouble.c,1404 :: 		
0x0335	0x1903      	BTFSC      STATUS, 2
;__Lib_MathDouble.c,1405 :: 		
0x0336	0x2B6E      	GOTO       IRES016
;__Lib_MathDouble.c,1407 :: 		
0x0337	0x0872      	MOVF       R2, 0
;__Lib_MathDouble.c,1408 :: 		
0x0338	0x00FA      	MOVWF      R10
;__Lib_MathDouble.c,1409 :: 		
0x0339	0x17F2      	BSF        R2, 7
;__Lib_MathDouble.c,1411 :: 		
0x033A	0x308E      	MOVLW      142
;__Lib_MathDouble.c,1412 :: 		
0x033B	0x02F3      	SUBWF      R3, 1
;__Lib_MathDouble.c,1413 :: 		
0x033C	0x1FF3      	BTFSS      R3, 7
;__Lib_MathDouble.c,1414 :: 		
0x033D	0x2B71      	GOTO       SETIOV16
;__Lib_MathDouble.c,1415 :: 		
0x033E	0x09F3      	COMF       R3, 1
;__Lib_MathDouble.c,1416 :: 		
0x033F	0x0AF3      	INCF       R3, 1
;__Lib_MathDouble.c,1418 :: 		
0x0340	0x3008      	MOVLW      8
;__Lib_MathDouble.c,1419 :: 		
0x0341	0x0273      	SUBWF      R3, 0
;__Lib_MathDouble.c,1420 :: 		
0x0342	0x1C03      	BTFSS      STATUS, 0
;__Lib_MathDouble.c,1421 :: 		
0x0343	0x2B54      	GOTO       TSHIFT3216
;__Lib_MathDouble.c,1422 :: 		
0x0344	0x00F3      	MOVWF      R3
;__Lib_MathDouble.c,1423 :: 		
0x0345	0x0DF1      	RLF        R1, 1
;__Lib_MathDouble.c,1424 :: 		
0x0346	0x0872      	MOVF       R2, 0
;__Lib_MathDouble.c,1425 :: 		
0x0347	0x00F1      	MOVWF      R1
;__Lib_MathDouble.c,1426 :: 		
0x0348	0x01F2      	CLRF       R2
;__Lib_MathDouble.c,1428 :: 		
0x0349	0x3008      	MOVLW      8
;__Lib_MathDouble.c,1429 :: 		
0x034A	0x0273      	SUBWF      R3, 0
;__Lib_MathDouble.c,1430 :: 		
0x034B	0x1C03      	BTFSS      STATUS, 0
;__Lib_MathDouble.c,1431 :: 		
0x034C	0x2B54      	GOTO       TSHIFT3216
;__Lib_MathDouble.c,1432 :: 		
0x034D	0x00F3      	MOVWF      R3
;__Lib_MathDouble.c,1433 :: 		
0x034E	0x0DF1      	RLF        R1, 1
;__Lib_MathDouble.c,1434 :: 		
0x034F	0x01F1      	CLRF       R1
;__Lib_MathDouble.c,1436 :: 		
0x0350	0x0873      	MOVF       R3, 0
;__Lib_MathDouble.c,1437 :: 		
0x0351	0x1D03      	BTFSS      STATUS, 2
;__Lib_MathDouble.c,1438 :: 		
0x0352	0x1003      	BCF        STATUS, 0
;__Lib_MathDouble.c,1439 :: 		
0x0353	0x2B5C      	GOTO       SHIFT3216OK
;__Lib_MathDouble.c,1440 :: 		
TSHIFT3216:
;__Lib_MathDouble.c,1441 :: 		
0x0354	0x0873      	MOVF       R3, 0
;__Lib_MathDouble.c,1442 :: 		
0x0355	0x1903      	BTFSC      STATUS, 2
;__Lib_MathDouble.c,1443 :: 		
0x0356	0x2B5C      	GOTO       SHIFT3216OK
;__Lib_MathDouble.c,1444 :: 		
SHIFT3216:
;__Lib_MathDouble.c,1445 :: 		
0x0357	0x1003      	BCF        STATUS, 0
;__Lib_MathDouble.c,1446 :: 		
0x0358	0x0CF2      	RRF        R2, 1
;__Lib_MathDouble.c,1447 :: 		
0x0359	0x0CF1      	RRF        R1, 1
;__Lib_MathDouble.c,1448 :: 		
0x035A	0x0BF3      	DECFSZ     R3, 1
;__Lib_MathDouble.c,1449 :: 		
0x035B	0x2B57      	GOTO       SHIFT3216
;__Lib_MathDouble.c,1450 :: 		
SHIFT3216OK:
;__Lib_MathDouble.c,1451 :: 		
0x035C	0x1B7B      	BTFSC      R11, 6
;__Lib_MathDouble.c,1452 :: 		
0x035D	0x1C71      	BTFSS      R1, 0
;__Lib_MathDouble.c,1453 :: 		
0x035E	0x2B66      	GOTO       INT3216OK
;__Lib_MathDouble.c,1454 :: 		
0x035F	0x1C03      	BTFSS      STATUS, 0
;__Lib_MathDouble.c,1455 :: 		
0x0360	0x2B66      	GOTO       INT3216OK
;__Lib_MathDouble.c,1456 :: 		
0x0361	0x0AF1      	INCF       R1, 1
;__Lib_MathDouble.c,1457 :: 		
0x0362	0x1903      	BTFSC      STATUS, 2
;__Lib_MathDouble.c,1458 :: 		
0x0363	0x0AF2      	INCF       R2, 1
;__Lib_MathDouble.c,1459 :: 		
0x0364	0x1BF2      	BTFSC      R2, 7
;__Lib_MathDouble.c,1460 :: 		
0x0365	0x2B7D      	GOTO       JPJSETIOV3224
;__Lib_MathDouble.c,1461 :: 		
INT3216OK:
;__Lib_MathDouble.c,1462 :: 		
0x0366	0x1FFA      	BTFSS      R10, 7
;__Lib_MathDouble.c,1463 :: 		
0x0367	0x2B80      	GOTO       INT3216EOK
;__Lib_MathDouble.c,1465 :: 		
0x0368	0x09F2      	COMF       R2, 1
;__Lib_MathDouble.c,1466 :: 		
0x0369	0x09F1      	COMF       R1, 1
;__Lib_MathDouble.c,1467 :: 		
0x036A	0x0AF1      	INCF       R1, 1
;__Lib_MathDouble.c,1468 :: 		
0x036B	0x1903      	BTFSC      STATUS, 2
;__Lib_MathDouble.c,1469 :: 		
0x036C	0x0AF2      	INCF       R2, 1
;__Lib_MathDouble.c,1470 :: 		
0x036D	0x2B80      	GOTO       INT3216EOK
;__Lib_MathDouble.c,1472 :: 		
IRES016:
;__Lib_MathDouble.c,1473 :: 		
0x036E	0x01F2      	CLRF       R2
;__Lib_MathDouble.c,1474 :: 		
0x036F	0x01F1      	CLRF       R1
;__Lib_MathDouble.c,1475 :: 		
0x0370	0x2B80      	GOTO       INT3216EOK
;__Lib_MathDouble.c,1476 :: 		
SETIOV16:
;__Lib_MathDouble.c,1477 :: 		
0x0371	0x147B      	BSF        R11, 0
;__Lib_MathDouble.c,1478 :: 		
0x0372	0x1FFB      	BTFSS      R11, 7
;__Lib_MathDouble.c,1479 :: 		
0x0373	0x2B83      	GOTO       INT3216EER
;__Lib_MathDouble.c,1481 :: 		
0x0374	0x01F2      	CLRF       R2
;__Lib_MathDouble.c,1482 :: 		
0x0375	0x1FFA      	BTFSS      R10, 7
;__Lib_MathDouble.c,1483 :: 		
0x0376	0x2B83      	GOTO       INT3216EER
;__Lib_MathDouble.c,1484 :: 		
0x0377	0x30FF      	MOVLW      255
;__Lib_MathDouble.c,1485 :: 		
0x0378	0x00F2      	MOVWF      R2
;__Lib_MathDouble.c,1486 :: 		
0x0379	0x00F1      	MOVWF      R1
;__Lib_MathDouble.c,1487 :: 		
0x037A	0x0DFA      	RLF        R10, 1
;__Lib_MathDouble.c,1488 :: 		
0x037B	0x0CF2      	RRF        R2, 1
;__Lib_MathDouble.c,1489 :: 		
0x037C	0x2B83      	GOTO       INT3216EER
;__Lib_MathDouble.c,1491 :: 		
JPJSETIOV3224:
;__Lib_MathDouble.c,1492 :: 		
0x037D	0x3001      	MOVLW      1
;__Lib_MathDouble.c,1493 :: 		
0x037E	0x00FC      	MOVWF      R12
;__Lib_MathDouble.c,1494 :: 		
0x037F	0x2B85      	GOTO       INT3216EEE
;__Lib_MathDouble.c,1495 :: 		
INT3216EOK:
;__Lib_MathDouble.c,1496 :: 		
0x0380	0x3000      	MOVLW      0
;__Lib_MathDouble.c,1497 :: 		
0x0381	0x00FC      	MOVWF      R12
;__Lib_MathDouble.c,1498 :: 		
0x0382	0x2B85      	GOTO       INT3216EEE
;__Lib_MathDouble.c,1499 :: 		
INT3216EER:
;__Lib_MathDouble.c,1500 :: 		
0x0383	0x30FF      	MOVLW      255
;__Lib_MathDouble.c,1501 :: 		
0x0384	0x00FC      	MOVWF      R12
;__Lib_MathDouble.c,1502 :: 		
INT3216EEE:
;__Lib_MathDouble.c,1505 :: 		
0x0385	0x08FC      	MOVF       R12, 1
;__Lib_MathDouble.c,1507 :: 		
0x0386	0x1903      	BTFSC      STATUS, 2
;__Lib_MathDouble.c,1508 :: 		
0x0387	0x2B89      	GOTO       L_Double2Int_0
;__Lib_MathDouble.c,1510 :: 		
0x0388	0x2102      	CALL       _SETIOV3224
;__Lib_MathDouble.c,1512 :: 		
L_Double2Int_0:
;__Lib_MathDouble.c,1513 :: 		
0x0389	0x0871      	MOVF       R1, 0
;__Lib_MathDouble.c,1514 :: 		
0x038A	0x00F0      	MOVWF      R0
;__Lib_MathDouble.c,1515 :: 		
0x038B	0x0872      	MOVF       R2, 0
;__Lib_MathDouble.c,1516 :: 		
0x038C	0x00F1      	MOVWF      R1
;__Lib_MathDouble.c,1520 :: 		
0x038D	0x0008      	RETURN
; end of _Double2Int
_ADC_Read:
;__Lib_ADC_88X.c,6 :: 		
;__Lib_ADC_88X.c,8 :: 		
0x038E	0x303C      	MOVLW      60
0x038F	0x1283      	BCF        STATUS, 5
0x0390	0x1303      	BCF        STATUS, 6
0x0391	0x059F      	ANDWF      ADCON0, 1
;__Lib_ADC_88X.c,12 :: 		
0x0392	0x30C0      	MOVLW      192
0x0393	0x009F      	MOVWF      ADCON0
;__Lib_ADC_88X.c,13 :: 		
0x0394	0x085D      	MOVF       FARG_ADC_Read_channel, 0
0x0395	0x00F0      	MOVWF      R0
0x0396	0x0DF0      	RLF        R0, 1
0x0397	0x1070      	BCF        R0, 0
0x0398	0x0DF0      	RLF        R0, 1
0x0399	0x1070      	BCF        R0, 0
0x039A	0x0870      	MOVF       R0, 0
0x039B	0x049F      	IORWF      ADCON0, 1
;__Lib_ADC_88X.c,14 :: 		
0x039C	0x1683      	BSF        STATUS, 5
0x039D	0x179F      	BSF        ADCON1, 7
;__Lib_ADC_88X.c,17 :: 		
0x039E	0x1283      	BCF        STATUS, 5
0x039F	0x141F      	BSF        ADCON0, 0
;__Lib_ADC_88X.c,20 :: 		
0x03A0	0x210F      	CALL       _Delay_22us
;__Lib_ADC_88X.c,23 :: 		
0x03A1	0x149F      	BSF        ADCON0, 1
;__Lib_ADC_88X.c,26 :: 		
L_ADC_Read0:
0x03A2	0x1C9F      	BTFSS      ADCON0, 1
0x03A3	0x2BA6      	GOTO       L_ADC_Read1
;__Lib_ADC_88X.c,27 :: 		
0x03A4	0x0000      	NOP
0x03A5	0x2BA2      	GOTO       L_ADC_Read0
L_ADC_Read1:
;__Lib_ADC_88X.c,30 :: 		
0x03A6	0x101F      	BCF        ADCON0, 0
;__Lib_ADC_88X.c,33 :: 		
0x03A7	0x081E      	MOVF       ADRESH, 0
0x03A8	0x00F1      	MOVWF      R0+1
0x03A9	0x01F0      	CLRF       R0
0x03AA	0x1683      	BSF        STATUS, 5
0x03AB	0x081E      	MOVF       ADRESL, 0
0x03AC	0x04F0      	IORWF      R0, 1
0x03AD	0x3000      	MOVLW      0
0x03AE	0x04F1      	IORWF      R0+1, 1
;__Lib_ADC_88X.c,34 :: 		
0x03AF	0x0008      	RETURN
; end of _ADC_Read
_Word2Double:
;__Lib_MathDouble.c,1862 :: 		
;__Lib_MathDouble.c,1868 :: 		
0x03B0	0x1283      	BCF        STATUS, 5
;__Lib_MathDouble.c,1869 :: 		
0x03B1	0x1303      	BCF        STATUS, 6
;__Lib_MathDouble.c,1870 :: 		
0x03B2	0x0870      	MOVF       R0, 0
;__Lib_MathDouble.c,1871 :: 		
0x03B3	0x00F8      	MOVWF      R8
;__Lib_MathDouble.c,1872 :: 		
0x03B4	0x0871      	MOVF       R1, 0
;__Lib_MathDouble.c,1873 :: 		
0x03B5	0x00F0      	MOVWF      R0
;__Lib_MathDouble.c,1874 :: 		
0x03B6	0x01F1      	CLRF       R1
;__Lib_MathDouble.c,1875 :: 		
0x03B7	0x01F2      	CLRF       R2
;__Lib_MathDouble.c,1876 :: 		
0x03B8	0x01F3      	CLRF       R3
;__Lib_MathDouble.c,1879 :: 		
0x03B9	0x01FB      	CLRF       R11
;__Lib_MathDouble.c,1880 :: 		
0x03BA	0x01FC      	CLRF       R12
;__Lib_MathDouble.c,1882 :: 		
0x03BB	0x3096      	MOVLW      150
;__Lib_MathDouble.c,1883 :: 		
0x03BC	0x00F3      	MOVWF      R3
;__Lib_MathDouble.c,1884 :: 		
0x03BD	0x01FA      	CLRF       R10
;__Lib_MathDouble.c,1886 :: 		
0x03BE	0x0870      	MOVF       R0, 0
;__Lib_MathDouble.c,1887 :: 		
0x03BF	0x00F1      	MOVWF      R1
;__Lib_MathDouble.c,1888 :: 		
0x03C0	0x0878      	MOVF       R8, 0
;__Lib_MathDouble.c,1889 :: 		
0x03C1	0x00F0      	MOVWF      R0
;__Lib_MathDouble.c,1890 :: 		
0x03C2	0x01F8      	CLRF       R8
;__Lib_MathDouble.c,1891 :: 		
0x03C3	0x01F2      	CLRF       R2
;__Lib_MathDouble.c,1893 :: 		
0x03C4	0x20D3      	CALL       _NRM3232
;__Lib_MathDouble.c,1894 :: 		
0x03C5	0x0008      	RETURN
; end of _Word2Double
_main:
0x03C6	0x3020      	MOVLW      32
0x03C7	0x1283      	BCF        STATUS, 5
0x03C8	0x1303      	BCF        STATUS, 6
0x03C9	0x00A1      	MOVWF      ?lstr3_lectura_32_32_32y_32velocidad_32_32con_32_322_32sensores
0x03CA	0x3033      	MOVLW      51
0x03CB	0x00A2      	MOVWF      34
0x03CC	0x3039      	MOVLW      57
0x03CD	0x00A3      	MOVWF      35
0x03CE	0x302E      	MOVLW      46
0x03CF	0x00A4      	MOVWF      36
0x03D0	0x3032      	MOVLW      50
0x03D1	0x00A5      	MOVWF      37
0x03D2	0x3031      	MOVLW      49
0x03D3	0x00A6      	MOVWF      38
0x03D4	0x3025      	MOVLW      37
0x03D5	0x00A7      	MOVWF      39
0x03D6	0x01A8      	CLRF       40
0x03D7	0x3035      	MOVLW      53
0x03D8	0x00A9      	MOVWF      ?lstr5_lectura_32_32_32y_32velocidad_32_32con_32_322_32sensores
0x03D9	0x3030      	MOVLW      48
0x03DA	0x00AA      	MOVWF      42
0x03DB	0x3025      	MOVLW      37
0x03DC	0x00AB      	MOVWF      43
0x03DD	0x01AC      	CLRF       44
0x03DE	0x3020      	MOVLW      32
0x03DF	0x00AD      	MOVWF      ?lstr4_lectura_32_32_32y_32velocidad_32_32con_32_322_32sensores
0x03E0	0x3033      	MOVLW      51
0x03E1	0x00AE      	MOVWF      46
0x03E2	0x3039      	MOVLW      57
0x03E3	0x00AF      	MOVWF      47
0x03E4	0x302E      	MOVLW      46
0x03E5	0x00B0      	MOVWF      48
0x03E6	0x3032      	MOVLW      50
0x03E7	0x00B1      	MOVWF      49
0x03E8	0x3031      	MOVLW      49
0x03E9	0x00B2      	MOVWF      50
0x03EA	0x3025      	MOVLW      37
0x03EB	0x00B3      	MOVWF      51
0x03EC	0x01B4      	CLRF       52
0x03ED	0x3020      	MOVLW      32
0x03EE	0x00B5      	MOVWF      ?lstr1_lectura_32_32_32y_32velocidad_32_32con_32_322_32sensores
0x03EF	0x304D      	MOVLW      77
0x03F0	0x00B6      	MOVWF      54
0x03F1	0x3020      	MOVLW      32
0x03F2	0x00B7      	MOVWF      55
0x03F3	0x3069      	MOVLW      105
0x03F4	0x00B8      	MOVWF      56
0x03F5	0x303A      	MOVLW      58
0x03F6	0x00B9      	MOVWF      57
0x03F7	0x01BA      	CLRF       58
0x03F8	0x3020      	MOVLW      32
0x03F9	0x00BB      	MOVWF      ?lstr2_lectura_32_32_32y_32velocidad_32_32con_32_322_32sensores
0x03FA	0x304D      	MOVLW      77
0x03FB	0x00BC      	MOVWF      60
0x03FC	0x3020      	MOVLW      32
0x03FD	0x00BD      	MOVWF      61
0x03FE	0x3064      	MOVLW      100
0x03FF	0x00BE      	MOVWF      62
0x0400	0x01BF      	CLRF       63
;lectura   y velocidad  con  2 sensores.c,16 :: 		void main ()
;lectura   y velocidad  con  2 sensores.c,24 :: 		Lcd_Init();
0x0401	0x2291      	CALL       _Lcd_Init
;lectura   y velocidad  con  2 sensores.c,25 :: 		Lcd_Cmd(_LCD_CURSOR_OFF);
0x0402	0x300C      	MOVLW      12
0x0403	0x00EB      	MOVWF      FARG_Lcd_Cmd_out_char
0x0404	0x2035      	CALL       _Lcd_Cmd
;lectura   y velocidad  con  2 sensores.c,26 :: 		Lcd_Out( 1, 1, " M i:");
0x0405	0x3001      	MOVLW      1
0x0406	0x00DD      	MOVWF      FARG_Lcd_Out_row
0x0407	0x3001      	MOVLW      1
0x0408	0x00DE      	MOVWF      FARG_Lcd_Out_column
0x0409	0x3035      	MOVLW      ?lstr1_lectura_32_32_32y_32velocidad_32_32con_32_322_32sensores
0x040A	0x00DF      	MOVWF      FARG_Lcd_Out_text
0x040B	0x22F1      	CALL       _Lcd_Out
;lectura   y velocidad  con  2 sensores.c,27 :: 		Lcd_Out( 2, 1, " M d");
0x040C	0x3002      	MOVLW      2
0x040D	0x00DD      	MOVWF      FARG_Lcd_Out_row
0x040E	0x3001      	MOVLW      1
0x040F	0x00DE      	MOVWF      FARG_Lcd_Out_column
0x0410	0x303B      	MOVLW      ?lstr2_lectura_32_32_32y_32velocidad_32_32con_32_322_32sensores
0x0411	0x00DF      	MOVWF      FARG_Lcd_Out_text
0x0412	0x22F1      	CALL       _Lcd_Out
;lectura   y velocidad  con  2 sensores.c,28 :: 		OPTION_REG = 0;
0x0413	0x1683      	BSF        STATUS, 5
0x0414	0x0181      	CLRF       OPTION_REG
;lectura   y velocidad  con  2 sensores.c,29 :: 		PWM1_Init(250);
0x0415	0x1283      	BCF        STATUS, 5
0x0416	0x1412      	BSF        T2CON, 0
0x0417	0x1492      	BSF        T2CON, 1
0x0418	0x30F9      	MOVLW      249
0x0419	0x1683      	BSF        STATUS, 5
0x041A	0x0092      	MOVWF      PR2
0x041B	0x22DF      	CALL       _PWM1_Init
;lectura   y velocidad  con  2 sensores.c,30 :: 		PWM1_Start();
0x041C	0x223F      	CALL       _PWM1_Start
;lectura   y velocidad  con  2 sensores.c,31 :: 		PWM1_Set_Duty(0);
0x041D	0x01DD      	CLRF       FARG_PWM1_Set_Duty_new_duty
0x041E	0x2149      	CALL       _PWM1_Set_Duty
;lectura   y velocidad  con  2 sensores.c,32 :: 		PWM2_Init(250);
0x041F	0x1412      	BSF        T2CON, 0
0x0420	0x1492      	BSF        T2CON, 1
0x0421	0x30F9      	MOVLW      249
0x0422	0x1683      	BSF        STATUS, 5
0x0423	0x0092      	MOVWF      PR2
0x0424	0x228B      	CALL       _PWM2_Init
;lectura   y velocidad  con  2 sensores.c,33 :: 		PWM2_Start();
0x0425	0x2247      	CALL       _PWM2_Start
;lectura   y velocidad  con  2 sensores.c,34 :: 		PWM2_Set_Duty(0);
0x0426	0x01DD      	CLRF       FARG_PWM2_Set_Duty_new_duty
0x0427	0x224F      	CALL       _PWM2_Set_Duty
;lectura   y velocidad  con  2 sensores.c,36 :: 		while (1)
L_main0:
;lectura   y velocidad  con  2 sensores.c,38 :: 		sensorizquierda = ADC_Read(0);
0x0428	0x01DD      	CLRF       FARG_ADC_Read_channel
0x0429	0x238E      	CALL       _ADC_Read
;lectura   y velocidad  con  2 sensores.c,39 :: 		sizquierda=sensorizquierda;
0x042A	0x23B0      	CALL       _Word2Double
0x042B	0x0870      	MOVF       R0, 0
0x042C	0x00D3      	MOVWF      main_sizquierda_L0
0x042D	0x0871      	MOVF       R0+1, 0
0x042E	0x00D4      	MOVWF      main_sizquierda_L0+1
0x042F	0x0872      	MOVF       R0+2, 0
0x0430	0x00D5      	MOVWF      main_sizquierda_L0+2
0x0431	0x0873      	MOVF       R0+3, 0
0x0432	0x00D6      	MOVWF      main_sizquierda_L0+3
;lectura   y velocidad  con  2 sensores.c,41 :: 		sensorcentro = ADC_Read(1);
0x0433	0x3001      	MOVLW      1
0x0434	0x00DD      	MOVWF      FARG_ADC_Read_channel
0x0435	0x238E      	CALL       _ADC_Read
;lectura   y velocidad  con  2 sensores.c,44 :: 		sensorderecha = ADC_Read(2);
0x0436	0x3002      	MOVLW      2
0x0437	0x1283      	BCF        STATUS, 5
0x0438	0x00DD      	MOVWF      FARG_ADC_Read_channel
0x0439	0x238E      	CALL       _ADC_Read
;lectura   y velocidad  con  2 sensores.c,45 :: 		sderecha = sensorderecha ;
0x043A	0x23B0      	CALL       _Word2Double
0x043B	0x0870      	MOVF       R0, 0
0x043C	0x00D7      	MOVWF      main_sderecha_L0
0x043D	0x0871      	MOVF       R0+1, 0
0x043E	0x00D8      	MOVWF      main_sderecha_L0+1
0x043F	0x0872      	MOVF       R0+2, 0
0x0440	0x00D9      	MOVWF      main_sderecha_L0+2
0x0441	0x0873      	MOVF       R0+3, 0
0x0442	0x00DA      	MOVWF      main_sderecha_L0+3
;lectura   y velocidad  con  2 sensores.c,47 :: 		IntToStr( sizquierda, Text);
0x0443	0x0853      	MOVF       main_sizquierda_L0, 0
0x0444	0x00F0      	MOVWF      R0
0x0445	0x0854      	MOVF       main_sizquierda_L0+1, 0
0x0446	0x00F1      	MOVWF      R0+1
0x0447	0x0855      	MOVF       main_sizquierda_L0+2, 0
0x0448	0x00F2      	MOVWF      R0+2
0x0449	0x0856      	MOVF       main_sizquierda_L0+3, 0
0x044A	0x00F3      	MOVWF      R0+3
0x044B	0x2331      	CALL       _Double2Int
0x044C	0x0870      	MOVF       R0, 0
0x044D	0x00DD      	MOVWF      FARG_IntToStr_input
0x044E	0x0871      	MOVF       R0+1, 0
0x044F	0x00DE      	MOVWF      FARG_IntToStr_input+1
0x0450	0x3043      	MOVLW      main_Text_L0
0x0451	0x00DF      	MOVWF      FARG_IntToStr_output
0x0452	0x2185      	CALL       _IntToStr
;lectura   y velocidad  con  2 sensores.c,48 :: 		Lcd_out (1,6,Text);
0x0453	0x3001      	MOVLW      1
0x0454	0x00DD      	MOVWF      FARG_Lcd_Out_row
0x0455	0x3006      	MOVLW      6
0x0456	0x00DE      	MOVWF      FARG_Lcd_Out_column
0x0457	0x3043      	MOVLW      main_Text_L0
0x0458	0x00DF      	MOVWF      FARG_Lcd_Out_text
0x0459	0x22F1      	CALL       _Lcd_Out
;lectura   y velocidad  con  2 sensores.c,49 :: 		delay_ms(100);
0x045A	0x3082      	MOVLW      130
0x045B	0x00FC      	MOVWF      R12
0x045C	0x30DD      	MOVLW      221
0x045D	0x00FD      	MOVWF      R13
L_main2:
0x045E	0x0BFD      	DECFSZ     R13, 1
0x045F	0x2C5E      	GOTO       L_main2
0x0460	0x0BFC      	DECFSZ     R12, 1
0x0461	0x2C5E      	GOTO       L_main2
0x0462	0x0000      	NOP
0x0463	0x0000      	NOP
;lectura   y velocidad  con  2 sensores.c,50 :: 		IntToStr( sderecha,Text);
0x0464	0x0857      	MOVF       main_sderecha_L0, 0
0x0465	0x00F0      	MOVWF      R0
0x0466	0x0858      	MOVF       main_sderecha_L0+1, 0
0x0467	0x00F1      	MOVWF      R0+1
0x0468	0x0859      	MOVF       main_sderecha_L0+2, 0
0x0469	0x00F2      	MOVWF      R0+2
0x046A	0x085A      	MOVF       main_sderecha_L0+3, 0
0x046B	0x00F3      	MOVWF      R0+3
0x046C	0x2331      	CALL       _Double2Int
0x046D	0x0870      	MOVF       R0, 0
0x046E	0x00DD      	MOVWF      FARG_IntToStr_input
0x046F	0x0871      	MOVF       R0+1, 0
0x0470	0x00DE      	MOVWF      FARG_IntToStr_input+1
0x0471	0x3043      	MOVLW      main_Text_L0
0x0472	0x00DF      	MOVWF      FARG_IntToStr_output
0x0473	0x2185      	CALL       _IntToStr
;lectura   y velocidad  con  2 sensores.c,51 :: 		Lcd_out (2,6,Text);
0x0474	0x3002      	MOVLW      2
0x0475	0x00DD      	MOVWF      FARG_Lcd_Out_row
0x0476	0x3006      	MOVLW      6
0x0477	0x00DE      	MOVWF      FARG_Lcd_Out_column
0x0478	0x3043      	MOVLW      main_Text_L0
0x0479	0x00DF      	MOVWF      FARG_Lcd_Out_text
0x047A	0x22F1      	CALL       _Lcd_Out
;lectura   y velocidad  con  2 sensores.c,52 :: 		delay_ms(300);
0x047B	0x3002      	MOVLW      2
0x047C	0x00FB      	MOVWF      R11
0x047D	0x3086      	MOVLW      134
0x047E	0x00FC      	MOVWF      R12
0x047F	0x3099      	MOVLW      153
0x0480	0x00FD      	MOVWF      R13
L_main3:
0x0481	0x0BFD      	DECFSZ     R13, 1
0x0482	0x2C81      	GOTO       L_main3
0x0483	0x0BFC      	DECFSZ     R12, 1
0x0484	0x2C81      	GOTO       L_main3
0x0485	0x0BFB      	DECFSZ     R11, 1
0x0486	0x2C81      	GOTO       L_main3
;lectura   y velocidad  con  2 sensores.c,54 :: 		if((sizquierda >=420)&&(sderecha<=70))
0x0487	0x3000      	MOVLW      0
0x0488	0x00F4      	MOVWF      R4
0x0489	0x3000      	MOVLW      0
0x048A	0x00F5      	MOVWF      R4+1
0x048B	0x3052      	MOVLW      82
0x048C	0x00F6      	MOVWF      R4+2
0x048D	0x3087      	MOVLW      135
0x048E	0x00F7      	MOVWF      R4+3
0x048F	0x0853      	MOVF       main_sizquierda_L0, 0
0x0490	0x00F0      	MOVWF      R0
0x0491	0x0854      	MOVF       main_sizquierda_L0+1, 0
0x0492	0x00F1      	MOVWF      R0+1
0x0493	0x0855      	MOVF       main_sizquierda_L0+2, 0
0x0494	0x00F2      	MOVWF      R0+2
0x0495	0x0856      	MOVF       main_sizquierda_L0+3, 0
0x0496	0x00F3      	MOVWF      R0+3
0x0497	0x21EF      	CALL       _Compare_Double
0x0498	0x3001      	MOVLW      1
0x0499	0x1C03      	BTFSS      STATUS, 0
0x049A	0x3000      	MOVLW      0
0x049B	0x00F0      	MOVWF      R0
0x049C	0x0870      	MOVF       R0, 0
0x049D	0x1903      	BTFSC      STATUS, 2
0x049E	0x2CC9      	GOTO       L_main6
0x049F	0x0857      	MOVF       main_sderecha_L0, 0
0x04A0	0x00F4      	MOVWF      R4
0x04A1	0x0858      	MOVF       main_sderecha_L0+1, 0
0x04A2	0x00F5      	MOVWF      R4+1
0x04A3	0x0859      	MOVF       main_sderecha_L0+2, 0
0x04A4	0x00F6      	MOVWF      R4+2
0x04A5	0x085A      	MOVF       main_sderecha_L0+3, 0
0x04A6	0x00F7      	MOVWF      R4+3
0x04A7	0x3000      	MOVLW      0
0x04A8	0x00F0      	MOVWF      R0
0x04A9	0x3000      	MOVLW      0
0x04AA	0x00F1      	MOVWF      R0+1
0x04AB	0x300C      	MOVLW      12
0x04AC	0x00F2      	MOVWF      R0+2
0x04AD	0x3085      	MOVLW      133
0x04AE	0x00F3      	MOVWF      R0+3
0x04AF	0x21EF      	CALL       _Compare_Double
0x04B0	0x3001      	MOVLW      1
0x04B1	0x1C03      	BTFSS      STATUS, 0
0x04B2	0x3000      	MOVLW      0
0x04B3	0x00F0      	MOVWF      R0
0x04B4	0x0870      	MOVF       R0, 0
0x04B5	0x1903      	BTFSC      STATUS, 2
0x04B6	0x2CC9      	GOTO       L_main6
L__main17:
;lectura   y velocidad  con  2 sensores.c,56 :: 		potencia=100;
0x04B7	0x3064      	MOVLW      100
0x04B8	0x00DB      	MOVWF      main_potencia_L0
;lectura   y velocidad  con  2 sensores.c,57 :: 		potencia1=25;
0x04B9	0x3019      	MOVLW      25
0x04BA	0x00DC      	MOVWF      main_potencia1_L0
;lectura   y velocidad  con  2 sensores.c,58 :: 		Lcd_Out(2, 1," 39.21%");
0x04BB	0x3002      	MOVLW      2
0x04BC	0x00DD      	MOVWF      FARG_Lcd_Out_row
0x04BD	0x3001      	MOVLW      1
0x04BE	0x00DE      	MOVWF      FARG_Lcd_Out_column
0x04BF	0x3021      	MOVLW      ?lstr3_lectura_32_32_32y_32velocidad_32_32con_32_322_32sensores
0x04C0	0x00DF      	MOVWF      FARG_Lcd_Out_text
0x04C1	0x22F1      	CALL       _Lcd_Out
;lectura   y velocidad  con  2 sensores.c,59 :: 		PWM1_Set_Duty(potencia);
0x04C2	0x085B      	MOVF       main_potencia_L0, 0
0x04C3	0x00DD      	MOVWF      FARG_PWM1_Set_Duty_new_duty
0x04C4	0x2149      	CALL       _PWM1_Set_Duty
;lectura   y velocidad  con  2 sensores.c,60 :: 		PWM2_Set_Duty(potencia1);
0x04C5	0x085C      	MOVF       main_potencia1_L0, 0
0x04C6	0x00DD      	MOVWF      FARG_PWM2_Set_Duty_new_duty
0x04C7	0x224F      	CALL       _PWM2_Set_Duty
;lectura   y velocidad  con  2 sensores.c,61 :: 		}
0x04C8	0x2D4E      	GOTO       L_main7
L_main6:
;lectura   y velocidad  con  2 sensores.c,62 :: 		else {  if(( sizquierda<=70)&&(sderecha>=420 ))
0x04C9	0x0853      	MOVF       main_sizquierda_L0, 0
0x04CA	0x00F4      	MOVWF      R4
0x04CB	0x0854      	MOVF       main_sizquierda_L0+1, 0
0x04CC	0x00F5      	MOVWF      R4+1
0x04CD	0x0855      	MOVF       main_sizquierda_L0+2, 0
0x04CE	0x00F6      	MOVWF      R4+2
0x04CF	0x0856      	MOVF       main_sizquierda_L0+3, 0
0x04D0	0x00F7      	MOVWF      R4+3
0x04D1	0x3000      	MOVLW      0
0x04D2	0x00F0      	MOVWF      R0
0x04D3	0x3000      	MOVLW      0
0x04D4	0x00F1      	MOVWF      R0+1
0x04D5	0x300C      	MOVLW      12
0x04D6	0x00F2      	MOVWF      R0+2
0x04D7	0x3085      	MOVLW      133
0x04D8	0x00F3      	MOVWF      R0+3
0x04D9	0x21EF      	CALL       _Compare_Double
0x04DA	0x3001      	MOVLW      1
0x04DB	0x1C03      	BTFSS      STATUS, 0
0x04DC	0x3000      	MOVLW      0
0x04DD	0x00F0      	MOVWF      R0
0x04DE	0x0870      	MOVF       R0, 0
0x04DF	0x1903      	BTFSC      STATUS, 2
0x04E0	0x2D0B      	GOTO       L_main10
0x04E1	0x3000      	MOVLW      0
0x04E2	0x00F4      	MOVWF      R4
0x04E3	0x3000      	MOVLW      0
0x04E4	0x00F5      	MOVWF      R4+1
0x04E5	0x3052      	MOVLW      82
0x04E6	0x00F6      	MOVWF      R4+2
0x04E7	0x3087      	MOVLW      135
0x04E8	0x00F7      	MOVWF      R4+3
0x04E9	0x0857      	MOVF       main_sderecha_L0, 0
0x04EA	0x00F0      	MOVWF      R0
0x04EB	0x0858      	MOVF       main_sderecha_L0+1, 0
0x04EC	0x00F1      	MOVWF      R0+1
0x04ED	0x0859      	MOVF       main_sderecha_L0+2, 0
0x04EE	0x00F2      	MOVWF      R0+2
0x04EF	0x085A      	MOVF       main_sderecha_L0+3, 0
0x04F0	0x00F3      	MOVWF      R0+3
0x04F1	0x21EF      	CALL       _Compare_Double
0x04F2	0x3001      	MOVLW      1
0x04F3	0x1C03      	BTFSS      STATUS, 0
0x04F4	0x3000      	MOVLW      0
0x04F5	0x00F0      	MOVWF      R0
0x04F6	0x0870      	MOVF       R0, 0
0x04F7	0x1903      	BTFSC      STATUS, 2
0x04F8	0x2D0B      	GOTO       L_main10
L__main16:
;lectura   y velocidad  con  2 sensores.c,64 :: 		potencia=25;
0x04F9	0x3019      	MOVLW      25
0x04FA	0x00DB      	MOVWF      main_potencia_L0
;lectura   y velocidad  con  2 sensores.c,65 :: 		potencia1=100;
0x04FB	0x3064      	MOVLW      100
0x04FC	0x00DC      	MOVWF      main_potencia1_L0
;lectura   y velocidad  con  2 sensores.c,66 :: 		Lcd_Out(2, 1," 39.21%");
0x04FD	0x3002      	MOVLW      2
0x04FE	0x00DD      	MOVWF      FARG_Lcd_Out_row
0x04FF	0x3001      	MOVLW      1
0x0500	0x00DE      	MOVWF      FARG_Lcd_Out_column
0x0501	0x302D      	MOVLW      ?lstr4_lectura_32_32_32y_32velocidad_32_32con_32_322_32sensores
0x0502	0x00DF      	MOVWF      FARG_Lcd_Out_text
0x0503	0x22F1      	CALL       _Lcd_Out
;lectura   y velocidad  con  2 sensores.c,67 :: 		PWM1_Set_Duty(potencia);
0x0504	0x085B      	MOVF       main_potencia_L0, 0
0x0505	0x00DD      	MOVWF      FARG_PWM1_Set_Duty_new_duty
0x0506	0x2149      	CALL       _PWM1_Set_Duty
;lectura   y velocidad  con  2 sensores.c,68 :: 		PWM2_Set_Duty(potencia1);
0x0507	0x085C      	MOVF       main_potencia1_L0, 0
0x0508	0x00DD      	MOVWF      FARG_PWM2_Set_Duty_new_duty
0x0509	0x224F      	CALL       _PWM2_Set_Duty
;lectura   y velocidad  con  2 sensores.c,69 :: 		}
0x050A	0x2D4E      	GOTO       L_main11
L_main10:
;lectura   y velocidad  con  2 sensores.c,71 :: 		else { if((sizquierda>=420)&&(sderecha>=420))
0x050B	0x3000      	MOVLW      0
0x050C	0x00F4      	MOVWF      R4
0x050D	0x3000      	MOVLW      0
0x050E	0x00F5      	MOVWF      R4+1
0x050F	0x3052      	MOVLW      82
0x0510	0x00F6      	MOVWF      R4+2
0x0511	0x3087      	MOVLW      135
0x0512	0x00F7      	MOVWF      R4+3
0x0513	0x0853      	MOVF       main_sizquierda_L0, 0
0x0514	0x00F0      	MOVWF      R0
0x0515	0x0854      	MOVF       main_sizquierda_L0+1, 0
0x0516	0x00F1      	MOVWF      R0+1
0x0517	0x0855      	MOVF       main_sizquierda_L0+2, 0
0x0518	0x00F2      	MOVWF      R0+2
0x0519	0x0856      	MOVF       main_sizquierda_L0+3, 0
0x051A	0x00F3      	MOVWF      R0+3
0x051B	0x21EF      	CALL       _Compare_Double
0x051C	0x3001      	MOVLW      1
0x051D	0x1C03      	BTFSS      STATUS, 0
0x051E	0x3000      	MOVLW      0
0x051F	0x00F0      	MOVWF      R0
0x0520	0x0870      	MOVF       R0, 0
0x0521	0x1903      	BTFSC      STATUS, 2
0x0522	0x2D4E      	GOTO       L_main14
0x0523	0x3000      	MOVLW      0
0x0524	0x00F4      	MOVWF      R4
0x0525	0x3000      	MOVLW      0
0x0526	0x00F5      	MOVWF      R4+1
0x0527	0x3052      	MOVLW      82
0x0528	0x00F6      	MOVWF      R4+2
0x0529	0x3087      	MOVLW      135
0x052A	0x00F7      	MOVWF      R4+3
0x052B	0x0857      	MOVF       main_sderecha_L0, 0
0x052C	0x00F0      	MOVWF      R0
0x052D	0x0858      	MOVF       main_sderecha_L0+1, 0
0x052E	0x00F1      	MOVWF      R0+1
0x052F	0x0859      	MOVF       main_sderecha_L0+2, 0
0x0530	0x00F2      	MOVWF      R0+2
0x0531	0x085A      	MOVF       main_sderecha_L0+3, 0
0x0532	0x00F3      	MOVWF      R0+3
0x0533	0x21EF      	CALL       _Compare_Double
0x0534	0x3001      	MOVLW      1
0x0535	0x1C03      	BTFSS      STATUS, 0
0x0536	0x3000      	MOVLW      0
0x0537	0x00F0      	MOVWF      R0
0x0538	0x0870      	MOVF       R0, 0
0x0539	0x1903      	BTFSC      STATUS, 2
0x053A	0x2D4E      	GOTO       L_main14
L__main15:
;lectura   y velocidad  con  2 sensores.c,73 :: 		potencia= 127;
0x053B	0x307F      	MOVLW      127
0x053C	0x00DB      	MOVWF      main_potencia_L0
;lectura   y velocidad  con  2 sensores.c,74 :: 		potencia1=127; Lcd_Out(2,1,"50%") ;
0x053D	0x307F      	MOVLW      127
0x053E	0x00DC      	MOVWF      main_potencia1_L0
0x053F	0x3002      	MOVLW      2
0x0540	0x00DD      	MOVWF      FARG_Lcd_Out_row
0x0541	0x3001      	MOVLW      1
0x0542	0x00DE      	MOVWF      FARG_Lcd_Out_column
0x0543	0x3029      	MOVLW      ?lstr5_lectura_32_32_32y_32velocidad_32_32con_32_322_32sensores
0x0544	0x00DF      	MOVWF      FARG_Lcd_Out_text
0x0545	0x22F1      	CALL       _Lcd_Out
;lectura   y velocidad  con  2 sensores.c,75 :: 		PWM1_Set_Duty(potencia);
0x0546	0x085B      	MOVF       main_potencia_L0, 0
0x0547	0x00DD      	MOVWF      FARG_PWM1_Set_Duty_new_duty
0x0548	0x2149      	CALL       _PWM1_Set_Duty
;lectura   y velocidad  con  2 sensores.c,76 :: 		PWM2_Set_Duty(potencia1=23);
0x0549	0x3017      	MOVLW      23
0x054A	0x00DC      	MOVWF      main_potencia1_L0
0x054B	0x3017      	MOVLW      23
0x054C	0x00DD      	MOVWF      FARG_PWM2_Set_Duty_new_duty
0x054D	0x224F      	CALL       _PWM2_Set_Duty
;lectura   y velocidad  con  2 sensores.c,77 :: 		}
L_main14:
;lectura   y velocidad  con  2 sensores.c,78 :: 		}
L_main11:
;lectura   y velocidad  con  2 sensores.c,79 :: 		}
L_main7:
;lectura   y velocidad  con  2 sensores.c,80 :: 		}
0x054E	0x2C28      	GOTO       L_main0
;lectura   y velocidad  con  2 sensores.c,81 :: 		}
0x054F	0x2D4F      	GOTO       $+0
; end of _main
Symbol List:
//** Routines locations **
//ADDRESS    SIZE    PROCEDURE
//----------------------------------------------
0x0003       [8]    _Delay_50us
0x000B       [2]    _Delay_1us
0x000D      [11]    _Delay_5500us
0x0018      [29]    _Div_16x16_U
0x0035      [64]    _Lcd_Cmd
0x0075       [7]    _RES032
0x007C       [4]    _FIXSIGN32
0x0080      [12]    _SETFUN32
0x008C       [7]    _____DoICP
0x0093      [64]    _WordToStr
0x00D3      [47]    _NRM3232
0x0102      [13]    _SETIOV3224
0x010F       [7]    _Delay_22us
0x0116       [8]    _Lcd_Chr_CP
0x011E      [43]    _Mul_16x16_U
0x0149      [60]    _PWM1_Set_Duty
0x0185     [106]    _IntToStr
0x01EF      [80]    _Compare_Double
0x023F       [8]    _PWM1_Start
0x0247       [8]    _PWM2_Start
0x024F      [60]    _PWM2_Set_Duty
0x028B       [6]    _PWM2_Init
0x0291      [78]    _Lcd_Init
0x02DF       [6]    _PWM1_Init
0x02E5      [12]    ___CC2DW
0x02F1      [64]    _Lcd_Out
0x0331      [93]    _Double2Int
0x038E      [34]    _ADC_Read
0x03B0      [22]    _Word2Double
0x03C6     [394]    _main
//** Variables locations ** 
//ADDRESS    SIZE    VARIABLE
//----------------------------------------------
0x0000       [1]    INDF
0x0001       [1]    TMR0
0x0002       [1]    PCL
0x0003       [0]    NOT_TO_bit
0x0003       [0]    NOT_PD_bit
0x0003       [0]    Z_bit
0x0003       [0]    RP0_bit
0x0003       [0]    IRP_bit
0x0003       [0]    RP1_bit
0x0003       [0]    DC_bit
0x0003       [1]    STATUS
0x0003       [0]    C_bit
0x0004       [1]    FSR
0x0004       [1]    FSRPTR
0x0005       [0]    RA6_bit
0x0005       [0]    RA1_bit
0x0005       [0]    RA0_bit
0x0005       [0]    RA7_bit
0x0005       [1]    PORTA
0x0005       [0]    RA3_bit
0x0005       [0]    RA4_bit
0x0005       [0]    RA2_bit
0x0005       [0]    RA5_bit
0x0006       [0]    RB0_bit
0x0006       [0]    RB5_bit
0x0006       [1]    PORTB
0x0006       [0]    RB7_bit
0x0006       [0]    RB6_bit
0x0006       [0]    RB1_bit
0x0006       [0]    RB4_bit
0x0006       [0]    RB3_bit
0x0006       [0]    RB2_bit
0x0007       [0]    RC2_bit
0x0007       [0]    RC4_bit
0x0007       [0]    RC5_bit
0x0007       [0]    RC3_bit
0x0007       [1]    PORTC
0x0007       [0]    RC0_bit
0x0007       [0]    RC1_bit
0x0007       [0]    RC6_bit
0x0007       [0]    RC7_bit
0x0008       [0]    RD1_bit
0x0008       [0]    LCD_RS
0x0008       [0]    LCD_EN
0x0008       [0]    LCD_D4
0x0008       [0]    RD6_bit
0x0008       [0]    LCD_D5
0x0008       [0]    RD7_bit
0x0008       [1]    PORTD
0x0008       [0]    RD4_bit
0x0008       [0]    LCD_D7
0x0008       [0]    RD2_bit
0x0008       [0]    RD5_bit
0x0008       [0]    RD0_bit
0x0008       [0]    RD3_bit
0x0008       [0]    LCD_D6
0x0009       [0]    RE0_bit
0x0009       [0]    RE3_bit
0x0009       [0]    RE2_bit
0x0009       [0]    RE1_bit
0x0009       [1]    PORTE
0x000A       [1]    PCLATH
0x000B       [0]    RBIF_bit
0x000B       [0]    RBIE_bit
0x000B       [0]    T0IE_bit
0x000B       [0]    TMR0IE_bit
0x000B       [0]    PEIE_bit
0x000B       [0]    INTE_bit
0x000B       [0]    GIE_bit
0x000B       [0]    INTF_bit
0x000B       [0]    TMR0IF_bit
0x000B       [1]    INTCON
0x000B       [0]    T0IF_bit
0x000C       [0]    TXIF_bit
0x000C       [1]    PIR1
0x000C       [0]    TMR1IF_bit
0x000C       [0]    RCIF_bit
0x000C       [0]    ADIF_bit
0x000C       [0]    SSPIF_bit
0x000C       [0]    TMR2IF_bit
0x000C       [0]    CCP1IF_bit
0x000D       [0]    EEIF_bit
0x000D       [0]    OSFIF_bit
0x000D       [0]    BCLIF_bit
0x000D       [0]    C2IF_bit
0x000D       [0]    C1IF_bit
0x000D       [1]    PIR2
0x000D       [0]    CCP2IF_bit
0x000D       [0]    ULPWUIF_bit
0x000E       [1]    TMR1L
0x000F       [1]    TMR1H
0x0010       [0]    T1INSYNC_bit
0x0010       [0]    NOT_T1SYNC_bit
0x0010       [0]    TMR1CS_bit
0x0010       [0]    TMR1ON_bit
0x0010       [0]    T1OSCEN_bit
0x0010       [0]    T1SYNC_bit
0x0010       [0]    T1CKPS0_bit
0x0010       [0]    T1CKPS1_bit
0x0010       [0]    TMR1GE_bit
0x0010       [1]    T1CON
0x0010       [0]    T1GINV_bit
0x0011       [1]    TMR2
0x0012       [1]    T2CON
0x0012       [0]    T2CKPS1_bit
0x0012       [0]    TMR2ON_bit
0x0012       [0]    TOUTPS0_bit
0x0012       [0]    TOUTPS3_bit
0x0012       [0]    TOUTPS2_bit
0x0012       [0]    TOUTPS1_bit
0x0012       [0]    T2CKPS0_bit
0x0013       [1]    SSPBUF
0x0014       [0]    CKP_bit
0x0014       [0]    SSPM3_bit
0x0014       [0]    WCOL_bit
0x0014       [0]    SSPOV_bit
0x0014       [0]    SSPEN_bit
0x0014       [1]    SSPCON
0x0014       [0]    SSPM0_bit
0x0014       [0]    SSPM2_bit
0x0014       [0]    SSPM1_bit
0x0015       [2]    CCPR1
0x0015       [1]    CCPR1L
0x0016       [1]    CCPR1H
0x0017       [0]    CCP1M2_bit
0x0017       [0]    CCP1M3_bit
0x0017       [0]    CCP1M1_bit
0x0017       [1]    CCP1CON
0x0017       [0]    CCP1M0_bit
0x0017       [0]    DC1B1_bit
0x0017       [0]    P1M0_bit
0x0017       [0]    P1M1_bit
0x0017       [0]    CCP1Y_bit
0x0017       [0]    DC1B0_bit
0x0017       [0]    CCP1X_bit
0x0018       [0]    FERR_bit
0x0018       [0]    ADDEN_bit
0x0018       [0]    CREN_bit
0x0018       [0]    RCD8_bit
0x0018       [0]    RX9D_bit
0x0018       [0]    OERR_bit
0x0018       [0]    SREN_bit
0x0018       [0]    RX9_bit
0x0018       [0]    SPEN_bit
0x0018       [0]    RC8_9_bit
0x0018       [0]    NOT_RC8_bit
0x0018       [0]    RC9_bit
0x0018       [1]    RCSTA
0x0019       [1]    TXREG
0x001A       [1]    RCREG
0x001B       [1]    CCPR2L
0x001B       [2]    CCPR2
0x001C       [1]    CCPR2H
0x001D       [0]    CCP2M2_bit
0x001D       [0]    CCP2M0_bit
0x001D       [0]    CCP2M1_bit
0x001D       [0]    CCP2M3_bit
0x001D       [0]    DC2B0_bit
0x001D       [1]    CCP2CON
0x001D       [0]    CCP2Y_bit
0x001D       [0]    DC2B1_bit
0x001D       [0]    CCP2X_bit
0x001E       [1]    ADRESH
0x001F       [0]    CHS3_bit
0x001F       [0]    CHS0_bit
0x001F       [0]    ADCS1_bit
0x001F       [0]    ADCS0_bit
0x001F       [0]    GO_DONE_bit
0x001F       [0]    ADON_bit
0x001F       [0]    CHS1_bit
0x001F       [0]    GO_bit
0x001F       [1]    ADCON0
0x001F       [0]    CHS2_bit
0x001F       [0]    NOT_DONE_bit
0x0020       [1]    __math_tempbD
0x0021       [8]    ?lstr3_lectura_32_32_32y_32velocidad_32_32con_32_322_32sensores
0x0029       [4]    ?lstr5_lectura_32_32_32y_32velocidad_32_32con_32_322_32sensores
0x002D       [8]    ?lstr4_lectura_32_32_32y_32velocidad_32_32con_32_322_32sensores
0x0035       [6]    ?lstr1_lectura_32_32_32y_32velocidad_32_32con_32_322_32sensores
0x003B       [5]    ?lstr2_lectura_32_32_32y_32velocidad_32_32con_32_322_32sensores
0x0040       [2]    ___DoICPAddr
0x0042       [0]    __Lib_Lcd_cmd_status
0x0043      [16]    main_Text_L0
0x0053       [4]    main_sizquierda_L0
0x0057       [4]    main_sderecha_L0
0x005B       [1]    main_potencia_L0
0x005C       [1]    main_potencia1_L0
0x005D       [4]    FARG_PWM1_Init_PWM_Freq
0x005D       [1]    FARG_ADC_Read_channel
0x005D       [1]    FARG_PWM1_Set_Duty_new_duty
0x005D       [4]    FARG_PWM2_Init_PWM_Freq
0x005D       [1]    FARG_PWM2_Set_Duty_new_duty
0x005D       [1]    FARG_Lcd_Out_row
0x005D       [2]    FARG_IntToStr_input
0x005E       [1]    FARG_Lcd_Out_column
0x005F       [1]    FARG_IntToStr_output
0x005F       [1]    FARG_Lcd_Out_text
0x0060       [1]    Lcd_Out_i_L0
0x0060       [2]    IntToStr_i_L0
0x0062       [2]    IntToStr_negative_L0
0x0064       [2]    IntToStr_inword_L0
0x0066       [2]    FARG_WordToStr_input
0x0066       [1]    FARG_Lcd_Chr_CP_out_char
0x0068       [1]    FARG_WordToStr_output
0x0069       [1]    WordToStr_len_L0
0x006A       [1]    FLOC__WordToStr
0x006B       [1]    FARG_Lcd_Cmd_out_char
0x0070       [1]    R0
0x0071       [1]    R1
0x0072       [1]    R2
0x0073       [1]    R3
0x0074       [1]    R4
0x0075       [1]    R5
0x0076       [1]    R6
0x0077       [1]    R7
0x0078       [1]    R8
0x0079       [1]    R9
0x007A       [1]    R10
0x007B       [1]    R11
0x007C       [1]    R12
0x007D       [1]    R13
0x007E       [1]    R14
0x007F       [1]    R15
0x0081       [0]    T0CS_bit
0x0081       [0]    NOT_RBPU_bit
0x0081       [0]    INTEDG_bit
0x0081       [0]    PS1_bit
0x0081       [0]    PS2_bit
0x0081       [0]    PS0_bit
0x0081       [1]    OPTION_REG
0x0081       [0]    T0SE_bit
0x0081       [0]    PSA_bit
0x0085       [0]    TRISA3_bit
0x0085       [0]    TRISA0_bit
0x0085       [0]    TRISA4_bit
0x0085       [0]    TRISA5_bit
0x0085       [0]    TRISA7_bit
0x0085       [0]    TRISA2_bit
0x0085       [0]    TRISA1_bit
0x0085       [0]    TRISA6_bit
0x0085       [1]    TRISA
0x0086       [0]    TRISB5_bit
0x0086       [0]    TRISB4_bit
0x0086       [0]    TRISB7_bit
0x0086       [0]    TRISB6_bit
0x0086       [1]    TRISB
0x0086       [0]    TRISB1_bit
0x0086       [0]    TRISB0_bit
0x0086       [0]    TRISB3_bit
0x0086       [0]    TRISB2_bit
0x0087       [0]    TRISC1_bit
0x0087       [0]    TRISC2_bit
0x0087       [0]    TRISC0_bit
0x0087       [1]    TRISC
0x0087       [0]    TRISC3_bit
0x0087       [0]    TRISC6_bit
0x0087       [0]    TRISC7_bit
0x0087       [0]    TRISC4_bit
0x0087       [0]    TRISC5_bit
0x0088       [0]    TRISD4_bit
0x0088       [0]    LCD_D7_Direction
0x0088       [0]    LCD_EN_Direction
0x0088       [0]    TRISD5_bit
0x0088       [0]    LCD_D5_Direction
0x0088       [0]    LCD_D6_Direction
0x0088       [0]    LCD_D4_Direction
0x0088       [0]    TRISD3_bit
0x0088       [0]    TRISD1_bit
0x0088       [0]    TRISD2_bit
0x0088       [0]    LCD_RS_Direction
0x0088       [0]    TRISD7_bit
0x0088       [0]    TRISD0_bit
0x0088       [1]    TRISD
0x0088       [0]    TRISD6_bit
0x0089       [0]    TRISE1_bit
0x0089       [0]    TRISE0_bit
0x0089       [1]    TRISE
0x0089       [0]    TRISE2_bit
0x0089       [0]    TRISE3_bit
0x008C       [0]    TMR1IE_bit
0x008C       [0]    TMR2IE_bit
0x008C       [0]    ADIE_bit
0x008C       [1]    PIE1
0x008C       [0]    RCIE_bit
0x008C       [0]    CCP1IE_bit
0x008C       [0]    SSPIE_bit
0x008C       [0]    TXIE_bit
0x008D       [0]    ULPWUIE_bit
0x008D       [1]    PIE2
0x008D       [0]    CCP2IE_bit
0x008D       [0]    C2IE_bit
0x008D       [0]    OSFIE_bit
0x008D       [0]    C1IE_bit
0x008D       [0]    EEIE_bit
0x008D       [0]    BCLIE_bit
0x008E       [1]    PCON
0x008E       [0]    NOT_BOR_bit
0x008E       [0]    NOT_BO_bit
0x008E       [0]    ULPWUE_bit
0x008E       [0]    SBOREN_bit
0x008E       [0]    NOT_POR_bit
0x008F       [0]    OSTS_bit
0x008F       [0]    IRCF0_bit
0x008F       [0]    HTS_bit
0x008F       [0]    SCS_bit
0x008F       [0]    LTS_bit
0x008F       [1]    OSCCON
0x008F       [0]    IRCF2_bit
0x008F       [0]    IRCF1_bit
0x0090       [0]    TUN2_bit
0x0090       [0]    TUN3_bit
0x0090       [0]    TUN1_bit
0x0090       [0]    TUN0_bit
0x0090       [1]    OSCTUNE
0x0090       [0]    TUN4_bit
0x0091       [0]    PEN_bit
0x0091       [0]    RCEN_bit
0x0091       [0]    ACKEN_bit
0x0091       [1]    SSPCON2
0x0091       [0]    SEN_bit
0x0091       [0]    RSEN_bit
0x0091       [0]    ACKDT_bit
0x0091       [0]    GCEN_bit
0x0091       [0]    ACKSTAT_bit
0x0092       [1]    PR2
0x0093       [1]    SSPMSK
0x0093       [1]    MSK
0x0093       [1]    SSPADD
0x0094       [0]    I2C_READ_bit
0x0094       [0]    NOT_W_bit
0x0094       [0]    R_bit
0x0094       [0]    S_bit
0x0094       [0]    I2C_START__bit
0x0094       [0]    NOT_WRITE_bit
0x0094       [0]    BF_bit
0x0094       [1]    SSPSTAT
0x0094       [0]    UA_bit
0x0094       [0]    R_W_bit
0x0094       [0]    READ_WRITE_bit
0x0094       [0]    I2C_STOP__bit
0x0094       [0]    D_bit
0x0094       [0]    I2C_DATA_bit
0x0094       [0]    SMP_bit
0x0094       [0]    CKE_bit
0x0094       [0]    NOT_A_bit
0x0094       [0]    DATA_ADDRESS_bit
0x0094       [0]    P_bit
0x0094       [0]    NOT_ADDRESS_bit
0x0094       [0]    D_A_bit
0x0095       [0]    WPUB2_bit
0x0095       [0]    WPUB3_bit
0x0095       [0]    WPUB1_bit
0x0095       [1]    WPUB
0x0095       [0]    WPUB0_bit
0x0095       [0]    WPUB6_bit
0x0095       [0]    WPUB7_bit
0x0095       [0]    WPUB4_bit
0x0095       [0]    WPUB5_bit
0x0096       [0]    IOCB1_bit
0x0096       [0]    IOCB2_bit
0x0096       [1]    IOCB
0x0096       [0]    IOCB0_bit
0x0096       [0]    IOCB3_bit
0x0096       [0]    IOCB6_bit
0x0096       [0]    IOCB7_bit
0x0096       [0]    IOCB4_bit
0x0096       [0]    IOCB5_bit
0x0097       [1]    VRCON
0x0097       [0]    VR2_bit
0x0097       [0]    VR3_bit
0x0097       [0]    VR0_bit
0x0097       [0]    VR1_bit
0x0097       [0]    VROE_bit
0x0097       [0]    VREN_bit
0x0097       [0]    VRSS_bit
0x0097       [0]    VRR_bit
0x0098       [0]    TRMT_bit
0x0098       [0]    BRGH_bit
0x0098       [0]    SENDB_bit
0x0098       [1]    TXSTA
0x0098       [0]    TXD8_bit
0x0098       [0]    TX9D_bit
0x0098       [0]    NOT_TX8_bit
0x0098       [0]    TX9_bit
0x0098       [0]    CSRC_bit
0x0098       [0]    SYNC_bit
0x0098       [0]    TXEN_bit
0x0098       [0]    TX8_9_bit
0x0099       [0]    BRG1_bit
0x0099       [0]    BRG2_bit
0x0099       [1]    SPBRG
0x0099       [0]    BRG0_bit
0x0099       [0]    BRG6_bit
0x0099       [0]    BRG7_bit
0x0099       [0]    BRG5_bit
0x0099       [0]    BRG3_bit
0x0099       [0]    BRG4_bit
0x009A       [0]    BRG9_bit
0x009A       [0]    BRG8_bit
0x009A       [1]    SPBRGH
0x009A       [0]    BRG10_bit
0x009A       [0]    BRG13_bit
0x009A       [0]    BRG14_bit
0x009A       [0]    BRG15_bit
0x009A       [0]    BRG11_bit
0x009A       [0]    BRG12_bit
0x009B       [0]    PDC1_bit
0x009B       [0]    PDC0_bit
0x009B       [1]    PWM1CON
0x009B       [0]    PDC5_bit
0x009B       [0]    PDC6_bit
0x009B       [0]    PRSEN_bit
0x009B       [0]    PDC2_bit
0x009B       [0]    PDC3_bit
0x009B       [0]    PDC4_bit
0x009C       [0]    PSSBD0_bit
0x009C       [1]    ECCPAS
0x009C       [0]    PSSBD1_bit
0x009C       [0]    ECCPAS1_bit
0x009C       [0]    ECCPAS0_bit
0x009C       [0]    ECCPAS2_bit
0x009C       [0]    PSSAC1_bit
0x009C       [0]    ECCPASE_bit
0x009C       [0]    PSSAC0_bit
0x009D       [1]    PSTRCON
0x009D       [0]    STRSYNC_bit
0x009D       [0]    STRD_bit
0x009D       [0]    STRA_bit
0x009D       [0]    STRB_bit
0x009D       [0]    STRC_bit
0x009E       [1]    ADRESL
0x009F       [0]    VCFG1_bit
0x009F       [0]    ADFM_bit
0x009F       [0]    VCFG0_bit
0x009F       [1]    ADCON1
0x0105       [1]    WDTCON
0x0105       [0]    WDTPS2_bit
0x0105       [0]    WDTPS3_bit
0x0105       [0]    WDTPS1_bit
0x0105       [0]    SWDTEN_bit
0x0105       [0]    WDTPS0_bit
0x0107       [1]    CM1CON0
0x0107       [0]    C1R_bit
0x0107       [0]    C1CH1_bit
0x0107       [0]    C1CH0_bit
0x0107       [0]    C1POL_bit
0x0107       [0]    C1ON_bit
0x0107       [0]    C1OUT_bit
0x0107       [0]    C1OE_bit
0x0108       [0]    C2ON_bit
0x0108       [0]    C2R_bit
0x0108       [0]    C2CH0_bit
0x0108       [0]    C2CH1_bit
0x0108       [0]    C2POL_bit
0x0108       [0]    C2OUT_bit
0x0108       [0]    C2OE_bit
0x0108       [1]    CM2CON0
0x0109       [0]    C1RSEL_bit
0x0109       [0]    MC2OUT_bit
0x0109       [0]    MC1OUT_bit
0x0109       [0]    C2SYNC_bit
0x0109       [0]    T1GSS_bit
0x0109       [0]    C2RSEL_bit
0x0109       [1]    CM2CON1
0x010C       [1]    EEDAT
0x010C       [1]    EEDATA
0x010D       [1]    EEADR
0x010E       [1]    EEDATH
0x010F       [1]    EEADRH
0x0185       [0]    SR0_bit
0x0185       [0]    PULSR_bit
0x0185       [0]    FVREN_bit
0x0185       [0]    PULSS_bit
0x0185       [0]    C1SEN_bit
0x0185       [0]    C2REN_bit
0x0185       [1]    SRCON
0x0185       [0]    SR1_bit
0x0187       [0]    SCKP_bit
0x0187       [0]    BRG16_bit
0x0187       [0]    WUE_bit
0x0187       [0]    ABDEN_bit
0x0187       [0]    RCIDL_bit
0x0187       [1]    BAUDCTL
0x0187       [0]    ABDOVF_bit
0x0188       [0]    ANS3_bit
0x0188       [0]    ANS4_bit
0x0188       [0]    ANS2_bit
0x0188       [0]    ANS0_bit
0x0188       [0]    ANS1_bit
0x0188       [0]    ANS7_bit
0x0188       [1]    ANSEL
0x0188       [0]    ANS5_bit
0x0188       [0]    ANS6_bit
0x0189       [0]    ANS10_bit
0x0189       [0]    ANS9_bit
0x0189       [0]    ANS8_bit
0x0189       [0]    ANS11_bit
0x0189       [1]    ANSELH
0x0189       [0]    ANS13_bit
0x0189       [0]    ANS12_bit
0x018C       [0]    WR_bit
0x018C       [0]    RD_bit
0x018C       [1]    EECON1
0x018C       [0]    EEPGD_bit
0x018C       [0]    WRERR_bit
0x018C       [0]    WREN_bit
0x018D       [1]    EECON2
//** Label List: ** 
//----------------------------------------------
  L_main0
  L_main1
  L_main2
  L_main3
  L_main4
  L_main5
  L_main6
  L_main7
  L_main8
  L_main9
  L_main10
  L_main11
  L_main12
  L_main13
  L_main14
  L__main15
  L__main16
  L__main17
  _main
  L_ADC_Read0
  L_ADC_Read1
  _ADC_Read
  L_ByteToStr0
  L_ByteToStr1
  L_ByteToStr2
  L_ByteToStr3
  L_ByteToStr4
  L_ByteToStr5
  L_WordToStr6
  L_WordToStr7
  L_WordToStr8
  L_WordToStr9
  L_WordToStr10
  L_WordToStr11
  L_ShortToStr12
  L_ShortToStr13
  L_ShortToStr14
  L_ShortToStr15
  L_ShortToStr16
  L_ShortToStr17
  L_IntToStr18
  L_IntToStr19
  L_IntToStr20
  L_IntToStr21
  L_IntToStr22
  L_IntToStr23
  L_LongWordToStr24
  L_LongWordToStr25
  L_LongWordToStr26
  L_LongWordToStr27
  L_LongWordToStr28
  L_LongWordToStr29
  L_LongToStr30
  L_LongToStr31
  L_LongToStr32
  L_LongToStr33
  L_LongToStr34
  L_LongToStr35
  L_Dec2Bcd36
  L_Dec2Bcd37
  L_rtrim38
  L_rtrim39
  L_FloatToStr40
  L_FloatToStr41
  L_FloatToStr42
  L_FloatToStr43
  L_FloatToStr44
  L_FloatToStr45
  L_FloatToStr46
  L_FloatToStr47
  L_FloatToStr48
  L_FloatToStr49
  L_FloatToStr50
  L_FloatToStr51
  L_FloatToStr52
  L_FloatToStr53
  L_FloatToStr54
  L_FloatToStr55
  L_FloatToStr56
  L_FloatToStr57
  L_FloatToStr58
  L_FloatToStr59
  L_FloatToStr60
  L_FloatToStr61
  L__FloatToStr62
  _ByteToStr
  _WordToStr
  L__WordToStr63
  _ShortToStr
  L__ShortToStr64
  _IntToStr
  L__IntToStr65
  L__IntToStr66
  _LongWordToStr
  L__LongWordToStr67
  L__LongWordToStr68
  _LongToStr
  L__LongToStr69
  L__LongToStr70
  _Dec2Bcd
  _Bcd2Dec16
  L__Bcd2Dec1671
  L__Bcd2Dec1672
  _Dec2Bcd16
  L__Dec2Bcd1673
  L__Dec2Bcd1674
  _rtrim
  _FloatToStr
  L__FloatToStr75
  L__FloatToStr76
  L__FloatToStr77
  L__FloatToStr78
  L__FloatToStr79
  L_Delay_10us0
  L_Delay_22us1
  L_Delay_50us2
  L_Delay_80us3
  L_Delay_500us4
  L_Delay_5500us5
  L_Delay_8ms6
  L_Delay_5ms7
  L_Delay_100ms8
  L_Delay_1sec9
  L_boot16_Delay_5ms10
  L_Delay_Cyc11
  L_Delay_Cyc12
  L_VDelay_ms13
  L_VDelay_ms14
  L_VDelay_ms15
  L_VDelay_Advanced_ms16
  L_VDelay_Advanced_ms17
  L_VDelay_Advanced_ms18
  _Get_Fosc_kHz
  _Delay_1us
  _Delay_10us
  _Delay_22us
  _Delay_50us
  _Delay_80us
  _Delay_500us
  _Delay_5500us
  _Delay_8ms
  _Delay_5ms
  _Delay_100ms
  _Delay_1sec
  _boot16_Delay_5ms
  _Delay_Cyc
  _VDelay_ms
  L__VDelay_ms19
  L__VDelay_ms20
  L__VDelay_ms21
  _VDelay_Advanced_ms
  L__VDelay_Advanced_ms22
  L__VDelay_Advanced_ms23
  L__VDelay_Advanced_ms24
  L_Lcd_Cmd0
  L_Lcd_Cmd1
  L_Lcd_Out_CP2
  L_Lcd_Out_CP3
  L_Lcd_Chr4
  L_Lcd_Chr5
  L_Lcd_Chr6
  L_Lcd_Chr7
  L_Lcd_Chr8
  L_Lcd_Chr9
  L_Lcd_Chr10
  L_Lcd_Out11
  L_Lcd_Out12
  L_Lcd_Out13
  L_Lcd_Out14
  L_Lcd_Out15
  L_Lcd_Out16
  L_Lcd_Out17
  L_Lcd_Out18
  L_Lcd_Out19
  _Lcd_Cmd
  L__Lcd_Cmd20
  L__Lcd_Cmd21
  L__Lcd_Cmd22
  L__Lcd_Cmd23
  L__Lcd_Cmd24
  L__Lcd_Cmd25
  L__Lcd_Cmd26
  L__Lcd_Cmd27
  L__Lcd_Cmd28
  L__Lcd_Cmd29
  L__Lcd_Cmd30
  L__Lcd_Cmd31
  L__Lcd_Cmd32
  L__Lcd_Cmd33
  L__Lcd_Cmd34
  L__Lcd_Cmd35
  L__Lcd_Cmd36
  L__Lcd_Cmd37
  L__Lcd_Cmd38
  L__Lcd_Cmd39
  _Lcd_Chr_CP
  _Lcd_Out_CP
  _Lcd_Chr
  _Lcd_Init
  _Lcd_Out
  L_Div_16x16_S0
  L_Div_16x16_S1
  LOOPS3232A
  SADD22LA
  SOK22LA
  SADD22L8
  SOK22L8
  LOOPS3232B
  SADD22LB
  SOK22LB
  SADD22L16
  SOK22L16
  LOOPS3232C
  SADD22LC
  SOK22LC
  SADD22L24
  SOK22L24
  LOOPS3232D
  SADD22LD
  SOK22LD
  SOK22L
  L_Div_32x32_S6
  L_Div_32x32_S7
  L_Div_32x32_S8
  L_Div_32x32_S9
  FXD3232S
  END_ALL
  CA3232S
  C3232SX
  C3232SX1
  C3232S
  C3232S2
  C3232SX4
  C3232SOK
  C3232SX3
  C3232SX2
  avoid_comfrem
  LOOPU3232A
  UADD22LA
  UOK22LA
  UADD22L8
  UOK22L8
  LOOPU3232B
  UADD22LB
  UOK22LB
  UADD22L16
  UOK22L16
  LOOPU3232C
  UADD22LC
  UOK22LC
  UADD22L24
  UOK22L24
  LOOPU3232D
  UADD22LD
  UOK22LD
  UOK22L
  _NEXT
  _EXIT2
  _LOOP
  _EXIT1
  _IF_FIRST
  _IF_SECOND
  _INVERCE_FIRST
  _MULT
  _INBERSE_SECOND
  _EXIT
  _Mul_8x8_U
  _Mul_16x16_U
  _Div_8x8_U
  _Div_16x16_U
  _Mul_8x8_S
  _Mul_16x16_S
  _Div_16x16_S_L
  _Div_16x16_S
  _Div_8x8_S
  _SDIV3232L
  _COMFREM
  _Div_32x32_S
  _Div_32x32_U
  _Mul_32x32_U
  _Mul_32x32_S
  SETFOV32EEE
  SETFUN32EEE
  NORM3232
  JPNRES032
  JPNSETFUN32
  NORM3232A
  JMPNFIXSIGN32
  NORM32EEE
  NRMRND4032
  NRM4032
  JMPSETFOV32
  NORM4032
  JMPRES032
  JMPSETFUN32
  NORM4032A
  JMPFIXSIGN32
  NRM4032EEE
  USEA32
  JMPEEE
  ALIGNED32
  ALIGNB32
  ALOOPB32
  AOK32
  ACOMP32
  JMPNRMRND4032
  ADD_JMPSETFOV32
  JMPNRM4032
  JMPNRM32
  ADD32EEE
  FPM32
  JPMRES032
  M32BNE0
  MTUN32
  JPMSETFOV32
  MOK32
  JPMSETFUN32
  MLOOP32
  MNOADD32
  MADD32
  MROUND32
  MUL32OK
  MUL32EEE
  L_Div_32x32_FP7
  L_Div_32x32_FP8
  L_Div_32x32_FP9
  L_Div_32x32_FP10
  FPD32
  JPDSETFDZ32
  JPDRES032
  D32BNE0
  TALIGN32
  TS1ALIGN32
  TS2ALIGN32
  DALIGN32OK
  ALTB32
  AGEB32
  JPDSETFOV32
  DARGOK32
  JPDSETFUN32
  DLOOP32
  DS132
  DS232
  DREST32
  DOK32
  DAREST32
  DROUND32
  DIV32OK
  DIV32EEE
  SETIOV3224EEE
  INT3232U
  INT3232UEOK
  SETEXP32U
  SETIOV32U
  TSHIFT3232U
  SHIFT3232UOK
  SHIFT3232U
  INT3232UOK
  JPLSETIOV3224
  IRES032U
  INT3232UEER
  INT3232UEEE
  L_Double2Longword_0
  INT3232
  INT3232EOK
  SETIOV32
  TSHIFT3232
  SHIFT3232OK
  SHIFT3232
  INT3232OK
  JPISETIOV3224
  IRES032
  INT3232EER
  INT3232EEE
  L_Double2Longint_0
  INT3216
  IRES016
  SETIOV16
  TSHIFT3216
  SHIFT3216OK
  SHIFT3216
  INT3216OK
  JPJSETIOV3224
  INT3216EOK
  INT3216EER
  INT3216EEE
  L_Double2Int_0
  INT3216U
  IRES016U
  SETEXP16U
  SETIOV16U
  TSHIFT3216U
  SHIFT3216UOK
  SHIFT3216U
  INT3216UOK
  JPKSETIOV3224
  INT3216UEOK
  INT3216UEER
  INT3216UEEE
  L_Double2Word_0
  INT32U08
  IRES008
  SETEXP08
  SETIOV08
  TSHIFT3208
  SHIFT3208OK
  SHIFT3208
  INT3208OK
  D2B_JPKSETIOV3224
  INT3208EOK
  INT3208EER
  INT3208EEE
  L_Double2Byte_0
  FLO08U32
  FLO1632
  FLO1632EEE
  FLO16U32
  FLO3232
  FLO3232EEE
  FLO32U32
  EQU_FALSE
  COMPARE_EQU
  COMPARE_NOTZERO
  COMPARE_XNOTZERO
  COMPARE_YNOTZERO
  COMPARE_LT
  COMPARE_GT
  COMPARE_TESTALL
  COMPARE_C1
  GT_FALSE
  GT_TRUE
  COMPARE_C2
  COMPARE_C3
  _SETFOV32
  _SETFDZ32
  _FIXSIGN32
  _RES032
  _SETFUN32
  _NRM3232
  _NRM4032
  _Add_32x32_FP
  _Sub_32x32_FP
  _Mul_32x32_FP
  _Div_32x32_FP
  _SETIOV3224
  _Double2Longword
  _Double2Longint
  _Double2Int
  _Double2Word
  _Double2Byte
  _Byte2Double
  _Int2Double
  _Word2Double
  _Longint2Double
  _Longword2Double
  _Equals_Double
  _Compare_Double
  _PWM2_Init
  _PWM2_Set_Duty
  L__PWM2_Set_Duty0
  L__PWM2_Set_Duty1
  L__PWM2_Set_Duty2
  L__PWM2_Set_Duty3
  _PWM2_Start
  _PWM2_Stop
  _PWM1_Init
  _PWM1_Set_Duty
  L__PWM1_Set_Duty4
  L__PWM1_Set_Duty5
  L__PWM1_Set_Duty6
  L__PWM1_Set_Duty7
  _PWM1_Start
  _PWM1_Stop
  _CC2D_Loop1
  _____DoICP
  _____DoIFC
  ___CC2DW
  _Swap
